customer_id,customer_name,email,country,signup_date,customer_segment,lifetime_value
1,Maria Garcia,maria.garcia.1@mail.example.com,France,2021-09-04,Basic,98.50
2,Chen Patel,chen.patel.2@mail.example.com,Canada,2020-12-01,Basic,709.63
3,Arjun Garcia,arjun.garcia.3@shopmail.io,United Kingdom,2023-03-08,Premium,192.57
4,Maria Khan,maria.khan.4@shopmail.io,India,2022-03-05,Basic,401.74
5,Priya Lee,priya.lee.5@mail.example.com,United States,2018-09-22,Basic,61.60
6,Aisha Dubois,aisha.dubois.6@customer.co,United Kingdom,2018-06-24,Standard,390.52
7,Emma Smith,emma.smith.7@inbox.net,Netherlands,2018-05-01,Premium,432.10
8,Noah Lee,noah.lee.8@customer.co,Canada,2023-01-01,Standard,27.49
9,Mia Garcia,mia.garcia.9@customer.co,Netherlands,2022-08-15,Premium,303.95
10,Mia Taylor,mia.taylor.10@inbox.net,France,2025-03-17,Standard,97.80
11,Mia Khan,mia.khan.11@mail.example.com,India,2022-01-10,Standard,606.12
12,Emma Taylor,emma.taylor.12@customer.co,India,2021-01-12,Basic,149.48
13,Chen Smith,chen.smith.13@mail.example.com,France,2024-06-16,Standard,328.16
14,Arjun Khan,arjun.khan.14@customer.co,Australia,2024-08-20,Standard,136.11
15,James Martin,james.martin.15@shopmail.io,Netherlands,2024-01-30,Basic,999.78
16,Liam Garcia,liam.garcia.16@shopmail.io,United States,2023-11-27,Standard,117.59
17,Emma Smith,emma.smith.17@customer.co,Germany,2021-08-18,Standard,549.65
18,James Smith,james.smith.18@mail.example.com,Spain,2022-02-03,Premium,339.44
19,Maria Nguyen,maria.nguyen.19@customer.co,Canada,2021-08-14,Basic,418.85
20,Chen Garcia,chen.garcia.20@inbox.net,Australia,2019-12-15,Basic,192.45
21,Lucas Taylor,lucas.taylor.21@shopmail.io,India,2021-06-10,Standard,97.12
22,Lucas Martin,lucas.martin.22@mail.example.com,Germany,2024-10-03,Standard,468.26
23,Sofia Dubois,sofia.dubois.23@mail.example.com,Netherlands,2019-07-31,Basic,373.98
24,Sofia Martin,sofia.martin.24@mail.example.com,Australia,2023-01-04,Premium,179.66
25,James Mueller,james.mueller.25@mail.example.com,United States,2018-07-17,Standard,368.03
26,Noah Singh,noah.singh.26@inbox.net,United Kingdom,2023-05-18,Basic,240.98
27,Isabella Wilson,isabella.wilson.27@inbox.net,United Kingdom,2018-05-17,Standard,386.70
28,Liam Smith,liam.smith.28@mail.example.com,Spain,2019-01-17,Standard,118.52
29,Sofia Rossi,sofia.rossi.29@inbox.net,Germany,2018-08-08,Basic,186.40
30,Maria Nguyen,maria.nguyen.30@customer.co,Canada,2021-05-03,Standard,60.03
31,Aisha Patel,aisha.patel.31@shopmail.io,United States,2022-01-17,Premium,452.62
32,James Brown,james.brown.32@inbox.net,France,2019-02-02,Premium,800.86
33,James Kim,james.kim.33@mail.example.com,Canada,2022-06-17,Premium,179.25
34,Emma Singh,emma.singh.34@inbox.net,Germany,2022-02-28,Basic,99.43
35,Mia Brown,mia.brown.35@inbox.net,Canada,2020-07-15,Standard,221.18
36,Arjun Mueller,arjun.mueller.36@mail.example.com,United Kingdom,2025-06-29,Standard,50.53
37,Sofia Khan,sofia.khan.37@inbox.net,Spain,2023-04-29,Standard,388.42
38,Ethan Dubois,ethan.dubois.38@mail.example.com,Spain,2024-05-28,Standard,155.07
39,Mia Taylor,mia.taylor.39@mail.example.com,Netherlands,2019-12-10,Basic,464.82
40,Chen Kim,chen.kim.40@inbox.net,France,2025-01-13,Basic,100.51
41,Chen Wilson,chen.wilson.41@mail.example.com,United Kingdom,2022-05-09,Standard,98.84
42,Olivia Brown,olivia.brown.42@mail.example.com,Italy,2024-08-03,Standard,677.90
43,Olivia Khan,olivia.khan.43@mail.example.com,United Kingdom,2024-04-23,Standard,213.18
44,Isabella Patel,isabella.patel.44@inbox.net,Italy,2024-10-30,Basic,495.12
45,Emma Smith,emma.smith.45@inbox.net,United States,2022-06-10,Premium,172.64
46,Mia Dubois,mia.dubois.46@customer.co,Australia,2018-03-24,Standard,59.35
47,Sofia Wilson,sofia.wilson.47@mail.example.com,France,2019-07-05,Basic,46.95
48,Liam Martin,liam.martin.48@inbox.net,Italy,2025-03-29,Standard,451.27
49,Maria Kim,maria.kim.49@inbox.net,Spain,2022-03-12,Standard,637.22
50,Arjun Smith,arjun.smith.50@inbox.net,Germany,2023-11-18,Standard,124.04
51,Mia Rossi,mia.rossi.51@inbox.net,United States,2022-01-16,Premium,453.15
52,Lucas Kim,lucas.kim.52@mail.example.com,United States,2020-09-17,Standard,600.15
53,Sofia Singh,sofia.singh.53@shopmail.io,Canada,2019-01-06,Standard,293.94
54,Liam Smith,liam.smith.54@shopmail.io,France,2025-04-05,Standard,82.97
55,Aisha Lee,aisha.lee.55@mail.example.com,Netherlands,2019-06-26,Standard,375.19
56,Priya Garcia,priya.garcia.56@customer.co,India,2022-03-23,Standard,447.13
57,Arjun Nguyen,arjun.nguyen.57@inbox.net,Italy,2019-02-24,Standard,140.59
58,James Taylor,james.taylor.58@customer.co,Canada,2019-03-19,Basic,301.16
59,Emma Patel,emma.patel.59@customer.co,Canada,2025-05-11,Standard,155.31
60,Lucas Dubois,lucas.dubois.60@shopmail.io,United States,2024-09-23,Standard,100.88
61,Noah Lee,noah.lee.61@inbox.net,India,2022-05-10,Standard,243.44
62,Lucas Smith,lucas.smith.62@inbox.net,Australia,2023-09-09,Standard,115.48
63,Liam Wilson,liam.wilson.63@customer.co,United Kingdom,2023-04-13,Premium,399.28
64,Chen Martin,chen.martin.64@shopmail.io,Australia,2025-05-04,Standard,1458.18
65,Maria Kim,maria.kim.65@customer.co,Australia,2020-12-03,Standard,396.90
66,Ethan Mueller,ethan.mueller.66@mail.example.com,Netherlands,2020-03-07,Standard,379.74
67,Olivia Patel,olivia.patel.67@mail.example.com,Germany,2019-07-17,Basic,194.13
68,Aisha Nguyen,aisha.nguyen.68@inbox.net,Germany,2021-07-19,Standard,678.61
69,Arjun Martin,arjun.martin.69@shopmail.io,Australia,2025-02-11,Premium,103.33
70,James Smith,james.smith.70@shopmail.io,Netherlands,2018-12-27,Standard,42.05
71,Chen Rossi,chen.rossi.71@inbox.net,India,2018-01-20,Standard,206.51
72,James Taylor,james.taylor.72@customer.co,Spain,2020-02-20,Premium,205.07
73,James Lee,james.lee.73@customer.co,Canada,2019-06-13,Premium,370.32
74,Maria Brown,maria.brown.74@mail.example.com,Canada,2021-04-06,Standard,184.07
75,Emma Martin,emma.martin.75@shopmail.io,Australia,2023-07-01,Standard,259.42
76,Sofia Khan,sofia.khan.76@shopmail.io,France,2018-03-31,Premium,206.06
77,Ethan Taylor,ethan.taylor.77@mail.example.com,India,2025-03-07,Premium,144.90
78,Liam Khan,liam.khan.78@mail.example.com,United States,2019-04-20,Standard,464.82
79,Noah Singh,noah.singh.79@shopmail.io,France,2025-01-25,Standard,276.85
80,James Mueller,james.mueller.80@shopmail.io,India,2019-03-06,Standard,78.13
81,Olivia Martin,olivia.martin.81@inbox.net,France,2024-10-30,Standard,61.22
82,Aisha Khan,aisha.khan.82@inbox.net,Canada,2019-10-19,Standard,254.62
83,James Taylor,james.taylor.83@shopmail.io,United Kingdom,2023-09-27,Standard,982.46
84,Maria Martin,maria.martin.84@inbox.net,Canada,2020-12-17,Basic,1166.72
85,Emma Smith,emma.smith.85@customer.co,India,2019-04-20,Premium,57.47
86,Maria Wilson,maria.wilson.86@customer.co,Netherlands,2024-12-21,Basic,320.63
87,Liam Dubois,liam.dubois.87@mail.example.com,India,2022-06-28,Basic,187.55
88,Emma Mueller,emma.mueller.88@inbox.net,Germany,2019-04-09,Basic,403.23
89,Chen Martin,chen.martin.89@inbox.net,Germany,2024-11-08,Basic,231.56
90,Noah Khan,noah.khan.90@mail.example.com,United Kingdom,2020-12-07,Standard,99.25
91,Priya Nguyen,priya.nguyen.91@shopmail.io,Australia,2023-10-28,Premium,708.97
92,Olivia Martin,olivia.martin.92@shopmail.io,Netherlands,2021-11-17,Basic,47.37
93,Priya Lee,priya.lee.93@mail.example.com,Germany,2023-09-02,Standard,982.46
94,Arjun Singh,arjun.singh.94@customer.co,United States,2023-09-08,Basic,241.02
95,Aisha Taylor,aisha.taylor.95@inbox.net,Netherlands,2024-06-05,Standard,205.71
96,Emma Patel,emma.patel.96@inbox.net,United States,2019-02-25,Basic,225.33
97,Noah Brown,noah.brown.97@customer.co,Spain,2024-04-22,Premium,360.35
98,Aisha Lee,aisha.lee.98@mail.example.com,France,2023-02-05,Standard,646.01
99,Sofia Taylor,sofia.taylor.99@customer.co,Netherlands,2019-04-13,Basic,397.08
100,Maria Khan,maria.khan.100@customer.co,Spain,2023-11-09,Standard,84.82
101,Sofia Martin,sofia.martin.101@inbox.net,United Kingdom,2020-11-07,Premium,715.59
102,Ethan Kim,ethan.kim.102@inbox.net,France,2021-10-16,Premium,647.13
103,Maria Khan,maria.khan.103@inbox.net,Netherlands,2025-05-21,Standard,417.77
104,Ethan Taylor,ethan.taylor.104@mail.example.com,Spain,2022-11-08,Premium,243.86
105,Arjun Rossi,arjun.rossi.105@shopmail.io,Italy,2019-12-13,Standard,282.89
106,Lucas Wilson,lucas.wilson.106@customer.co,Spain,2022-04-25,Premium,166.19
107,Noah Rossi,noah.rossi.107@customer.co,Canada,2023-01-29,Basic,401.70
108,Isabella Garcia,isabella.garcia.108@customer.co,Spain,2021-07-09,Premium,844.73
109,Lucas Martin,lucas.martin.109@customer.co,Australia,2025-07-17,Basic,307.26
110,Chen Martin,chen.martin.110@customer.co,United Kingdom,2021-12-13,Standard,869.49
111,Olivia Singh,olivia.singh.111@customer.co,India,2018-02-22,Standard,2328.89
112,Olivia Patel,olivia.patel.112@shopmail.io,Canada,2019-10-22,Premium,55.91
113,Liam Lee,liam.lee.113@customer.co,France,2024-01-26,Standard,1102.56
114,James Nguyen,james.nguyen.114@shopmail.io,Spain,2021-03-24,Basic,522.34
115,Lucas Lee,lucas.lee.115@customer.co,Spain,2018-08-09,Premium,185.20
116,James Martin,james.martin.116@inbox.net,France,2025-02-08,Standard,520.75
117,Lucas Martin,lucas.martin.117@shopmail.io,France,2021-04-19,Standard,529.65
118,Emma Garcia,emma.garcia.118@mail.example.com,India,2021-02-17,Basic,352.96
119,Olivia Mueller,olivia.mueller.119@customer.co,Netherlands,2019-09-27,Premium,285.64
120,James Garcia,james.garcia.120@customer.co,Netherlands,2024-06-03,Basic,440.29
121,Olivia Nguyen,olivia.nguyen.121@shopmail.io,Spain,2018-10-07,Premium,446.11
122,Isabella Taylor,isabella.taylor.122@customer.co,France,2020-05-23,Premium,270.18
123,Priya Nguyen,priya.nguyen.123@mail.example.com,United Kingdom,2025-07-02,Standard,333.32
124,Sofia Singh,sofia.singh.124@shopmail.io,United States,2025-08-27,Standard,2694.11
125,Mia Nguyen,mia.nguyen.125@customer.co,Spain,2021-03-04,Standard,387.03
126,James Dubois,james.dubois.126@inbox.net,Netherlands,2018-06-29,Standard,525.49
127,Liam Dubois,liam.dubois.127@mail.example.com,Germany,2024-01-13,Standard,187.03
128,Olivia Smith,olivia.smith.128@shopmail.io,India,2019-03-02,Standard,83.82
129,Aisha Taylor,aisha.taylor.129@mail.example.com,Germany,2018-04-08,Basic,150.65
130,Emma Martin,emma.martin.130@shopmail.io,Canada,2022-07-28,Standard,610.16
131,Noah Singh,noah.singh.131@mail.example.com,Spain,2018-01-25,Standard,222.85
132,Priya Martin,priya.martin.132@mail.example.com,Australia,2023-08-22,Standard,571.19
133,Maria Mueller,maria.mueller.133@inbox.net,India,2022-06-07,Basic,181.55
134,Arjun Lee,arjun.lee.134@inbox.net,Spain,2021-04-23,Premium,133.67
135,Priya Garcia,priya.garcia.135@mail.example.com,Spain,2024-03-23,Standard,1023.73
136,Chen Patel,chen.patel.136@mail.example.com,Canada,2020-05-10,Premium,288.50
137,Lucas Martin,lucas.martin.137@shopmail.io,Germany,2020-01-24,Basic,169.89
138,Aisha Rossi,aisha.rossi.138@mail.example.com,Spain,2023-03-05,Basic,146.58
139,Priya Taylor,priya.taylor.139@shopmail.io,Italy,2023-06-19,Premium,335.11
140,Sofia Nguyen,sofia.nguyen.140@mail.example.com,France,2021-07-25,Premium,310.16
141,Emma Singh,emma.singh.141@shopmail.io,Italy,2024-05-10,Standard,499.57
142,Sofia Khan,sofia.khan.142@shopmail.io,France,2025-03-09,Standard,221.66
143,Noah Mueller,noah.mueller.143@customer.co,Canada,2023-06-18,Basic,642.58
144,Olivia Patel,olivia.patel.144@shopmail.io,Spain,2020-03-15,Premium,617.07
145,Liam Martin,liam.martin.145@mail.example.com,Italy,2024-06-29,Basic,64.04
146,Noah Khan,noah.khan.146@inbox.net,Germany,2022-02-07,Standard,848.58
147,Noah Kim,noah.kim.147@shopmail.io,Netherlands,2023-08-15,Basic,578.78
148,Olivia Patel,olivia.patel.148@shopmail.io,Spain,2019-07-29,Standard,246.86
149,Emma Garcia,emma.garcia.149@shopmail.io,Netherlands,2020-08-07,Premium,236.20
150,Maria Mueller,maria.mueller.150@inbox.net,Netherlands,2018-07-10,Standard,587.60
151,James Lee,james.lee.151@customer.co,Canada,2024-06-28,Standard,438.87
152,Olivia Rossi,olivia.rossi.152@mail.example.com,Spain,2020-10-27,Premium,341.14
153,Noah Dubois,noah.dubois.153@customer.co,Netherlands,2023-05-29,Standard,120.66
154,Mia Rossi,mia.rossi.154@shopmail.io,United Kingdom,2023-10-09,Premium,623.97
155,Priya Mueller,priya.mueller.155@mail.example.com,France,2022-08-26,Standard,124.74
156,Isabella Nguyen,isabella.nguyen.156@shopmail.io,Italy,2019-10-23,Basic,233.07
157,Priya Wilson,priya.wilson.157@shopmail.io,Germany,2025-01-22,Standard,163.47
158,Olivia Smith,olivia.smith.158@shopmail.io,Spain,2022-07-19,Basic,136.82
159,Ethan Rossi,ethan.rossi.159@inbox.net,Netherlands,2019-11-30,Standard,91.06
160,Aisha Wilson,aisha.wilson.160@shopmail.io,Italy,2025-05-25,Standard,75.57
161,Olivia Mueller,olivia.mueller.161@inbox.net,India,2019-06-26,Premium,282.11
162,Maria Smith,maria.smith.162@inbox.net,Germany,2024-10-16,Standard,662.29
163,Maria Garcia,maria.garcia.163@mail.example.com,United Kingdom,2023-05-30,Standard,288.27
164,Priya Garcia,priya.garcia.164@inbox.net,Spain,2022-09-20,Basic,258.26
165,Sofia Wilson,sofia.wilson.165@inbox.net,India,2021-12-06,Premium,258.04
166,Ethan Khan,ethan.khan.166@mail.example.com,India,2019-07-03,Basic,799.10
167,Liam Singh,liam.singh.167@customer.co,France,2018-01-23,Basic,328.87
168,Lucas Martin,lucas.martin.168@mail.example.com,India,2025-05-05,Basic,276.26
169,Aisha Martin,aisha.martin.169@inbox.net,Italy,2020-11-04,Basic,212.72
170,Liam Wilson,liam.wilson.170@inbox.net,France,2022-08-20,Standard,307.56
171,Olivia Khan,olivia.khan.171@inbox.net,Canada,2021-06-10,Standard,90.01
172,Ethan Nguyen,ethan.nguyen.172@mail.example.com,France,2023-01-04,Basic,208.05
173,Isabella Martin,isabella.martin.173@customer.co,Spain,2024-11-20,Basic,80.17
174,Lucas Lee,lucas.lee.174@shopmail.io,Australia,2018-11-24,Basic,222.57
175,Ethan Smith,ethan.smith.175@customer.co,Italy,2018-08-24,Basic,656.02
176,Isabella Wilson,isabella.wilson.176@customer.co,France,2018-05-18,Premium,242.79
177,Isabella Rossi,isabella.rossi.177@mail.example.com,Australia,2020-09-06,Standard,496.59
178,Priya Smith,priya.smith.178@inbox.net,Australia,2025-07-05,Basic,111.82
179,Noah Brown,noah.brown.179@mail.example.com,United Kingdom,2024-03-01,Standard,268.42
180,Liam Martin,liam.martin.180@customer.co,France,2024-10-19,Basic,586.22
181,Aisha Singh,aisha.singh.181@inbox.net,Spain,2019-03-13,Basic,281.22
182,Olivia Patel,olivia.patel.182@customer.co,Spain,2024-06-12,Standard,190.81
183,Liam Martin,liam.martin.183@shopmail.io,Australia,2023-02-23,Standard,176.50
184,Priya Singh,priya.singh.184@customer.co,United Kingdom,2022-04-17,Basic,638.49
185,Priya Khan,priya.khan.185@customer.co,India,2021-12-17,Basic,335.39
186,Olivia Taylor,olivia.taylor.186@mail.example.com,India,2025-07-22,Premium,448.74
187,Lucas Wilson,lucas.wilson.187@customer.co,Australia,2020-06-14,Standard,268.04
188,Mia Rossi,mia.rossi.188@shopmail.io,France,2020-09-18,Standard,752.15
189,Arjun Mueller,arjun.mueller.189@customer.co,Germany,2019-03-13,Standard,142.07
190,Maria Dubois,maria.dubois.190@mail.example.com,Spain,2018-06-23,Premium,839.63
191,Arjun Singh,arjun.singh.191@customer.co,Netherlands,2020-01-20,Standard,836.23
192,Isabella Dubois,isabella.dubois.192@shopmail.io,United States,2023-11-24,Standard,139.63
193,Isabella Brown,isabella.brown.193@inbox.net,Germany,2023-02-16,Standard,273.82
194,Maria Martin,maria.martin.194@mail.example.com,Australia,2022-01-21,Standard,359.62
195,Ethan Wilson,ethan.wilson.195@inbox.net,Italy,2021-11-06,Standard,267.03
196,Sofia Garcia,sofia.garcia.196@customer.co,Australia,2022-06-29,Standard,64.88
197,Liam Singh,liam.singh.197@shopmail.io,United Kingdom,2021-01-10,Premium,74.17
198,Isabella Kim,isabella.kim.198@shopmail.io,Netherlands,2018-02-09,Standard,449.56
199,Chen Brown,chen.brown.199@inbox.net,Canada,2020-10-24,Standard,266.01
200,Olivia Wilson,olivia.wilson.200@mail.example.com,France,2020-11-07,Standard,155.93
201,Emma Wilson,,Australia,2024-04-14,Standard,220.65
202,Olivia Dubois,,Italy,2020-03-25,Basic,170.10
203,Ethan Rossi,,Australia,2021-08-24,Standard,3157.43
204,Priya Taylor,,Germany,2025-03-08,Standard,194.66
205,Isabella Dubois,,United Kingdom,2019-10-26,Standard,372.63
206,Sofia Kim,,Canada,2022-12-28,Standard,505.33
207,Isabella Wilson,,India,2019-11-17,Basic,497.79
208,Chen Wilson,,France,2019-11-15,Premium,617.03
209,Noah Patel,,United States,2022-06-15,Premium,763.49
210,Olivia Khan,,India,2021-06-21,Basic,58.95
211,Aisha Kim,,United States,2018-05-24,Basic,223.79
212,Priya Nguyen,,Spain,2022-12-28,Basic,154.79
213,Chen Martin,,Spain,2025-03-05,Standard,307.78
214,Priya Taylor,,Netherlands,2021-06-15,Standard,155.14
215,Sofia Brown,,Netherlands,2023-05-09,Standard,163.43
216,Liam Smith,,Spain,2022-03-11,Basic,675.01
217,Aisha Brown,,India,2020-06-22,Basic,218.09
218,Liam Patel,,Canada,2025-04-10,Standard,53.62
219,Lucas Taylor,,Germany,2021-04-01,Basic,108.22
220,Maria Lee,,France,2021-08-06,Standard,197.07
221,James Garcia,,Canada,2021-01-07,Premium,259.55
222,Chen Martin,,Australia,2023-03-15,Standard,146.81
223,Lucas Khan,,United Kingdom,2024-02-03,Premium,126.19
224,Emma Garcia,,India,2022-12-20,Premium,408.74
225,Aisha Martin,,Spain,2025-06-20,Basic,51.43
226,Aisha Singh,,Canada,2023-05-26,Standard,43.64
227,Priya Mueller,,Australia,2018-03-03,Premium,158.12
228,Chen Khan,,Australia,2019-01-02,Standard,513.59
229,Aisha Garcia,,United States,2021-12-27,Standard,359.87
230,Priya Garcia,,Australia,2024-04-06,Basic,386.68
231,Isabella Lee,,United States,2022-03-28,Basic,516.49
232,Sofia Martin,,Spain,2021-04-22,Premium,708.41
233,Olivia Martin,,Netherlands,2021-02-01,Standard,299.04
234,Arjun Wilson,,Netherlands,2021-04-26,Standard,441.13
235,Arjun Mueller,,Germany,2018-03-18,Standard,184.70
236,Ethan Wilson,,Spain,2022-05-07,Standard,311.95
237,Aisha Taylor,,Australia,2022-08-06,Standard,376.59
238,Priya Nguyen,,Germany,2018-05-09,Premium,253.18
239,Aisha Patel,,Netherlands,2023-11-24,Standard,67.78
240,Ethan Martin,,United States,2020-05-04,Standard,110.59
241,Priya Singh,,Australia,2024-04-04,Basic,576.38
242,Lucas Dubois,,Spain,2018-06-16,Standard,132.12
243,Lucas Patel,,United Kingdom,2020-08-04,Basic,116.89
244,Olivia Brown,,Spain,2024-04-05,Premium,256.69
245,Noah Martin,,India,2019-03-03,Premium,329.09
246,Chen Khan,,Spain,2024-09-23,Premium,199.55
247,Emma Dubois,,Australia,2024-10-28,Standard,166.83
248,Aisha Rossi,,Australia,2023-01-28,Standard,167.13
249,Emma Brown,,Spain,2019-07-08,Premium,100.23
250,Mia Mueller,,Spain,2023-09-26,Premium,80.49
251,Olivia Rossi,olivia.rossi.251@customer.co,Italy,2020-10-20,Basic,194.43
252,Aisha Mueller,aisha.mueller.252@shopmail.io,United Kingdom,2021-08-22,Basic,96.24
253,Isabella Singh,isabella.singh.253@mail.example.com,Italy,2025-03-15,Premium,1032.84
254,Liam Smith,liam.smith.254@mail.example.com,Australia,2021-11-26,Basic,274.13
255,Mia Wilson,mia.wilson.255@mail.example.com,India,2018-08-10,Standard,1064.97
256,Liam Taylor,liam.taylor.256@shopmail.io,Germany,2018-07-26,Premium,260.98
257,Priya Martin,priya.martin.257@inbox.net,Canada,2022-06-04,Basic,274.10
258,Chen Garcia,chen.garcia.258@inbox.net,Canada,2018-12-15,Standard,214.84
259,Noah Taylor,noah.taylor.259@inbox.net,Spain,2020-03-22,Standard,765.99
260,Emma Brown,emma.brown.260@shopmail.io,France,2018-10-21,Standard,82.59
261,Liam Khan,liam.khan.261@mail.example.com,India,2022-10-01,Standard,444.96
262,Sofia Nguyen,sofia.nguyen.262@customer.co,Germany,2021-12-03,Premium,131.73
263,Ethan Wilson,ethan.wilson.263@mail.example.com,France,2020-03-28,Basic,222.99
264,Priya Nguyen,priya.nguyen.264@mail.example.com,France,2024-12-18,Premium,344.82
265,Mia Garcia,mia.garcia.265@inbox.net,Netherlands,2018-04-04,Basic,330.06
266,Sofia Kim,sofia.kim.266@customer.co,Spain,2023-06-02,Basic,102.33
267,Ethan Martin,ethan.martin.267@inbox.net,Italy,2025-06-10,Basic,548.41
268,Olivia Smith,olivia.smith.268@customer.co,United States,2023-03-20,Standard,114.97
269,Priya Smith,priya.smith.269@customer.co,United Kingdom,2018-03-20,Premium,470.16
270,Liam Wilson,liam.wilson.270@customer.co,Netherlands,2024-09-11,Basic,254.77
271,Olivia Patel,olivia.patel.271@mail.example.com,United States,2020-10-10,Premium,245.10
272,Mia Taylor,mia.taylor.272@mail.example.com,Australia,2021-12-12,Standard,231.82
273,Sofia Lee,sofia.lee.273@customer.co,India,2018-05-01,Standard,176.28
274,Olivia Mueller,olivia.mueller.274@shopmail.io,United Kingdom,2022-04-15,Standard,171.12
275,Olivia Lee,olivia.lee.275@shopmail.io,Italy,2019-09-18,Standard,305.82
276,Noah Mueller,noah.mueller.276@shopmail.io,Germany,2024-07-07,Basic,146.67
277,Olivia Lee,olivia.lee.277@shopmail.io,India,2019-08-18,Basic,502.78
278,Priya Dubois,priya.dubois.278@shopmail.io,Australia,2019-08-20,Standard,287.50
279,Lucas Smith,lucas.smith.279@inbox.net,Canada,2022-12-20,Basic,596.06
280,Lucas Dubois,lucas.dubois.280@shopmail.io,France,2019-03-14,Basic,501.58
281,Chen Garcia,chen.garcia.281@shopmail.io,France,2018-04-17,Premium,355.63
282,Sofia Patel,sofia.patel.282@inbox.net,Australia,2020-01-24,Standard,229.40
283,Arjun Brown,arjun.brown.283@mail.example.com,India,2018-03-03,Standard,132.07
284,Mia Mueller,mia.mueller.284@shopmail.io,France,2018-09-28,Basic,76.82
285,Chen Dubois,chen.dubois.285@customer.co,Netherlands,2020-10-07,Basic,196.84
286,Noah Brown,noah.brown.286@customer.co,India,2024-11-09,Basic,568.61
287,Lucas Rossi,lucas.rossi.287@mail.example.com,Spain,2019-03-24,Standard,323.36
288,Emma Singh,emma.singh.288@mail.example.com,Spain,2022-05-06,Basic,255.31
289,Olivia Khan,olivia.khan.289@inbox.net,Canada,2021-03-17,Standard,102.24
290,Emma Garcia,emma.garcia.290@shopmail.io,Netherlands,2025-03-31,Standard,288.36
291,Emma Patel,emma.patel.291@inbox.net,United States,2020-01-03,Basic,104.22
292,Emma Rossi,emma.rossi.292@shopmail.io,United Kingdom,2019-01-09,Basic,106.47
293,Maria Martin,maria.martin.293@inbox.net,Spain,2024-11-12,Standard,164.84
294,Chen Brown,chen.brown.294@shopmail.io,Germany,2019-08-16,Standard,42.20
295,Chen Khan,chen.khan.295@inbox.net,Canada,2025-01-09,Basic,208.55
296,Chen Patel,chen.patel.296@mail.example.com,Italy,2023-07-15,Basic,243.11
297,Aisha Kim,aisha.kim.297@mail.example.com,Italy,2024-09-24,Standard,231.25
298,James Kim,james.kim.298@shopmail.io,United States,2020-01-28,Basic,107.77
299,Chen Smith,chen.smith.299@customer.co,Australia,2018-12-26,Standard,1007.15
300,James Patel,james.patel.300@shopmail.io,Netherlands,2024-06-29,Standard,63.65
301,Sofia Dubois,sofia.dubois.301@inbox.net,United Kingdom,2022-10-17,Premium,421.65
302,Arjun Taylor,arjun.taylor.302@customer.co,Australia,2023-11-29,Premium,233.78
303,Noah Taylor,noah.taylor.303@customer.co,India,2024-10-29,Standard,255.58
304,Arjun Nguyen,arjun.nguyen.304@shopmail.io,Italy,2024-04-23,Standard,321.73
305,Emma Taylor,emma.taylor.305@shopmail.io,Canada,2020-03-03,Basic,240.77
306,James Patel,james.patel.306@shopmail.io,Italy,2022-08-26,Premium,297.44
307,Noah Smith,noah.smith.307@mail.example.com,France,2021-02-27,Standard,307.58
308,Liam Khan,liam.khan.308@mail.example.com,United Kingdom,2021-09-27,Premium,133.07
309,Sofia Brown,sofia.brown.309@shopmail.io,France,2021-09-15,Basic,288.29
310,Arjun Nguyen,arjun.nguyen.310@mail.example.com,Germany,2023-05-27,Basic,231.70
311,Chen Lee,chen.lee.311@mail.example.com,Spain,2021-05-11,Standard,185.46
312,Ethan Martin,ethan.martin.312@customer.co,Australia,2018-09-29,Standard,264.32
313,Chen Mueller,chen.mueller.313@shopmail.io,Italy,2024-10-16,Basic,171.86
314,Noah Garcia,noah.garcia.314@mail.example.com,Canada,2022-08-23,Standard,369.06
315,Maria Singh,maria.singh.315@customer.co,France,2023-11-21,Basic,87.06
316,Liam Garcia,liam.garcia.316@mail.example.com,Netherlands,2023-09-04,Premium,1422.09
317,James Khan,james.khan.317@inbox.net,Spain,2021-06-25,Standard,244.71
318,Isabella Nguyen,isabella.nguyen.318@mail.example.com,United States,2021-06-27,Premium,201.39
319,Mia Smith,mia.smith.319@inbox.net,United States,2019-02-27,Standard,281.95
320,Olivia Khan,olivia.khan.320@customer.co,France,2021-08-07,Standard,133.06
321,Aisha Kim,aisha.kim.321@mail.example.com,Canada,2019-09-04,Standard,297.36
322,Chen Mueller,chen.mueller.322@mail.example.com,France,2024-02-01,Premium,1020.74
323,Sofia Taylor,sofia.taylor.323@customer.co,Italy,2020-09-29,Standard,46.34
324,Chen Patel,chen.patel.324@mail.example.com,Germany,2018-04-29,Standard,789.77
325,Emma Dubois,emma.dubois.325@inbox.net,Italy,2021-12-27,Standard,216.39
326,Liam Nguyen,liam.nguyen.326@mail.example.com,Netherlands,2024-05-14,Basic,594.52
327,Chen Patel,chen.patel.327@inbox.net,Canada,2025-03-24,Basic,722.89
328,Lucas Khan,lucas.khan.328@customer.co,Australia,2022-05-25,Standard,152.26
329,Chen Martin,chen.martin.329@customer.co,Netherlands,2023-06-20,Basic,45.94
330,James Patel,james.patel.330@shopmail.io,Canada,2021-11-28,Standard,167.60
331,Ethan Rossi,ethan.rossi.331@mail.example.com,Canada,2023-12-23,Premium,447.71
332,Emma Brown,emma.brown.332@shopmail.io,Netherlands,2022-04-22,Standard,152.26
333,Maria Nguyen,maria.nguyen.333@inbox.net,Italy,2021-11-02,Standard,390.80
334,Olivia Martin,olivia.martin.334@inbox.net,United Kingdom,2024-08-22,Standard,311.69
335,Ethan Singh,ethan.singh.335@customer.co,India,2018-10-13,Standard,90.44
336,Ethan Patel,ethan.patel.336@customer.co,Netherlands,2025-03-26,Standard,510.05
337,Priya Smith,priya.smith.337@mail.example.com,Germany,2025-05-30,Premium,1119.89
338,Chen Singh,chen.singh.338@shopmail.io,France,2025-08-23,Standard,171.10
339,Mia Nguyen,mia.nguyen.339@inbox.net,Australia,2019-01-01,Standard,863.21
340,Ethan Smith,ethan.smith.340@customer.co,United States,2022-02-21,Standard,268.78
341,Mia Taylor,mia.taylor.341@customer.co,India,2022-07-22,Basic,194.68
342,Noah Brown,noah.brown.342@shopmail.io,Spain,2022-04-25,Standard,374.15
343,Arjun Dubois,arjun.dubois.343@shopmail.io,Germany,2018-02-17,Standard,208.59
344,Maria Lee,maria.lee.344@inbox.net,Germany,2018-12-13,Premium,442.22
345,Chen Lee,chen.lee.345@inbox.net,Spain,2023-01-18,Basic,333.63
346,Noah Nguyen,noah.nguyen.346@inbox.net,France,2023-08-18,Standard,220.52
347,Liam Brown,liam.brown.347@mail.example.com,Italy,2023-06-03,Basic,272.71
348,Lucas Nguyen,lucas.nguyen.348@shopmail.io,Spain,2021-02-18,Premium,225.45
349,Emma Taylor,emma.taylor.349@mail.example.com,Spain,2024-07-02,Premium,211.38
350,Liam Rossi,liam.rossi.350@inbox.net,Netherlands,2023-10-01,Premium,92.80
351,Mia Singh,mia.singh.351@customer.co,Canada,2019-11-18,Standard,171.17
352,James Martin,james.martin.352@customer.co,United States,2025-01-21,Basic,857.29
353,Emma Rossi,emma.rossi.353@customer.co,Netherlands,2018-12-04,Premium,756.30
354,Chen Taylor,chen.taylor.354@customer.co,Canada,2020-11-18,Premium,411.86
355,James Martin,james.martin.355@shopmail.io,Netherlands,2022-02-23,Premium,81.95
356,Isabella Garcia,isabella.garcia.356@mail.example.com,Australia,2018-12-12,Standard,417.78
357,Chen Rossi,chen.rossi.357@inbox.net,India,2020-09-01,Basic,95.42
358,Priya Singh,priya.singh.358@customer.co,United States,2025-03-15,Basic,82.98
359,Liam Khan,liam.khan.359@inbox.net,Canada,2023-05-05,Basic,77.81
360,Lucas Khan,lucas.khan.360@inbox.net,Netherlands,2020-12-11,Basic,77.10
361,Chen Taylor,chen.taylor.361@mail.example.com,United Kingdom,2023-12-17,Basic,196.67
362,Priya Nguyen,priya.nguyen.362@customer.co,Australia,2021-01-12,Basic,78.08
363,Liam Khan,liam.khan.363@shopmail.io,Italy,2020-03-09,Premium,346.51
364,Olivia Nguyen,olivia.nguyen.364@mail.example.com,Netherlands,2021-12-10,Standard,89.38
365,Aisha Martin,aisha.martin.365@mail.example.com,United Kingdom,2018-12-20,Standard,903.46
366,Arjun Rossi,arjun.rossi.366@shopmail.io,United Kingdom,2020-01-25,Premium,2088.48
367,Liam Mueller,liam.mueller.367@inbox.net,Australia,2020-11-20,Standard,545.49
368,Chen Khan,chen.khan.368@customer.co,United States,2020-11-23,Premium,453.13
369,Arjun Mueller,arjun.mueller.369@inbox.net,United Kingdom,2019-08-13,Premium,124.41
370,Olivia Khan,olivia.khan.370@inbox.net,Canada,2019-02-28,Standard,291.49
371,James Patel,james.patel.371@mail.example.com,Netherlands,2019-09-02,Premium,994.15
372,Priya Lee,priya.lee.372@shopmail.io,Australia,2022-05-22,Premium,86.43
373,Ethan Smith,ethan.smith.373@inbox.net,India,2018-10-15,Standard,800.62
374,Olivia Kim,olivia.kim.374@customer.co,Australia,2025-08-24,Premium,231.16
375,Liam Brown,liam.brown.375@customer.co,United Kingdom,2023-02-26,Premium,69.41
376,Isabella Khan,isabella.khan.376@inbox.net,France,2021-05-09,Standard,98.05
377,Lucas Brown,lucas.brown.377@mail.example.com,Netherlands,2020-02-16,Basic,323.69
378,Chen Smith,chen.smith.378@inbox.net,India,2018-09-16,Premium,513.31
379,Isabella Taylor,isabella.taylor.379@inbox.net,United States,2018-06-01,Standard,241.68
380,Sofia Smith,sofia.smith.380@shopmail.io,Spain,2023-02-21,Standard,407.57
381,Priya Wilson,priya.wilson.381@mail.example.com,United States,2019-08-03,Basic,77.84
382,Emma Lee,emma.lee.382@shopmail.io,Germany,2018-02-28,Premium,1058.18
383,Chen Lee,chen.lee.383@inbox.net,Italy,2019-12-01,Premium,67.92
384,Arjun Rossi,arjun.rossi.384@shopmail.io,United Kingdom,2020-04-10,Premium,400.16
385,Noah Nguyen,noah.nguyen.385@shopmail.io,United States,2024-08-26,Basic,276.13
386,Chen Nguyen,chen.nguyen.386@shopmail.io,Australia,2024-03-16,Premium,68.04
387,Chen Singh,chen.singh.387@inbox.net,Germany,2018-03-06,Standard,278.62
388,Mia Singh,mia.singh.388@customer.co,India,2023-05-04,Premium,491.96
389,Lucas Garcia,lucas.garcia.389@inbox.net,France,2019-12-16,Standard,365.91
390,Ethan Martin,ethan.martin.390@mail.example.com,Canada,2021-11-25,Premium,101.68
391,Noah Smith,noah.smith.391@shopmail.io,Canada,2018-08-06,Standard,249.46
392,Aisha Patel,aisha.patel.392@mail.example.com,United States,2025-03-26,Basic,234.48
393,Sofia Mueller,sofia.mueller.393@inbox.net,United States,2019-03-04,Standard,100.44
394,Lucas Smith,lucas.smith.394@shopmail.io,Netherlands,2024-08-24,Basic,239.08
395,Ethan Nguyen,ethan.nguyen.395@shopmail.io,United Kingdom,2020-08-29,Standard,161.37
396,Lucas Brown,lucas.brown.396@inbox.net,Italy,2023-06-08,Basic,196.53
397,James Dubois,james.dubois.397@shopmail.io,India,2022-03-10,Standard,90.25
398,Chen Singh,chen.singh.398@mail.example.com,Canada,2019-07-14,Basic,153.20
399,Maria Wilson,maria.wilson.399@shopmail.io,Canada,2024-10-08,Standard,153.19
400,Chen Khan,chen.khan.400@shopmail.io,United Kingdom,2022-08-14,Basic,310.98
401,Arjun Taylor,arjun.taylor.401@inbox.net,France,2020-10-12,Standard,464.80
402,Sofia Brown,sofia.brown.402@shopmail.io,Italy,2018-01-21,Standard,913.49
403,Noah Smith,noah.smith.403@mail.example.com,India,2023-12-16,Premium,205.60
404,Noah Singh,noah.singh.404@inbox.net,France,2018-12-07,Basic,330.04
405,Olivia Khan,olivia.khan.405@mail.example.com,United States,2023-05-20,Premium,119.61
406,Priya Mueller,priya.mueller.406@mail.example.com,Netherlands,2023-03-15,Premium,214.85
407,Isabella Garcia,isabella.garcia.407@customer.co,Netherlands,2025-02-07,Basic,131.88
408,James Wilson,james.wilson.408@mail.example.com,Canada,2022-10-11,Standard,146.80
409,Isabella Mueller,isabella.mueller.409@shopmail.io,United Kingdom,2024-12-16,Standard,351.95
410,Mia Nguyen,mia.nguyen.410@mail.example.com,India,2022-02-06,Basic,2079.19
411,Emma Rossi,emma.rossi.411@mail.example.com,Spain,2020-04-18,Premium,145.33
412,Chen Nguyen,chen.nguyen.412@shopmail.io,France,2021-08-05,Standard,88.50
413,Sofia Dubois,sofia.dubois.413@mail.example.com,Australia,2021-11-15,Standard,344.53
414,Emma Singh,emma.singh.414@customer.co,Netherlands,2024-12-18,Standard,574.59
415,Sofia Khan,sofia.khan.415@inbox.net,United Kingdom,2018-11-25,Standard,467.71
416,Noah Dubois,noah.dubois.416@shopmail.io,Netherlands,2019-09-09,Premium,145.75
417,Arjun Kim,arjun.kim.417@shopmail.io,Netherlands,2021-11-21,Standard,313.29
418,Noah Singh,noah.singh.418@customer.co,India,2024-06-28,Basic,637.10
419,Sofia Lee,sofia.lee.419@inbox.net,Netherlands,2021-05-30,Standard,136.15
420,Ethan Garcia,ethan.garcia.420@shopmail.io,Netherlands,2022-03-04,Basic,69.39
421,Liam Khan,liam.khan.421@shopmail.io,Italy,2019-10-21,Basic,124.66
422,Lucas Taylor,lucas.taylor.422@shopmail.io,Germany,2020-09-01,Standard,540.94
423,Maria Smith,maria.smith.423@customer.co,Germany,2020-04-20,Basic,293.81
424,Olivia Martin,olivia.martin.424@customer.co,Netherlands,2024-01-21,Premium,166.85
425,Chen Taylor,chen.taylor.425@inbox.net,Germany,2023-02-20,Standard,644.88
426,Mia Nguyen,mia.nguyen.426@customer.co,Canada,2023-04-26,Premium,1014.04
427,Mia Mueller,mia.mueller.427@inbox.net,Australia,2019-04-06,Basic,767.23
428,Lucas Singh,lucas.singh.428@customer.co,United States,2022-07-04,Basic,81.28
429,Ethan Wilson,ethan.wilson.429@shopmail.io,Italy,2023-11-27,Standard,183.00
430,Aisha Khan,aisha.khan.430@mail.example.com,Spain,2022-06-04,Basic,269.10
431,Aisha Singh,aisha.singh.431@customer.co,India,2019-08-29,Standard,3127.53
432,Lucas Wilson,lucas.wilson.432@customer.co,Australia,2021-06-15,Standard,208.88
433,Emma Wilson,emma.wilson.433@inbox.net,Canada,2019-11-02,Standard,431.48
434,Isabella Martin,isabella.martin.434@shopmail.io,Italy,2024-09-15,Basic,89.18
435,Maria Garcia,maria.garcia.435@customer.co,United Kingdom,2024-08-16,Standard,188.10
436,Isabella Brown,isabella.brown.436@inbox.net,Germany,2024-03-26,Premium,57.29
437,Emma Martin,emma.martin.437@inbox.net,Canada,2024-03-18,Standard,498.23
438,Emma Smith,emma.smith.438@inbox.net,Spain,2023-03-14,Basic,127.08
439,Aisha Smith,aisha.smith.439@inbox.net,United Kingdom,2025-05-02,Basic,124.15
440,Priya Dubois,priya.dubois.440@customer.co,Netherlands,2018-10-01,Standard,300.22
441,Ethan Martin,ethan.martin.441@customer.co,Netherlands,2019-05-05,Standard,233.34
442,Sofia Taylor,sofia.taylor.442@inbox.net,Germany,2022-01-03,Basic,279.01
443,Chen Smith,chen.smith.443@customer.co,United States,2021-04-02,Standard,69.64
444,Liam Taylor,liam.taylor.444@shopmail.io,United Kingdom,2024-09-18,Standard,119.06
445,Isabella Garcia,isabella.garcia.445@customer.co,United Kingdom,2023-12-29,Standard,351.85
446,Ethan Nguyen,ethan.nguyen.446@customer.co,Germany,2019-02-24,Basic,174.45
447,Aisha Garcia,aisha.garcia.447@mail.example.com,India,2023-03-02,Standard,317.15
448,Mia Patel,mia.patel.448@shopmail.io,Netherlands,2024-09-13,Premium,124.68
449,Olivia Khan,olivia.khan.449@mail.example.com,France,2019-06-12,Basic,128.12
450,Arjun Martin,arjun.martin.450@shopmail.io,United Kingdom,2022-10-07,Premium,159.33
451,Lucas Khan,lucas.khan.451@mail.example.com,Canada,2018-06-27,Basic,249.55
452,Maria Mueller,maria.mueller.452@shopmail.io,Italy,2020-03-30,Standard,1218.35
453,Chen Lee,chen.lee.453@shopmail.io,Spain,2024-05-24,Standard,190.80
454,Maria Patel,maria.patel.454@shopmail.io,Canada,2019-12-05,Basic,526.78
455,Mia Khan,mia.khan.455@inbox.net,Australia,2024-08-11,Standard,110.87
456,Chen Singh,chen.singh.456@shopmail.io,India,2019-04-08,Standard,770.44
457,Isabella Nguyen,isabella.nguyen.457@mail.example.com,United Kingdom,2021-09-05,Premium,828.04
458,Emma Patel,emma.patel.458@inbox.net,France,2024-03-18,Standard,195.59
459,Noah Mueller,noah.mueller.459@inbox.net,Australia,2020-01-05,Basic,122.70
460,James Lee,james.lee.460@mail.example.com,United Kingdom,2019-08-11,Standard,93.29
461,Noah Brown,noah.brown.461@customer.co,France,2021-10-19,Standard,467.73
462,Aisha Rossi,aisha.rossi.462@inbox.net,Netherlands,2021-02-14,Basic,206.18
463,Isabella Martin,isabella.martin.463@inbox.net,Australia,2023-05-03,Basic,414.64
464,Priya Rossi,priya.rossi.464@mail.example.com,Canada,2023-06-28,Basic,100.75
465,Emma Kim,emma.kim.465@shopmail.io,Canada,2024-12-22,Standard,148.10
466,Ethan Patel,ethan.patel.466@inbox.net,Netherlands,2020-04-07,Basic,387.81
467,Liam Lee,liam.lee.467@mail.example.com,United States,2022-10-29,Standard,248.24
468,Mia Dubois,mia.dubois.468@inbox.net,Netherlands,2018-05-28,Premium,153.65
469,James Garcia,james.garcia.469@shopmail.io,Netherlands,2022-10-31,Standard,497.51
470,Chen Mueller,chen.mueller.470@inbox.net,Spain,2024-01-19,Basic,240.01
471,Ethan Singh,ethan.singh.471@inbox.net,Canada,2023-07-20,Standard,655.78
472,Ethan Brown,ethan.brown.472@mail.example.com,Germany,2022-02-09,Standard,189.90
473,Sofia Khan,sofia.khan.473@customer.co,Australia,2022-08-15,Basic,192.22
474,Sofia Smith,sofia.smith.474@mail.example.com,United Kingdom,2021-06-02,Standard,91.44
475,Maria Nguyen,maria.nguyen.475@inbox.net,Italy,2023-10-10,Premium,258.47
476,Mia Brown,mia.brown.476@customer.co,India,2024-05-25,Standard,470.01
477,Noah Nguyen,noah.nguyen.477@shopmail.io,Australia,2023-07-28,Standard,391.58
478,Olivia Khan,olivia.khan.478@customer.co,India,2020-04-06,Basic,138.14
479,Emma Lee,emma.lee.479@mail.example.com,Canada,2024-06-07,Basic,262.17
480,Noah Khan,noah.khan.480@mail.example.com,Italy,2021-10-11,Standard,353.22
481,Liam Patel,liam.patel.481@customer.co,United Kingdom,2025-04-22,Standard,263.60
482,Arjun Mueller,arjun.mueller.482@customer.co,France,2022-08-25,Standard,108.21
483,Noah Mueller,noah.mueller.483@shopmail.io,United States,2025-01-15,Standard,186.54
484,Lucas Taylor,lucas.taylor.484@inbox.net,Canada,2025-02-25,Basic,279.78
485,Olivia Khan,olivia.khan.485@mail.example.com,Spain,2020-04-01,Standard,469.77
486,Sofia Singh,sofia.singh.486@customer.co,India,2022-08-08,Premium,53.29
487,Sofia Wilson,sofia.wilson.487@inbox.net,Canada,2021-03-21,Basic,115.52
488,Priya Garcia,priya.garcia.488@mail.example.com,Germany,2020-02-26,Standard,309.15
489,James Kim,james.kim.489@inbox.net,India,2025-04-03,Basic,147.63
490,Mia Smith,mia.smith.490@shopmail.io,United States,2023-06-14,Standard,424.30
491,Isabella Smith,isabella.smith.491@customer.co,United Kingdom,2022-07-26,Premium,540.85
492,Mia Nguyen,mia.nguyen.492@shopmail.io,France,2019-04-04,Standard,588.60
493,Ethan Martin,ethan.martin.493@customer.co,Netherlands,2019-01-05,Standard,51.91
494,Aisha Rossi,aisha.rossi.494@inbox.net,France,2022-09-29,Premium,458.31
495,Aisha Garcia,aisha.garcia.495@inbox.net,Canada,2024-08-11,Premium,142.47
496,James Singh,james.singh.496@inbox.net,Netherlands,2025-08-28,Standard,333.23
497,Aisha Mueller,aisha.mueller.497@customer.co,Canada,2018-03-28,Basic,627.32
498,Priya Dubois,priya.dubois.498@mail.example.com,France,2020-11-02,Standard,979.89
499,Olivia Brown,olivia.brown.499@mail.example.com,Spain,2020-08-26,Standard,656.93
500,Arjun Singh,arjun.singh.500@customer.co,Canada,2019-01-05,Standard,618.00
501,Mia Wilson,mia.wilson.501@shopmail.io,Netherlands,2025-01-30,Basic,33.86
502,Sofia Dubois,sofia.dubois.502@customer.co,United Kingdom,2023-07-07,Basic,626.93
503,Emma Martin,emma.martin.503@mail.example.com,Germany,2020-12-04,Standard,1282.73
504,Olivia Patel,olivia.patel.504@customer.co,Netherlands,2018-04-23,Standard,518.62
505,Isabella Smith,isabella.smith.505@shopmail.io,United States,2022-06-30,Standard,112.19
506,Aisha Lee,aisha.lee.506@shopmail.io,Spain,2025-04-13,Standard,275.07
507,Isabella Garcia,isabella.garcia.507@customer.co,Netherlands,2023-05-14,Basic,836.67
508,Arjun Martin,arjun.martin.508@customer.co,Canada,2020-03-24,Premium,81.36
509,Maria Brown,maria.brown.509@shopmail.io,United States,2018-04-05,Standard,193.50
510,Mia Taylor,mia.taylor.510@inbox.net,France,2020-12-08,Standard,1580.59
511,Lucas Wilson,lucas.wilson.511@customer.co,Germany,2018-12-31,Premium,192.90
512,Sofia Garcia,sofia.garcia.512@inbox.net,Netherlands,2019-05-01,Basic,80.46
513,Aisha Martin,aisha.martin.513@inbox.net,Germany,2022-11-02,Standard,69.03
514,Arjun Kim,arjun.kim.514@inbox.net,Germany,2018-04-28,Standard,371.69
515,Liam Mueller,liam.mueller.515@inbox.net,United Kingdom,2018-02-12,Standard,223.74
516,Emma Garcia,emma.garcia.516@shopmail.io,India,2022-09-30,Basic,721.06
517,Lucas Rossi,lucas.rossi.517@customer.co,Italy,2025-07-10,Standard,181.31
518,Isabella Rossi,isabella.rossi.518@inbox.net,Australia,2019-06-26,Basic,247.17
519,Mia Taylor,mia.taylor.519@inbox.net,Australia,2023-04-02,Premium,144.02
520,Chen Patel,chen.patel.520@mail.example.com,Australia,2018-06-30,Standard,256.89
521,Chen Singh,chen.singh.521@inbox.net,Canada,2020-12-14,Basic,1513.39
522,Ethan Wilson,ethan.wilson.522@shopmail.io,Australia,2023-07-06,Basic,152.64
523,Isabella Garcia,isabella.garcia.523@inbox.net,United States,2020-02-13,Standard,1208.56
524,Chen Smith,chen.smith.524@inbox.net,India,2019-04-21,Standard,103.43
525,Mia Dubois,mia.dubois.525@mail.example.com,Germany,2019-05-22,Standard,285.44
526,Sofia Patel,sofia.patel.526@customer.co,Italy,2025-06-09,Standard,40.64
527,Ethan Kim,ethan.kim.527@shopmail.io,India,2018-11-11,Standard,958.72
528,Aisha Khan,aisha.khan.528@customer.co,United Kingdom,2022-06-03,Standard,106.77
529,Sofia Rossi,sofia.rossi.529@mail.example.com,United Kingdom,2023-03-01,Basic,110.03
530,Arjun Martin,arjun.martin.530@mail.example.com,Australia,2018-06-29,Standard,59.89
531,Priya Rossi,priya.rossi.531@shopmail.io,France,2018-07-19,Basic,99.97
532,Isabella Lee,isabella.lee.532@inbox.net,United Kingdom,2022-06-22,Standard,1208.49
533,Liam Garcia,liam.garcia.533@mail.example.com,France,2019-10-30,Standard,454.17
534,Noah Khan,noah.khan.534@inbox.net,Canada,2024-10-07,Standard,124.37
535,Chen Nguyen,chen.nguyen.535@inbox.net,Netherlands,2022-05-09,Standard,623.34
536,Emma Mueller,emma.mueller.536@customer.co,Italy,2020-02-03,Standard,158.61
537,Noah Lee,noah.lee.537@inbox.net,France,2025-04-06,Standard,93.86
538,Priya Martin,priya.martin.538@mail.example.com,Canada,2023-04-02,Premium,240.49
539,Noah Patel,noah.patel.539@shopmail.io,Canada,2020-10-15,Basic,236.02
540,Olivia Brown,olivia.brown.540@customer.co,Australia,2020-11-09,Standard,218.37
541,Ethan Patel,ethan.patel.541@inbox.net,United States,2018-12-08,Basic,192.82
542,Noah Dubois,noah.dubois.542@inbox.net,Italy,2020-12-21,Basic,96.98
543,Sofia Dubois,sofia.dubois.543@customer.co,United Kingdom,2022-11-12,Basic,144.49
544,Olivia Smith,olivia.smith.544@inbox.net,Netherlands,2022-07-18,Premium,129.65
545,Arjun Lee,arjun.lee.545@customer.co,India,2021-05-24,Basic,321.32
546,Maria Garcia,maria.garcia.546@mail.example.com,France,2023-05-25,Premium,340.84
547,Priya Garcia,priya.garcia.547@shopmail.io,United Kingdom,2021-05-17,Standard,193.32
548,Isabella Singh,isabella.singh.548@shopmail.io,Netherlands,2023-06-10,Premium,216.73
549,Emma Smith,emma.smith.549@inbox.net,United States,2021-09-29,Basic,283.28
550,James Patel,james.patel.550@customer.co,United States,2023-06-20,Standard,1509.81
551,Noah Singh,noah.singh.551@mail.example.com,India,2024-06-18,Standard,165.39
552,Sofia Taylor,sofia.taylor.552@inbox.net,United Kingdom,2023-07-20,Premium,617.13
553,Ethan Lee,ethan.lee.553@customer.co,Netherlands,2020-08-08,Standard,170.69
554,Olivia Kim,olivia.kim.554@inbox.net,Germany,2021-04-16,Standard,1343.79
555,Lucas Martin,lucas.martin.555@customer.co,Netherlands,2019-10-26,Standard,35.15
556,Ethan Kim,ethan.kim.556@shopmail.io,Germany,2020-03-28,Standard,683.65
557,Chen Rossi,chen.rossi.557@mail.example.com,United States,2022-01-09,Standard,241.95
558,Mia Mueller,mia.mueller.558@shopmail.io,United Kingdom,2024-04-20,Standard,85.48
559,Aisha Singh,aisha.singh.559@mail.example.com,Spain,2020-12-31,Standard,174.18
560,Mia Garcia,mia.garcia.560@mail.example.com,United States,2022-11-29,Basic,894.33
561,Isabella Singh,isabella.singh.561@mail.example.com,Spain,2018-06-21,Basic,658.70
562,Olivia Patel,olivia.patel.562@customer.co,Germany,2021-04-11,Premium,126.51
563,Lucas Singh,lucas.singh.563@shopmail.io,Australia,2021-10-02,Basic,240.56
564,Arjun Garcia,arjun.garcia.564@customer.co,Spain,2019-12-03,Premium,585.83
565,Maria Mueller,maria.mueller.565@shopmail.io,Germany,2023-12-10,Standard,422.86
566,Noah Khan,noah.khan.566@inbox.net,Netherlands,2023-10-16,Standard,495.73
567,Isabella Lee,isabella.lee.567@shopmail.io,Italy,2018-08-25,Standard,697.00
568,Priya Martin,priya.martin.568@customer.co,Australia,2021-11-10,Basic,92.79
569,James Wilson,james.wilson.569@inbox.net,Netherlands,2025-03-22,Standard,395.23
570,Aisha Dubois,aisha.dubois.570@customer.co,India,2020-03-19,Standard,763.01
571,Mia Mueller,mia.mueller.571@shopmail.io,Spain,2024-01-25,Premium,266.19
572,Liam Kim,liam.kim.572@shopmail.io,United States,2018-04-25,Premium,283.86
573,Mia Khan,mia.khan.573@customer.co,India,2023-09-01,Standard,33.99
574,Maria Martin,maria.martin.574@customer.co,United Kingdom,2018-07-15,Premium,153.34
575,Isabella Lee,isabella.lee.575@mail.example.com,Netherlands,2021-10-20,Basic,207.57
576,Aisha Khan,aisha.khan.576@shopmail.io,Australia,2021-05-10,Basic,362.28
577,Liam Lee,liam.lee.577@inbox.net,Spain,2020-10-11,Basic,601.96
578,Maria Nguyen,maria.nguyen.578@inbox.net,United Kingdom,2019-08-24,Standard,36.40
579,Lucas Brown,lucas.brown.579@inbox.net,United Kingdom,2022-02-21,Basic,677.25
580,Priya Taylor,priya.taylor.580@customer.co,Italy,2023-08-06,Standard,352.80
581,Priya Brown,priya.brown.581@shopmail.io,Germany,2023-09-03,Basic,422.17
582,Chen Singh,chen.singh.582@mail.example.com,France,2023-02-09,Basic,43.75
583,Emma Smith,emma.smith.583@mail.example.com,Italy,2022-08-01,Basic,643.14
584,Maria Patel,maria.patel.584@mail.example.com,Australia,2021-06-02,Standard,133.61
585,Sofia Mueller,sofia.mueller.585@customer.co,Canada,2020-06-02,Standard,479.89
586,Chen Wilson,chen.wilson.586@inbox.net,Australia,2022-03-26,Basic,235.70
587,Emma Wilson,emma.wilson.587@inbox.net,Netherlands,2025-06-25,Basic,450.09
588,Emma Garcia,emma.garcia.588@inbox.net,India,2020-08-11,Basic,73.83
589,Mia Brown,mia.brown.589@mail.example.com,Germany,2018-04-12,Standard,219.63
590,Ethan Lee,ethan.lee.590@mail.example.com,Spain,2018-12-15,Basic,467.99
591,Aisha Rossi,aisha.rossi.591@mail.example.com,United Kingdom,2025-05-20,Standard,275.80
592,Mia Taylor,mia.taylor.592@inbox.net,United Kingdom,2023-12-26,Premium,74.63
593,Ethan Nguyen,ethan.nguyen.593@inbox.net,United States,2023-12-03,Standard,76.54
594,Sofia Brown,sofia.brown.594@customer.co,United Kingdom,2019-09-24,Standard,143.73
595,Liam Brown,liam.brown.595@customer.co,India,2019-02-09,Standard,53.26
596,Sofia Garcia,sofia.garcia.596@mail.example.com,United States,2020-04-09,Standard,166.28
597,Aisha Khan,aisha.khan.597@inbox.net,United Kingdom,2021-01-08,Standard,117.22
598,James Nguyen,james.nguyen.598@inbox.net,France,2018-03-18,Standard,191.09
599,Liam Taylor,liam.taylor.599@shopmail.io,Canada,2024-05-16,Basic,336.58
600,Noah Singh,noah.singh.600@shopmail.io,Australia,2024-01-23,Premium,309.20
601,Chen Khan,chen.khan.601@inbox.net,Italy,2021-03-30,Standard,264.80
602,Priya Garcia,priya.garcia.602@customer.co,India,2021-12-10,Premium,771.99
603,Arjun Lee,arjun.lee.603@shopmail.io,Spain,2024-04-25,Standard,468.99
604,Maria Mueller,maria.mueller.604@customer.co,India,2020-05-13,Premium,1220.04
605,Ethan Taylor,ethan.taylor.605@customer.co,Canada,2023-01-29,Basic,111.67
606,Liam Kim,liam.kim.606@customer.co,United States,2019-07-02,Standard,179.45
607,Priya Dubois,priya.dubois.607@shopmail.io,India,2024-03-26,Premium,176.47
608,Mia Martin,mia.martin.608@mail.example.com,Spain,2018-05-07,Basic,533.74
609,Mia Wilson,mia.wilson.609@inbox.net,Italy,2022-01-06,Basic,224.57
610,Noah Garcia,noah.garcia.610@shopmail.io,Netherlands,2018-02-08,Basic,107.98
611,Aisha Martin,aisha.martin.611@customer.co,France,2020-08-17,Premium,197.47
612,Emma Nguyen,emma.nguyen.612@shopmail.io,United States,2020-03-14,Premium,236.70
613,Arjun Lee,arjun.lee.613@inbox.net,Germany,2024-03-10,Standard,794.88
614,Aisha Lee,aisha.lee.614@shopmail.io,United Kingdom,2024-08-06,Basic,443.71
615,Chen Martin,chen.martin.615@shopmail.io,Spain,2021-01-28,Premium,113.63
616,Aisha Wilson,aisha.wilson.616@inbox.net,United States,2022-10-16,Standard,259.96
617,Priya Lee,priya.lee.617@inbox.net,Netherlands,2022-01-20,Basic,92.79
618,Olivia Khan,olivia.khan.618@inbox.net,Spain,2023-01-13,Premium,336.49
619,Sofia Smith,sofia.smith.619@mail.example.com,France,2022-10-02,Standard,36.89
620,Maria Dubois,maria.dubois.620@mail.example.com,United States,2023-05-20,Standard,125.45
621,Noah Khan,noah.khan.621@inbox.net,France,2021-10-27,Premium,455.20
622,Arjun Smith,arjun.smith.622@mail.example.com,Italy,2024-12-12,Basic,253.50
623,Emma Khan,emma.khan.623@mail.example.com,United States,2022-03-26,Premium,224.99
624,Sofia Dubois,sofia.dubois.624@customer.co,Italy,2025-01-08,Basic,685.86
625,Noah Patel,noah.patel.625@inbox.net,France,2024-09-21,Premium,546.03
626,Isabella Lee,isabella.lee.626@inbox.net,Italy,2024-12-11,Standard,217.17
627,Maria Nguyen,maria.nguyen.627@customer.co,Italy,2020-02-28,Standard,313.46
628,Maria Patel,maria.patel.628@shopmail.io,Italy,2019-06-01,Premium,502.23
629,Priya Taylor,priya.taylor.629@inbox.net,Germany,2020-09-22,Standard,165.06
630,Chen Khan,chen.khan.630@customer.co,Canada,2024-07-18,Premium,71.53
631,Mia Taylor,mia.taylor.631@customer.co,Canada,2022-02-19,Basic,121.51
632,James Taylor,james.taylor.632@mail.example.com,India,2021-11-09,Standard,317.22
633,Aisha Kim,aisha.kim.633@inbox.net,Italy,2021-09-18,Standard,108.51
634,Arjun Rossi,arjun.rossi.634@customer.co,Germany,2019-03-06,Standard,177.32
635,Emma Dubois,emma.dubois.635@shopmail.io,Netherlands,2021-09-19,Basic,91.44
636,Isabella Martin,isabella.martin.636@mail.example.com,Australia,2018-02-10,Standard,111.42
637,Maria Nguyen,maria.nguyen.637@shopmail.io,Italy,2022-01-14,Premium,116.23
638,James Smith,james.smith.638@customer.co,Germany,2021-10-23,Premium,167.44
639,Arjun Taylor,arjun.taylor.639@customer.co,United Kingdom,2018-03-27,Standard,147.47
640,Arjun Lee,arjun.lee.640@customer.co,France,2021-06-03,Premium,1553.73
641,Emma Kim,emma.kim.641@inbox.net,United Kingdom,2019-05-01,Standard,198.06
642,Chen Dubois,chen.dubois.642@inbox.net,Australia,2021-07-26,Basic,403.71
643,Ethan Brown,ethan.brown.643@customer.co,Germany,2021-09-04,Basic,297.79
644,Aisha Smith,aisha.smith.644@inbox.net,France,2018-11-30,Standard,173.20
645,Isabella Singh,isabella.singh.645@inbox.net,Spain,2022-03-13,Basic,295.71
646,Emma Taylor,emma.taylor.646@inbox.net,Netherlands,2023-04-25,Standard,165.58
647,Liam Rossi,liam.rossi.647@mail.example.com,France,2020-06-18,Standard,981.88
648,Mia Kim,mia.kim.648@inbox.net,India,2024-05-29,Standard,153.47
649,Chen Dubois,chen.dubois.649@mail.example.com,Canada,2022-12-26,Basic,169.34
650,Olivia Nguyen,olivia.nguyen.650@customer.co,India,2023-01-22,Standard,67.28
651,Emma Brown,emma.brown.651@inbox.net,United States,2020-01-06,Standard,451.19
652,Emma Kim,emma.kim.652@mail.example.com,Canada,2020-07-21,Standard,138.93
653,Maria Patel,maria.patel.653@customer.co,Canada,2020-02-20,Premium,131.54
654,Lucas Rossi,lucas.rossi.654@mail.example.com,Netherlands,2025-05-03,Basic,195.95
655,Olivia Khan,olivia.khan.655@shopmail.io,Netherlands,2020-08-15,Basic,468.41
656,Olivia Rossi,olivia.rossi.656@inbox.net,Australia,2018-12-18,Basic,874.94
657,Sofia Wilson,sofia.wilson.657@shopmail.io,Netherlands,2023-01-18,Premium,834.94
658,Arjun Taylor,arjun.taylor.658@inbox.net,Australia,2021-10-23,Premium,88.44
659,Aisha Brown,aisha.brown.659@customer.co,Australia,2024-08-01,Standard,1055.67
660,James Rossi,james.rossi.660@inbox.net,India,2020-04-16,Basic,618.64
661,Noah Patel,noah.patel.661@inbox.net,Canada,2019-01-17,Standard,151.43
662,Chen Patel,chen.patel.662@shopmail.io,United Kingdom,2022-04-30,Standard,283.09
663,Liam Kim,liam.kim.663@mail.example.com,Australia,2023-10-25,Standard,309.66
664,James Garcia,james.garcia.664@mail.example.com,Germany,2024-01-07,Standard,616.28
665,Noah Singh,noah.singh.665@shopmail.io,Germany,2020-04-22,Basic,50.39
666,Liam Brown,liam.brown.666@customer.co,Italy,2020-04-11,Basic,320.17
667,Olivia Martin,olivia.martin.667@customer.co,Italy,2023-07-04,Standard,119.27
668,Emma Singh,emma.singh.668@inbox.net,Australia,2021-05-03,Standard,386.58
669,Noah Rossi,noah.rossi.669@shopmail.io,Italy,2022-11-05,Basic,556.03
670,Emma Brown,emma.brown.670@inbox.net,United States,2020-09-08,Basic,89.38
671,Mia Wilson,mia.wilson.671@mail.example.com,France,2023-07-15,Premium,761.87
672,Noah Khan,noah.khan.672@customer.co,France,2023-09-04,Standard,158.40
673,James Singh,james.singh.673@inbox.net,India,2021-11-08,Premium,440.33
674,Lucas Brown,lucas.brown.674@mail.example.com,Germany,2021-09-01,Basic,212.01
675,Priya Martin,priya.martin.675@shopmail.io,Netherlands,2019-07-29,Standard,230.95
676,Emma Wilson,emma.wilson.676@mail.example.com,Spain,2022-05-20,Standard,292.50
677,Chen Patel,chen.patel.677@mail.example.com,Spain,2020-06-04,Standard,221.61
678,Emma Martin,emma.martin.678@mail.example.com,India,2021-06-16,Premium,360.58
679,Emma Smith,emma.smith.679@shopmail.io,France,2022-03-15,Standard,90.48
680,Mia Kim,mia.kim.680@mail.example.com,Germany,2019-11-16,Premium,318.50
681,James Brown,james.brown.681@shopmail.io,Italy,2020-04-28,Standard,463.84
682,Mia Taylor,mia.taylor.682@mail.example.com,Australia,2021-08-17,Standard,215.09
683,Chen Smith,chen.smith.683@inbox.net,France,2018-09-28,Standard,161.92
684,Priya Wilson,priya.wilson.684@shopmail.io,India,2021-05-20,Standard,292.33
685,Isabella Rossi,isabella.rossi.685@mail.example.com,Italy,2021-08-21,Standard,277.82
686,Priya Martin,priya.martin.686@customer.co,Netherlands,2018-10-04,Standard,132.84
687,Sofia Smith,sofia.smith.687@shopmail.io,Spain,2024-08-03,Standard,295.59
688,Lucas Smith,lucas.smith.688@customer.co,France,2022-10-22,Standard,1149.38
689,Isabella Kim,isabella.kim.689@customer.co,France,2019-09-14,Standard,93.17
690,Noah Kim,noah.kim.690@inbox.net,Australia,2019-07-04,Standard,66.11
691,Liam Nguyen,liam.nguyen.691@inbox.net,Canada,2018-04-08,Standard,516.03
692,Aisha Wilson,aisha.wilson.692@mail.example.com,France,2020-06-30,Basic,186.46
693,Ethan Wilson,ethan.wilson.693@mail.example.com,United Kingdom,2023-07-07,Standard,157.75
694,Maria Kim,maria.kim.694@shopmail.io,France,2023-09-10,Premium,131.38
695,Maria Brown,maria.brown.695@shopmail.io,India,2019-12-24,Basic,96.58
696,Ethan Kim,ethan.kim.696@customer.co,India,2022-03-28,Standard,144.38
697,Chen Singh,chen.singh.697@shopmail.io,Netherlands,2018-03-23,Standard,251.49
698,Isabella Brown,isabella.brown.698@shopmail.io,Canada,2022-04-08,Standard,135.31
699,Emma Mueller,emma.mueller.699@mail.example.com,Australia,2019-07-14,Standard,158.39
700,Lucas Singh,lucas.singh.700@inbox.net,India,2022-03-09,Premium,183.13
701,Noah Singh,noah.singh.701@inbox.net,Australia,2018-08-25,Standard,415.73
702,Priya Brown,priya.brown.702@mail.example.com,Australia,2025-01-28,Basic,374.99
703,Lucas Lee,lucas.lee.703@inbox.net,Germany,2020-11-07,Premium,319.53
704,Aisha Rossi,aisha.rossi.704@mail.example.com,United Kingdom,2025-03-24,Standard,319.30
705,Lucas Dubois,lucas.dubois.705@inbox.net,Canada,2021-05-22,Standard,454.24
706,Olivia Taylor,olivia.taylor.706@inbox.net,United Kingdom,2019-03-24,Standard,193.94
707,Priya Rossi,priya.rossi.707@shopmail.io,India,2021-06-15,Basic,190.74
708,James Garcia,james.garcia.708@customer.co,India,2019-11-30,Basic,431.46
709,Chen Nguyen,chen.nguyen.709@mail.example.com,Netherlands,2024-05-11,Premium,92.09
710,Arjun Kim,arjun.kim.710@inbox.net,Netherlands,2025-01-11,Premium,395.53
711,Mia Rossi,mia.rossi.711@mail.example.com,India,2019-05-26,Premium,299.91
712,Liam Patel,liam.patel.712@mail.example.com,United States,2018-09-08,Standard,306.47
713,Liam Khan,liam.khan.713@mail.example.com,United Kingdom,2020-05-14,Basic,717.93
714,Olivia Khan,olivia.khan.714@inbox.net,Australia,2022-02-27,Premium,231.50
715,Priya Dubois,priya.dubois.715@customer.co,India,2022-03-31,Standard,175.30
716,Ethan Smith,ethan.smith.716@shopmail.io,United States,2024-10-01,Basic,107.90
717,Maria Wilson,maria.wilson.717@inbox.net,Spain,2022-08-20,Standard,130.36
718,Priya Kim,priya.kim.718@mail.example.com,Australia,2025-08-08,Premium,125.67
719,Emma Kim,emma.kim.719@mail.example.com,Australia,2022-10-19,Standard,171.80
720,Mia Dubois,mia.dubois.720@mail.example.com,India,2021-04-18,Standard,504.29
721,Ethan Kim,ethan.kim.721@mail.example.com,Germany,2023-08-02,Basic,972.45
722,Isabella Patel,isabella.patel.722@inbox.net,Germany,2023-01-02,Standard,414.20
723,Maria Singh,maria.singh.723@mail.example.com,United Kingdom,2022-11-17,Standard,155.86
724,Lucas Smith,lucas.smith.724@customer.co,Netherlands,2025-07-09,Premium,391.04
725,Maria Lee,maria.lee.725@mail.example.com,Australia,2020-07-05,Premium,290.80
726,Mia Rossi,mia.rossi.726@inbox.net,India,2025-05-02,Basic,360.73
727,Priya Khan,priya.khan.727@mail.example.com,United Kingdom,2019-01-01,Standard,159.33
728,Sofia Martin,sofia.martin.728@customer.co,India,2024-06-21,Standard,274.39
729,Lucas Smith,lucas.smith.729@inbox.net,India,2021-08-02,Standard,285.02
730,Isabella Nguyen,isabella.nguyen.730@mail.example.com,India,2018-02-07,Basic,423.75
731,Olivia Wilson,olivia.wilson.731@inbox.net,Germany,2024-09-29,Standard,617.26
732,Liam Garcia,liam.garcia.732@mail.example.com,Canada,2024-06-08,Basic,95.58
733,Emma Lee,emma.lee.733@inbox.net,United States,2021-09-26,Basic,239.11
734,Chen Wilson,chen.wilson.734@shopmail.io,Netherlands,2022-05-24,Basic,58.69
735,Liam Wilson,liam.wilson.735@inbox.net,Australia,2022-05-23,Standard,270.24
736,Noah Patel,noah.patel.736@shopmail.io,Spain,2022-06-01,Standard,91.77
737,Maria Garcia,maria.garcia.737@shopmail.io,Netherlands,2023-05-31,Standard,112.33
738,Liam Dubois,liam.dubois.738@mail.example.com,Australia,2024-06-15,Premium,52.59
739,Maria Lee,maria.lee.739@inbox.net,Germany,2018-08-19,Basic,538.63
740,Maria Nguyen,maria.nguyen.740@mail.example.com,United Kingdom,2020-09-13,Basic,327.79
741,Noah Singh,noah.singh.741@inbox.net,United Kingdom,2023-03-15,Standard,287.00
742,Arjun Wilson,arjun.wilson.742@customer.co,United States,2019-05-07,Standard,100.53
743,Maria Patel,maria.patel.743@shopmail.io,United States,2024-07-31,Premium,2039.62
744,Ethan Rossi,ethan.rossi.744@shopmail.io,India,2023-06-07,Standard,328.20
745,Priya Martin,priya.martin.745@mail.example.com,Spain,2020-01-28,Standard,272.83
746,Noah Wilson,noah.wilson.746@inbox.net,United Kingdom,2023-10-27,Basic,110.11
747,Arjun Rossi,arjun.rossi.747@shopmail.io,United Kingdom,2020-01-11,Standard,859.45
748,Arjun Rossi,arjun.rossi.748@customer.co,United Kingdom,2018-06-10,Standard,71.65
749,Chen Rossi,chen.rossi.749@mail.example.com,United Kingdom,2019-05-26,Standard,84.54
750,Olivia Mueller,olivia.mueller.750@mail.example.com,France,2021-05-16,Standard,271.97
751,James Taylor,james.taylor.751@shopmail.io,Italy,2023-07-02,Basic,133.14
752,Lucas Nguyen,lucas.nguyen.752@shopmail.io,United Kingdom,2025-06-07,Standard,685.09
753,Arjun Smith,arjun.smith.753@shopmail.io,Germany,2024-10-02,Standard,132.78
754,Olivia Kim,olivia.kim.754@inbox.net,United Kingdom,2024-03-02,Standard,79.22
755,Liam Mueller,liam.mueller.755@mail.example.com,Canada,2025-08-03,Standard,616.10
756,Noah Martin,noah.martin.756@customer.co,France,2022-03-05,Premium,81.65
757,Ethan Lee,ethan.lee.757@shopmail.io,Australia,2022-11-12,Standard,249.33
758,Noah Smith,noah.smith.758@mail.example.com,Spain,2022-07-25,Basic,152.20
759,Maria Nguyen,maria.nguyen.759@customer.co,Germany,2020-07-13,Standard,184.48
760,Liam Smith,liam.smith.760@customer.co,Italy,2023-06-29,Premium,82.17
761,Maria Taylor,maria.taylor.761@customer.co,Italy,2019-02-10,Standard,280.88
762,Mia Smith,mia.smith.762@customer.co,Spain,2024-03-09,Premium,667.72
763,Ethan Dubois,ethan.dubois.763@mail.example.com,Spain,2019-09-29,Basic,235.95
764,Priya Garcia,priya.garcia.764@customer.co,France,2025-08-09,Premium,277.71
765,Ethan Brown,ethan.brown.765@customer.co,India,2023-11-03,Basic,557.20
766,Lucas Dubois,lucas.dubois.766@mail.example.com,Canada,2022-07-24,Basic,88.09
767,Isabella Nguyen,isabella.nguyen.767@shopmail.io,United Kingdom,2019-11-08,Basic,298.92
768,Ethan Smith,ethan.smith.768@mail.example.com,India,2018-02-26,Premium,242.36
769,Ethan Kim,ethan.kim.769@customer.co,France,2025-06-01,Basic,796.91
770,Mia Wilson,mia.wilson.770@shopmail.io,Spain,2020-07-10,Basic,78.32
771,Chen Patel,chen.patel.771@mail.example.com,India,2023-07-23,Standard,112.38
772,Noah Garcia,noah.garcia.772@mail.example.com,Canada,2021-05-10,Standard,116.15
773,Emma Mueller,emma.mueller.773@mail.example.com,Netherlands,2024-12-05,Standard,36.69
774,Arjun Singh,arjun.singh.774@customer.co,Australia,2019-03-15,Premium,69.64
775,James Nguyen,james.nguyen.775@mail.example.com,India,2023-07-09,Basic,125.55
776,Aisha Patel,aisha.patel.776@inbox.net,United States,2019-09-30,Standard,619.01
777,Isabella Lee,isabella.lee.777@customer.co,India,2020-01-17,Standard,229.46
778,Olivia Khan,olivia.khan.778@inbox.net,United States,2022-01-11,Standard,222.12
779,Mia Wilson,mia.wilson.779@shopmail.io,India,2022-09-21,Basic,115.91
780,Lucas Nguyen,lucas.nguyen.780@inbox.net,Canada,2019-05-02,Basic,136.73
781,Noah Singh,noah.singh.781@customer.co,India,2023-08-18,Standard,1033.14
782,Lucas Dubois,lucas.dubois.782@mail.example.com,United States,2019-06-01,Basic,409.33
783,Chen Nguyen,chen.nguyen.783@customer.co,India,2024-09-11,Standard,395.69
784,Lucas Smith,lucas.smith.784@inbox.net,France,2024-12-04,Standard,139.48
785,Chen Martin,chen.martin.785@customer.co,France,2025-06-22,Standard,56.04
786,Arjun Brown,arjun.brown.786@shopmail.io,France,2024-08-18,Premium,1086.75
787,Priya Lee,priya.lee.787@customer.co,France,2019-08-22,Premium,102.51
788,Noah Smith,noah.smith.788@shopmail.io,France,2021-10-08,Standard,203.68
789,Noah Singh,noah.singh.789@mail.example.com,Canada,2022-01-29,Premium,220.18
790,Liam Nguyen,liam.nguyen.790@customer.co,Netherlands,2021-02-21,Basic,338.52
791,Mia Rossi,mia.rossi.791@mail.example.com,United States,2025-08-29,Premium,186.95
792,Olivia Khan,olivia.khan.792@customer.co,Italy,2023-12-07,Basic,99.94
793,Ethan Nguyen,ethan.nguyen.793@mail.example.com,United Kingdom,2019-06-19,Standard,116.77
794,Priya Martin,priya.martin.794@mail.example.com,United Kingdom,2024-02-17,Standard,114.39
795,Ethan Nguyen,ethan.nguyen.795@shopmail.io,United States,2019-06-08,Standard,211.00
796,Aisha Brown,aisha.brown.796@inbox.net,United Kingdom,2023-06-01,Standard,190.54
797,Noah Taylor,noah.taylor.797@customer.co,Germany,2021-04-01,Basic,246.02
798,James Rossi,james.rossi.798@mail.example.com,Germany,2022-11-29,Premium,575.27
799,Isabella Taylor,isabella.taylor.799@customer.co,France,2020-01-24,Standard,464.02
800,James Garcia,james.garcia.800@inbox.net,Spain,2023-11-21,Standard,277.98
801,Liam Mueller,liam.mueller.801@mail.example.com,Germany,2020-07-06,Basic,166.99
802,James Taylor,james.taylor.802@shopmail.io,France,2023-12-30,Standard,54.34
803,Maria Smith,maria.smith.803@shopmail.io,India,2024-11-09,Standard,500.73
804,Liam Nguyen,liam.nguyen.804@customer.co,Germany,2020-11-14,Basic,117.23
805,James Taylor,james.taylor.805@inbox.net,Canada,2025-01-09,Standard,369.42
806,Priya Rossi,priya.rossi.806@customer.co,France,2024-07-10,Standard,427.50
807,Priya Khan,priya.khan.807@inbox.net,Australia,2019-08-31,Basic,188.86
808,Mia Singh,mia.singh.808@shopmail.io,France,2024-05-22,Premium,143.12
809,Emma Martin,emma.martin.809@shopmail.io,India,2024-10-25,Premium,158.60
810,Aisha Patel,aisha.patel.810@inbox.net,United Kingdom,2023-11-28,Premium,203.29
811,Chen Martin,chen.martin.811@mail.example.com,United States,2019-06-26,Basic,204.61
812,Aisha Khan,aisha.khan.812@mail.example.com,United States,2019-03-12,Premium,65.61
813,Olivia Martin,olivia.martin.813@shopmail.io,United States,2024-02-05,Basic,147.33
814,Lucas Mueller,lucas.mueller.814@inbox.net,Germany,2018-01-05,Standard,112.72
815,Mia Kim,mia.kim.815@customer.co,France,2022-04-25,Premium,217.61
816,Priya Dubois,priya.dubois.816@mail.example.com,France,2019-02-21,Basic,723.88
817,Liam Nguyen,liam.nguyen.817@mail.example.com,United States,2024-10-12,Premium,171.26
818,Chen Garcia,chen.garcia.818@inbox.net,Germany,2025-06-26,Standard,185.51
819,Priya Mueller,priya.mueller.819@customer.co,Canada,2018-11-09,Standard,130.66
820,Isabella Smith,isabella.smith.820@inbox.net,Netherlands,2018-10-03,Basic,138.50
821,Maria Rossi,maria.rossi.821@customer.co,Germany,2020-01-15,Standard,352.05
822,Isabella Brown,isabella.brown.822@inbox.net,Italy,2025-02-20,Standard,240.97
823,Sofia Garcia,sofia.garcia.823@inbox.net,Spain,2023-07-30,Basic,323.82
824,Olivia Taylor,olivia.taylor.824@mail.example.com,Italy,2022-09-24,Standard,261.01
825,Olivia Rossi,olivia.rossi.825@mail.example.com,France,2022-01-21,Basic,422.95
826,James Kim,james.kim.826@shopmail.io,Canada,2023-03-01,Basic,96.64
827,Chen Wilson,chen.wilson.827@mail.example.com,Germany,2019-04-26,Basic,31.42
828,Lucas Martin,lucas.martin.828@inbox.net,Australia,2018-08-10,Premium,701.12
829,Lucas Patel,lucas.patel.829@mail.example.com,United States,2024-05-20,Standard,200.18
830,Arjun Wilson,arjun.wilson.830@shopmail.io,Spain,2021-05-11,Standard,486.38
831,Emma Brown,emma.brown.831@mail.example.com,Canada,2019-04-01,Basic,197.06
832,Chen Smith,chen.smith.832@inbox.net,Netherlands,2024-03-19,Basic,245.81
833,Lucas Wilson,lucas.wilson.833@shopmail.io,India,2019-10-05,Standard,282.17
834,Liam Patel,liam.patel.834@shopmail.io,India,2020-01-23,Standard,86.66
835,Arjun Martin,arjun.martin.835@inbox.net,Netherlands,2021-07-06,Basic,286.08
836,Priya Lee,priya.lee.836@customer.co,India,2020-03-08,Standard,205.71
837,Liam Patel,liam.patel.837@customer.co,United States,2020-09-08,Premium,104.39
838,Liam Garcia,liam.garcia.838@customer.co,France,2024-03-09,Standard,55.66
839,Aisha Lee,aisha.lee.839@mail.example.com,Italy,2023-06-05,Basic,165.75
840,James Smith,james.smith.840@inbox.net,Spain,2020-03-09,Standard,186.02
841,Sofia Khan,sofia.khan.841@mail.example.com,Australia,2022-07-27,Standard,194.94
842,Mia Martin,mia.martin.842@mail.example.com,Italy,2022-04-15,Standard,247.96
843,Emma Rossi,emma.rossi.843@mail.example.com,France,2020-06-02,Basic,321.08
844,Isabella Lee,isabella.lee.844@customer.co,Netherlands,2019-06-22,Standard,379.85
845,Sofia Mueller,sofia.mueller.845@inbox.net,France,2020-05-05,Standard,577.32
846,Ethan Rossi,ethan.rossi.846@inbox.net,United Kingdom,2018-03-03,Premium,67.92
847,Chen Khan,chen.khan.847@mail.example.com,Netherlands,2019-01-21,Basic,1964.98
848,Emma Nguyen,emma.nguyen.848@customer.co,Australia,2019-01-01,Premium,181.09
849,Maria Garcia,maria.garcia.849@mail.example.com,Italy,2023-06-23,Basic,85.73
850,James Nguyen,james.nguyen.850@shopmail.io,Netherlands,2022-02-11,Basic,94.56
851,Olivia Wilson,olivia.wilson.851@inbox.net,Spain,2023-01-18,Standard,185.11
852,Liam Dubois,liam.dubois.852@mail.example.com,France,2024-04-16,Basic,473.61
853,James Garcia,james.garcia.853@inbox.net,United Kingdom,2020-07-02,Basic,173.94
854,Noah Wilson,noah.wilson.854@inbox.net,United Kingdom,2018-12-18,Standard,86.10
855,Chen Martin,chen.martin.855@inbox.net,France,2022-07-03,Premium,696.34
856,Sofia Patel,sofia.patel.856@customer.co,Netherlands,2018-06-06,Standard,415.73
857,Olivia Garcia,olivia.garcia.857@mail.example.com,Italy,2022-04-07,Basic,131.82
858,James Dubois,james.dubois.858@mail.example.com,India,2021-01-10,Basic,148.59
859,Liam Lee,liam.lee.859@mail.example.com,Canada,2023-01-24,Premium,124.32
860,Arjun Brown,arjun.brown.860@mail.example.com,United Kingdom,2022-10-22,Standard,335.09
861,Sofia Khan,sofia.khan.861@shopmail.io,India,2021-12-23,Standard,231.76
862,Mia Martin,mia.martin.862@shopmail.io,United Kingdom,2025-06-28,Standard,671.57
863,Ethan Rossi,ethan.rossi.863@customer.co,United States,2019-09-09,Premium,876.33
864,Mia Singh,mia.singh.864@inbox.net,Canada,2023-11-03,Basic,244.42
865,Lucas Smith,lucas.smith.865@mail.example.com,United States,2020-06-14,Basic,407.66
866,Lucas Kim,lucas.kim.866@inbox.net,France,2021-11-26,Standard,263.97
867,Aisha Kim,aisha.kim.867@customer.co,United States,2021-05-21,Basic,272.32
868,Mia Mueller,mia.mueller.868@inbox.net,India,2022-08-08,Standard,1311.04
869,Sofia Nguyen,sofia.nguyen.869@shopmail.io,Spain,2022-11-21,Basic,223.60
870,Noah Mueller,noah.mueller.870@customer.co,Italy,2019-02-11,Basic,387.62
871,Maria Khan,maria.khan.871@mail.example.com,Netherlands,2023-08-24,Basic,609.04
872,Ethan Khan,ethan.khan.872@shopmail.io,Netherlands,2024-03-09,Premium,148.76
873,Noah Patel,noah.patel.873@inbox.net,India,2025-03-26,Premium,233.30
874,Lucas Khan,lucas.khan.874@shopmail.io,Spain,2021-03-07,Basic,83.04
875,Liam Dubois,liam.dubois.875@customer.co,Australia,2019-11-30,Standard,270.58
876,Ethan Brown,ethan.brown.876@inbox.net,Germany,2025-02-19,Standard,777.56
877,Noah Martin,noah.martin.877@inbox.net,France,2019-02-12,Premium,772.08
878,Lucas Khan,lucas.khan.878@inbox.net,Canada,2024-03-14,Premium,70.95
879,Chen Nguyen,chen.nguyen.879@shopmail.io,United States,2024-12-06,Standard,90.72
880,Lucas Taylor,lucas.taylor.880@shopmail.io,Netherlands,2025-02-11,Basic,95.96
881,Priya Khan,priya.khan.881@shopmail.io,India,2020-12-02,Standard,134.30
882,Priya Smith,priya.smith.882@mail.example.com,United Kingdom,2023-02-24,Standard,384.33
883,Mia Rossi,mia.rossi.883@shopmail.io,United Kingdom,2018-11-13,Premium,125.71
884,Emma Wilson,emma.wilson.884@inbox.net,United States,2022-08-22,Standard,524.35
885,Maria Singh,maria.singh.885@inbox.net,Germany,2020-01-07,Basic,190.68
886,Liam Smith,liam.smith.886@mail.example.com,United Kingdom,2021-11-05,Basic,443.28
887,Sofia Singh,sofia.singh.887@mail.example.com,France,2024-10-18,Basic,254.69
888,James Taylor,james.taylor.888@customer.co,United Kingdom,2020-06-07,Premium,249.39
889,James Nguyen,james.nguyen.889@shopmail.io,United Kingdom,2021-11-28,Premium,120.83
890,Lucas Taylor,lucas.taylor.890@inbox.net,Spain,2022-06-27,Standard,193.09
891,Mia Kim,mia.kim.891@shopmail.io,Netherlands,2022-11-11,Standard,282.61
892,Mia Singh,mia.singh.892@mail.example.com,Italy,2022-04-18,Standard,1543.55
893,Noah Kim,noah.kim.893@mail.example.com,Netherlands,2019-11-17,Standard,152.79
894,Mia Smith,mia.smith.894@customer.co,India,2018-05-03,Basic,137.80
895,Maria Garcia,maria.garcia.895@shopmail.io,United Kingdom,2020-05-31,Basic,217.23
896,Priya Nguyen,priya.nguyen.896@customer.co,United States,2021-09-09,Standard,378.82
897,Aisha Singh,aisha.singh.897@mail.example.com,India,2021-03-07,Standard,177.84
898,Ethan Kim,ethan.kim.898@mail.example.com,Italy,2025-04-01,Standard,115.03
899,Noah Lee,noah.lee.899@shopmail.io,United States,2023-07-17,Basic,169.38
900,Emma Smith,emma.smith.900@shopmail.io,Italy,2021-08-31,Basic,216.28
901,Ethan Brown,ethan.brown.901@mail.example.com,Netherlands,2021-03-10,Standard,611.85
902,Chen Wilson,chen.wilson.902@mail.example.com,Australia,2025-03-26,Basic,62.68
903,James Patel,james.patel.903@customer.co,Canada,2021-07-23,Standard,530.56
904,Isabella Nguyen,isabella.nguyen.904@mail.example.com,India,2021-05-07,Standard,273.91
905,Lucas Singh,lucas.singh.905@customer.co,Italy,2019-02-25,Standard,2128.02
906,James Kim,james.kim.906@inbox.net,France,2019-11-29,Premium,112.37
907,Maria Kim,maria.kim.907@mail.example.com,Canada,2018-06-26,Basic,257.70
908,Maria Smith,maria.smith.908@inbox.net,Canada,2019-11-29,Basic,102.55
909,Mia Garcia,mia.garcia.909@shopmail.io,Italy,2022-08-20,Standard,113.71
910,Priya Singh,priya.singh.910@inbox.net,Netherlands,2021-02-23,Standard,254.51
911,Sofia Khan,sofia.khan.911@customer.co,United Kingdom,2021-12-16,Basic,146.77
912,Olivia Wilson,olivia.wilson.912@shopmail.io,United Kingdom,2018-11-04,Basic,559.35
913,Emma Smith,emma.smith.913@inbox.net,France,2023-06-21,Standard,379.92
914,Maria Nguyen,maria.nguyen.914@customer.co,Canada,2023-02-03,Standard,318.31
915,Priya Garcia,priya.garcia.915@inbox.net,Italy,2023-10-05,Basic,620.65
916,Aisha Khan,aisha.khan.916@customer.co,Italy,2025-04-09,Standard,87.69
917,Maria Garcia,maria.garcia.917@customer.co,United States,2023-05-05,Standard,71.48
918,Priya Taylor,priya.taylor.918@shopmail.io,India,2023-08-19,Standard,89.65
919,Noah Taylor,noah.taylor.919@mail.example.com,India,2022-09-27,Standard,215.35
920,Aisha Mueller,aisha.mueller.920@inbox.net,Spain,2022-11-11,Premium,132.57
921,Maria Lee,maria.lee.921@mail.example.com,United States,2018-05-27,Premium,166.07
922,Ethan Mueller,ethan.mueller.922@inbox.net,India,2022-05-29,Standard,260.05
923,Maria Kim,maria.kim.923@shopmail.io,Germany,2020-04-13,Basic,498.61
924,Sofia Lee,sofia.lee.924@mail.example.com,Germany,2023-08-24,Standard,402.10
925,Mia Martin,mia.martin.925@mail.example.com,Germany,2020-02-07,Standard,333.90
926,Sofia Dubois,sofia.dubois.926@customer.co,United Kingdom,2019-12-01,Standard,221.18
927,Priya Khan,priya.khan.927@shopmail.io,Netherlands,2019-03-25,Basic,305.83
928,James Wilson,james.wilson.928@shopmail.io,Spain,2023-08-23,Premium,346.66
929,Chen Khan,chen.khan.929@customer.co,Netherlands,2023-07-03,Premium,109.79
930,Lucas Nguyen,lucas.nguyen.930@customer.co,Netherlands,2018-02-25,Basic,127.93
931,Arjun Nguyen,arjun.nguyen.931@inbox.net,United Kingdom,2021-01-10,Standard,152.44
932,Priya Taylor,priya.taylor.932@shopmail.io,Australia,2023-08-02,Basic,1028.04
933,James Kim,james.kim.933@shopmail.io,United Kingdom,2020-03-04,Standard,392.31
934,Mia Brown,mia.brown.934@shopmail.io,Canada,2025-08-13,Standard,46.07
935,Sofia Dubois,sofia.dubois.935@customer.co,Canada,2020-02-20,Standard,2287.81
936,James Rossi,james.rossi.936@inbox.net,Netherlands,2024-05-10,Standard,140.49
937,Isabella Khan,isabella.khan.937@customer.co,Italy,2024-04-05,Standard,411.89
938,Priya Garcia,priya.garcia.938@mail.example.com,Netherlands,2018-06-17,Standard,57.32
939,Aisha Mueller,aisha.mueller.939@mail.example.com,India,2021-12-13,Basic,89.11
940,Priya Wilson,priya.wilson.940@customer.co,Spain,2025-06-18,Premium,144.75
941,Isabella Taylor,isabella.taylor.941@shopmail.io,India,2024-07-25,Premium,112.28
942,Mia Patel,mia.patel.942@inbox.net,India,2022-06-23,Standard,83.71
943,Mia Patel,mia.patel.943@shopmail.io,Italy,2022-11-21,Basic,1023.63
944,Priya Dubois,priya.dubois.944@shopmail.io,Canada,2019-07-10,Standard,343.35
945,Noah Taylor,noah.taylor.945@inbox.net,Spain,2020-01-22,Premium,167.19
946,Noah Khan,noah.khan.946@inbox.net,Australia,2023-08-26,Basic,221.29
947,Mia Lee,mia.lee.947@inbox.net,India,2023-03-05,Basic,226.82
948,James Dubois,james.dubois.948@shopmail.io,Italy,2021-05-23,Standard,723.61
949,Isabella Kim,isabella.kim.949@customer.co,United States,2022-05-28,Standard,154.57
950,Chen Brown,chen.brown.950@inbox.net,United States,2018-12-13,Standard,197.28
951,James Mueller,james.mueller.951@mail.example.com,Canada,2024-05-05,Basic,333.16
952,Emma Martin,emma.martin.952@mail.example.com,France,2023-10-16,Standard,613.02
953,Chen Taylor,chen.taylor.953@shopmail.io,Canada,2025-01-17,Basic,242.67
954,Liam Martin,liam.martin.954@mail.example.com,Germany,2024-10-09,Basic,327.37
955,Mia Patel,mia.patel.955@mail.example.com,Spain,2022-12-23,Standard,166.16
956,Noah Smith,noah.smith.956@shopmail.io,France,2024-02-18,Basic,143.76
957,Liam Wilson,liam.wilson.957@mail.example.com,India,2019-08-23,Standard,191.64
958,Priya Smith,priya.smith.958@shopmail.io,Spain,2024-02-18,Premium,876.84
959,Aisha Singh,aisha.singh.959@inbox.net,Australia,2025-06-27,Standard,177.49
960,Liam Brown,liam.brown.960@inbox.net,Germany,2018-04-25,Standard,527.28
961,Liam Singh,liam.singh.961@mail.example.com,Italy,2022-12-26,Premium,170.41
962,James Dubois,james.dubois.962@inbox.net,Canada,2018-02-07,Basic,807.29
963,Chen Nguyen,chen.nguyen.963@inbox.net,Spain,2018-09-15,Standard,458.43
964,Chen Lee,chen.lee.964@inbox.net,Germany,2021-02-14,Premium,399.37
965,Isabella Khan,isabella.khan.965@inbox.net,Italy,2025-05-23,Standard,603.09
966,Chen Rossi,chen.rossi.966@customer.co,Germany,2021-08-20,Basic,251.66
967,Ethan Rossi,ethan.rossi.967@mail.example.com,United States,2019-10-14,Standard,320.67
968,Aisha Patel,aisha.patel.968@customer.co,France,2020-08-27,Standard,244.10
969,Maria Dubois,maria.dubois.969@inbox.net,United Kingdom,2018-09-11,Basic,406.83
970,Ethan Mueller,ethan.mueller.970@mail.example.com,Germany,2021-08-08,Premium,613.13
971,Maria Martin,maria.martin.971@shopmail.io,France,2020-10-31,Standard,61.05
972,Emma Singh,emma.singh.972@inbox.net,Spain,2020-02-27,Standard,56.76
973,Maria Rossi,maria.rossi.973@customer.co,Germany,2025-08-26,Premium,488.67
974,Lucas Dubois,lucas.dubois.974@shopmail.io,Italy,2023-04-25,Basic,256.65
975,Olivia Nguyen,olivia.nguyen.975@inbox.net,United Kingdom,2024-05-20,Standard,511.66
976,Maria Garcia,maria.garcia.976@shopmail.io,United States,2024-09-29,Basic,178.76
977,Olivia Nguyen,olivia.nguyen.977@customer.co,India,2022-01-05,Premium,455.33
978,Maria Wilson,maria.wilson.978@customer.co,India,2024-12-08,Basic,494.96
979,James Taylor,james.taylor.979@customer.co,United States,2018-05-13,Standard,89.17
980,Sofia Brown,sofia.brown.980@shopmail.io,France,2024-02-19,Standard,93.20
981,Arjun Martin,arjun.martin.981@mail.example.com,Australia,2018-10-17,Standard,74.73
982,Noah Rossi,noah.rossi.982@mail.example.com,United Kingdom,2018-05-26,Basic,236.64
983,Emma Taylor,emma.taylor.983@shopmail.io,United States,2018-08-15,Standard,165.11
984,James Khan,james.khan.984@inbox.net,United States,2024-03-13,Basic,84.43
985,Emma Smith,emma.smith.985@inbox.net,Spain,2019-07-19,Standard,201.82
986,Maria Singh,maria.singh.986@customer.co,France,2021-11-06,Premium,1268.63
987,Noah Dubois,noah.dubois.987@shopmail.io,India,2024-01-06,Premium,100.09
988,Ethan Smith,ethan.smith.988@mail.example.com,Australia,2021-12-03,Basic,130.95
989,Ethan Lee,ethan.lee.989@mail.example.com,United Kingdom,2020-10-21,Basic,162.46
990,Olivia Kim,olivia.kim.990@shopmail.io,Netherlands,2021-05-24,Standard,404.24
991,Sofia Khan,sofia.khan.991@customer.co,Australia,2024-01-27,Standard,478.19
992,Olivia Patel,olivia.patel.992@shopmail.io,Germany,2023-11-04,Premium,308.66
993,Aisha Mueller,aisha.mueller.993@shopmail.io,United States,2020-08-20,Basic,130.00
994,Lucas Singh,lucas.singh.994@inbox.net,United States,2021-01-12,Standard,227.78
995,Liam Rossi,liam.rossi.995@inbox.net,United States,2022-04-17,Standard,112.52
996,Noah Singh,noah.singh.996@inbox.net,Spain,2018-08-03,Premium,149.13
997,Priya Mueller,priya.mueller.997@customer.co,Italy,2020-06-05,Premium,66.15
998,Isabella Smith,isabella.smith.998@inbox.net,United States,2019-03-24,Standard,543.72
999,Olivia Brown,olivia.brown.999@inbox.net,India,2024-06-03,Basic,562.81
1000,Lucas Rossi,lucas.rossi.1000@customer.co,United Kingdom,2020-10-20,Basic,94.80
1001,Isabella Taylor,isabella.taylor.1001@customer.co,Australia,2021-01-05,Standard,270.83
1002,Priya Mueller,priya.mueller.1002@mail.example.com,Canada,2024-05-17,Basic,725.05
1003,Priya Nguyen,priya.nguyen.1003@mail.example.com,Netherlands,2018-02-06,Basic,576.92
1004,Emma Smith,emma.smith.1004@shopmail.io,India,2018-08-28,Basic,205.51
1005,Ethan Patel,ethan.patel.1005@mail.example.com,Netherlands,2020-01-07,Standard,305.13
1006,Liam Khan,liam.khan.1006@shopmail.io,Germany,2019-08-25,Basic,127.31
1007,Arjun Rossi,arjun.rossi.1007@shopmail.io,Spain,2022-12-09,Standard,84.59
1008,Ethan Nguyen,ethan.nguyen.1008@customer.co,Canada,2018-03-08,Premium,336.17
1009,Priya Wilson,priya.wilson.1009@shopmail.io,Australia,2019-03-24,Basic,119.75
1010,Maria Taylor,maria.taylor.1010@customer.co,Italy,2022-03-02,Standard,249.60
1011,Arjun Wilson,arjun.wilson.1011@customer.co,Germany,2018-04-12,Standard,87.74
1012,Sofia Rossi,sofia.rossi.1012@customer.co,Netherlands,2021-04-19,Basic,166.89
1013,Ethan Smith,ethan.smith.1013@customer.co,France,2022-04-01,Premium,533.55
1014,Arjun Rossi,arjun.rossi.1014@mail.example.com,United Kingdom,2020-07-08,Premium,404.13
1015,Ethan Taylor,ethan.taylor.1015@mail.example.com,Spain,2018-07-30,Basic,479.28
1016,Ethan Singh,ethan.singh.1016@shopmail.io,Italy,2021-04-15,Standard,254.90
1017,Mia Kim,mia.kim.1017@mail.example.com,France,2022-12-28,Standard,142.73
1018,Lucas Dubois,lucas.dubois.1018@mail.example.com,Australia,2025-04-30,Standard,65.87
1019,Emma Rossi,emma.rossi.1019@shopmail.io,Spain,2020-09-30,Standard,407.54
1020,Isabella Dubois,isabella.dubois.1020@customer.co,Canada,2021-10-31,Standard,280.05
1021,Sofia Patel,sofia.patel.1021@shopmail.io,Germany,2023-02-03,Premium,325.05
1022,James Garcia,james.garcia.1022@inbox.net,United Kingdom,2019-06-02,Premium,118.03
1023,Arjun Smith,arjun.smith.1023@inbox.net,India,2021-12-22,Basic,73.11
1024,Chen Brown,chen.brown.1024@customer.co,Australia,2024-08-19,Standard,148.09
1025,Ethan Rossi,ethan.rossi.1025@customer.co,Netherlands,2022-08-02,Premium,340.09
1026,Priya Singh,priya.singh.1026@shopmail.io,Germany,2024-08-11,Basic,170.00
1027,Mia Wilson,mia.wilson.1027@inbox.net,India,2021-08-05,Basic,299.99
1028,Emma Garcia,emma.garcia.1028@mail.example.com,France,2021-05-02,Standard,2183.46
1029,Emma Nguyen,emma.nguyen.1029@inbox.net,Canada,2021-08-15,Premium,257.52
1030,Noah Nguyen,noah.nguyen.1030@customer.co,Italy,2024-11-25,Basic,426.96
1031,Sofia Patel,sofia.patel.1031@inbox.net,Netherlands,2020-07-05,Standard,128.45
1032,Mia Garcia,mia.garcia.1032@shopmail.io,Spain,2023-09-15,Standard,319.23
1033,Isabella Garcia,isabella.garcia.1033@mail.example.com,Netherlands,2018-04-16,Premium,321.16
1034,Sofia Kim,sofia.kim.1034@inbox.net,Spain,2019-06-01,Standard,714.66
1035,Arjun Singh,arjun.singh.1035@inbox.net,Netherlands,2020-12-13,Standard,573.40
1036,Maria Wilson,maria.wilson.1036@customer.co,United Kingdom,2020-06-30,Premium,97.73
1037,Lucas Patel,lucas.patel.1037@mail.example.com,Australia,2018-06-07,Standard,247.99
1038,Noah Patel,noah.patel.1038@mail.example.com,United States,2020-10-04,Basic,442.14
1039,Chen Rossi,chen.rossi.1039@shopmail.io,Netherlands,2021-03-03,Standard,167.40
1040,Chen Kim,chen.kim.1040@shopmail.io,United States,2022-11-14,Standard,76.17
1041,Maria Singh,maria.singh.1041@inbox.net,Canada,2024-11-17,Standard,150.40
1042,Noah Lee,noah.lee.1042@shopmail.io,Canada,2020-08-07,Standard,352.99
1043,Mia Mueller,mia.mueller.1043@customer.co,Spain,2023-05-25,Standard,235.98
1044,Liam Patel,liam.patel.1044@inbox.net,Australia,2020-10-10,Standard,456.73
1045,Priya Brown,priya.brown.1045@mail.example.com,Australia,2022-06-19,Premium,227.91
1046,Lucas Garcia,lucas.garcia.1046@inbox.net,Italy,2022-08-15,Basic,218.27
1047,Priya Kim,priya.kim.1047@inbox.net,United States,2024-04-22,Premium,163.07
1048,Isabella Nguyen,isabella.nguyen.1048@inbox.net,India,2022-06-21,Standard,162.18
1049,Liam Dubois,liam.dubois.1049@mail.example.com,Canada,2023-01-08,Premium,238.54
1050,Noah Kim,noah.kim.1050@mail.example.com,Italy,2024-11-06,Standard,137.48
1051,Sofia Garcia,sofia.garcia.1051@customer.co,Australia,2024-03-14,Standard,386.14
1052,Maria Lee,maria.lee.1052@shopmail.io,Spain,2022-06-09,Premium,104.02
1053,Arjun Martin,arjun.martin.1053@shopmail.io,United States,2018-05-28,Standard,182.21
1054,Arjun Smith,arjun.smith.1054@inbox.net,United States,2019-10-05,Basic,263.25
1055,Liam Mueller,liam.mueller.1055@mail.example.com,Canada,2019-05-22,Premium,436.51
1056,Arjun Khan,arjun.khan.1056@customer.co,United Kingdom,2018-11-10,Standard,115.63
1057,Maria Taylor,maria.taylor.1057@mail.example.com,Spain,2024-10-13,Basic,453.03
1058,Mia Garcia,mia.garcia.1058@customer.co,Australia,2022-10-08,Premium,298.51
1059,Olivia Martin,olivia.martin.1059@customer.co,Italy,2023-04-15,Premium,165.85
1060,Noah Mueller,noah.mueller.1060@customer.co,Netherlands,2021-03-10,Standard,128.76
1061,Mia Martin,mia.martin.1061@customer.co,Spain,2019-03-20,Standard,243.06
1062,Emma Kim,emma.kim.1062@mail.example.com,Canada,2021-09-23,Standard,212.98
1063,Chen Khan,chen.khan.1063@shopmail.io,Netherlands,2024-08-27,Standard,66.60
1064,Aisha Patel,aisha.patel.1064@shopmail.io,United States,2023-07-15,Premium,331.51
1065,Liam Brown,liam.brown.1065@customer.co,Italy,2024-09-18,Standard,188.30
1066,Noah Wilson,noah.wilson.1066@inbox.net,Spain,2023-08-10,Premium,711.03
1067,Sofia Lee,sofia.lee.1067@mail.example.com,United Kingdom,2022-10-10,Standard,220.84
1068,Lucas Patel,lucas.patel.1068@mail.example.com,Germany,2020-03-19,Standard,372.69
1069,Emma Wilson,emma.wilson.1069@shopmail.io,Spain,2023-06-19,Basic,81.56
1070,Chen Martin,chen.martin.1070@mail.example.com,India,2021-04-20,Basic,218.46
1071,Lucas Dubois,lucas.dubois.1071@customer.co,Italy,2025-04-17,Basic,153.92
1072,Chen Garcia,chen.garcia.1072@customer.co,Spain,2024-10-12,Standard,886.93
1073,Liam Singh,liam.singh.1073@shopmail.io,Germany,2023-11-18,Standard,1894.62
1074,Lucas Wilson,lucas.wilson.1074@inbox.net,United Kingdom,2018-01-23,Standard,180.40
1075,Liam Martin,liam.martin.1075@customer.co,United Kingdom,2018-09-08,Premium,435.33
1076,Ethan Singh,ethan.singh.1076@mail.example.com,France,2021-01-29,Standard,546.30
1077,Liam Wilson,liam.wilson.1077@customer.co,Italy,2022-07-10,Basic,168.28
1078,Mia Mueller,mia.mueller.1078@shopmail.io,United Kingdom,2020-06-05,Standard,312.22
1079,Liam Garcia,liam.garcia.1079@customer.co,Italy,2024-08-22,Standard,408.40
1080,Ethan Mueller,ethan.mueller.1080@inbox.net,France,2019-11-20,Basic,571.20
1081,James Khan,james.khan.1081@inbox.net,United States,2021-08-17,Standard,294.16
1082,Maria Dubois,maria.dubois.1082@customer.co,Spain,2019-04-26,Basic,201.59
1083,Aisha Taylor,aisha.taylor.1083@customer.co,Canada,2023-11-09,Standard,879.85
1084,Sofia Taylor,sofia.taylor.1084@shopmail.io,Canada,2019-08-09,Premium,294.12
1085,Arjun Brown,arjun.brown.1085@mail.example.com,Spain,2022-11-19,Standard,229.42
1086,Priya Nguyen,priya.nguyen.1086@inbox.net,France,2024-12-02,Premium,431.88
1087,Olivia Dubois,olivia.dubois.1087@shopmail.io,United States,2020-03-13,Basic,649.72
1088,Emma Nguyen,emma.nguyen.1088@customer.co,Spain,2018-02-23,Standard,101.23
1089,Ethan Mueller,ethan.mueller.1089@mail.example.com,Canada,2021-01-28,Premium,135.30
1090,Priya Smith,priya.smith.1090@inbox.net,Spain,2019-03-02,Basic,349.35
1091,James Nguyen,james.nguyen.1091@shopmail.io,Germany,2018-12-06,Premium,463.58
1092,Noah Wilson,noah.wilson.1092@mail.example.com,Australia,2025-07-15,Basic,82.49
1093,Arjun Dubois,arjun.dubois.1093@mail.example.com,India,2022-09-02,Standard,2079.58
1094,Arjun Lee,arjun.lee.1094@mail.example.com,Germany,2022-12-22,Standard,246.59
1095,James Mueller,james.mueller.1095@mail.example.com,Canada,2021-01-26,Standard,379.34
1096,Olivia Nguyen,olivia.nguyen.1096@mail.example.com,Italy,2023-03-12,Premium,184.45
1097,Maria Patel,maria.patel.1097@customer.co,Italy,2025-01-10,Basic,151.87
1098,James Khan,james.khan.1098@shopmail.io,Canada,2025-08-20,Premium,157.10
1099,Priya Dubois,priya.dubois.1099@customer.co,United States,2022-04-03,Basic,894.74
1100,Lucas Mueller,lucas.mueller.1100@shopmail.io,France,2021-01-22,Premium,118.99
1101,Mia Kim,mia.kim.1101@customer.co,United Kingdom,2023-06-30,Premium,96.49
1102,Sofia Rossi,sofia.rossi.1102@shopmail.io,United States,2024-07-25,Standard,535.79
1103,Noah Garcia,noah.garcia.1103@customer.co,Canada,2020-04-29,Standard,64.50
1104,Sofia Martin,sofia.martin.1104@customer.co,United Kingdom,2023-10-04,Basic,322.39
1105,Isabella Kim,isabella.kim.1105@mail.example.com,Spain,2025-05-20,Standard,233.74
1106,Priya Garcia,priya.garcia.1106@inbox.net,Italy,2018-05-19,Standard,228.97
1107,Sofia Martin,sofia.martin.1107@shopmail.io,India,2023-05-02,Premium,34.58
1108,Sofia Nguyen,sofia.nguyen.1108@shopmail.io,United States,2022-12-04,Standard,148.61
1109,Isabella Rossi,isabella.rossi.1109@inbox.net,Netherlands,2020-09-24,Standard,294.27
1110,Liam Martin,liam.martin.1110@customer.co,United States,2020-08-17,Standard,122.46
1111,Isabella Dubois,isabella.dubois.1111@customer.co,Italy,2022-06-30,Basic,248.76
1112,Ethan Smith,ethan.smith.1112@shopmail.io,Italy,2019-07-26,Premium,127.15
1113,Chen Lee,chen.lee.1113@customer.co,Netherlands,2022-06-10,Standard,80.02
1114,Chen Singh,chen.singh.1114@shopmail.io,France,2022-11-24,Premium,181.90
1115,Maria Martin,maria.martin.1115@customer.co,United States,2023-05-10,Standard,1264.71
1116,Chen Nguyen,chen.nguyen.1116@shopmail.io,Netherlands,2025-06-30,Premium,273.93
1117,Noah Wilson,noah.wilson.1117@shopmail.io,India,2021-09-01,Standard,195.13
1118,Mia Mueller,mia.mueller.1118@inbox.net,Spain,2018-10-21,Basic,423.89
1119,Sofia Singh,sofia.singh.1119@shopmail.io,Australia,2022-01-23,Standard,465.87
1120,Sofia Taylor,sofia.taylor.1120@mail.example.com,France,2019-07-20,Basic,450.83
1121,Emma Kim,emma.kim.1121@inbox.net,Germany,2022-10-10,Premium,181.34
1122,Chen Mueller,chen.mueller.1122@customer.co,India,2020-01-06,Standard,388.84
1123,Chen Brown,chen.brown.1123@mail.example.com,Australia,2019-02-20,Standard,576.67
1124,Priya Wilson,priya.wilson.1124@shopmail.io,Italy,2023-09-08,Standard,404.23
1125,Noah Lee,noah.lee.1125@inbox.net,India,2018-08-12,Standard,152.23
1126,Liam Brown,liam.brown.1126@inbox.net,Spain,2022-03-08,Standard,389.31
1127,Isabella Singh,isabella.singh.1127@inbox.net,Spain,2022-04-20,Basic,127.87
1128,Arjun Lee,arjun.lee.1128@inbox.net,India,2018-07-18,Premium,359.18
1129,Emma Mueller,emma.mueller.1129@mail.example.com,Italy,2022-02-21,Premium,623.56
1130,Liam Brown,liam.brown.1130@customer.co,Germany,2021-04-16,Standard,52.08
1131,Sofia Brown,sofia.brown.1131@mail.example.com,Australia,2018-05-30,Premium,126.32
1132,Olivia Martin,olivia.martin.1132@shopmail.io,Germany,2025-02-05,Standard,93.83
1133,Emma Brown,emma.brown.1133@shopmail.io,Spain,2024-05-19,Basic,165.42
1134,Emma Smith,emma.smith.1134@mail.example.com,India,2023-10-01,Premium,199.42
1135,Lucas Patel,lucas.patel.1135@inbox.net,United States,2020-01-24,Standard,320.17
1136,Lucas Mueller,lucas.mueller.1136@inbox.net,United Kingdom,2020-02-24,Basic,351.34
1137,Ethan Mueller,ethan.mueller.1137@shopmail.io,United States,2022-03-13,Basic,345.23
1138,Ethan Singh,ethan.singh.1138@shopmail.io,Canada,2023-08-17,Standard,557.86
1139,Priya Smith,priya.smith.1139@mail.example.com,India,2025-05-15,Standard,144.57
1140,Chen Mueller,chen.mueller.1140@mail.example.com,Australia,2020-06-24,Standard,177.59
1141,Maria Rossi,maria.rossi.1141@inbox.net,Italy,2021-09-08,Standard,1315.32
1142,Olivia Brown,olivia.brown.1142@customer.co,Australia,2022-12-26,Standard,276.01
1143,Chen Singh,chen.singh.1143@shopmail.io,India,2020-11-13,Basic,243.96
1144,Noah Smith,noah.smith.1144@inbox.net,Spain,2021-11-15,Standard,272.11
1145,Maria Kim,maria.kim.1145@customer.co,Netherlands,2025-07-25,Basic,259.40
1146,Emma Smith,emma.smith.1146@inbox.net,India,2018-04-06,Premium,333.70
1147,Isabella Mueller,isabella.mueller.1147@shopmail.io,India,2024-10-22,Standard,240.67
1148,Arjun Patel,arjun.patel.1148@shopmail.io,India,2024-03-03,Premium,275.39
1149,Noah Nguyen,noah.nguyen.1149@customer.co,Australia,2025-01-25,Basic,184.90
1150,Maria Lee,maria.lee.1150@inbox.net,France,2022-07-13,Basic,142.80
1151,Emma Khan,emma.khan.1151@shopmail.io,India,2021-03-27,Standard,551.70
1152,James Taylor,james.taylor.1152@mail.example.com,India,2024-07-04,Basic,698.96
1153,Priya Brown,priya.brown.1153@shopmail.io,Germany,2024-11-02,Basic,174.41
1154,Ethan Taylor,ethan.taylor.1154@mail.example.com,Australia,2024-11-02,Basic,407.55
1155,Aisha Garcia,aisha.garcia.1155@customer.co,United States,2024-09-29,Standard,234.53
1156,Mia Khan,mia.khan.1156@shopmail.io,Netherlands,2022-02-20,Standard,412.88
1157,Lucas Wilson,lucas.wilson.1157@shopmail.io,Australia,2019-06-28,Standard,214.22
1158,Liam Patel,liam.patel.1158@shopmail.io,Italy,2022-12-23,Basic,116.02
1159,Aisha Khan,aisha.khan.1159@customer.co,Germany,2020-09-29,Premium,211.09
1160,Emma Martin,emma.martin.1160@inbox.net,India,2018-10-16,Basic,1519.29
1161,Isabella Brown,isabella.brown.1161@mail.example.com,Netherlands,2023-05-24,Basic,762.94
1162,Arjun Martin,arjun.martin.1162@inbox.net,Spain,2025-01-21,Premium,337.59
1163,Priya Singh,priya.singh.1163@customer.co,Italy,2019-04-03,Standard,133.73
1164,Lucas Garcia,lucas.garcia.1164@shopmail.io,Netherlands,2020-05-10,Standard,314.31
1165,Liam Patel,liam.patel.1165@inbox.net,France,2020-11-30,Standard,399.71
1166,Sofia Mueller,sofia.mueller.1166@customer.co,Italy,2021-02-01,Standard,160.32
1167,Ethan Smith,ethan.smith.1167@shopmail.io,Australia,2024-04-27,Basic,124.11
1168,Sofia Martin,sofia.martin.1168@inbox.net,Canada,2019-09-25,Standard,347.31
1169,Lucas Khan,lucas.khan.1169@inbox.net,Canada,2025-02-21,Standard,123.28
1170,Aisha Smith,aisha.smith.1170@mail.example.com,Canada,2022-01-31,Basic,279.81
1171,Lucas Taylor,lucas.taylor.1171@shopmail.io,Australia,2025-03-22,Basic,769.67
1172,Chen Rossi,chen.rossi.1172@inbox.net,Germany,2023-11-22,Basic,162.82
1173,Emma Garcia,emma.garcia.1173@mail.example.com,Australia,2020-07-09,Standard,148.75
1174,Liam Kim,liam.kim.1174@mail.example.com,France,2021-12-31,Standard,62.14
1175,Emma Singh,emma.singh.1175@shopmail.io,France,2022-01-29,Standard,1581.55
1176,Priya Smith,priya.smith.1176@mail.example.com,Canada,2024-03-16,Standard,107.65
1177,Olivia Wilson,olivia.wilson.1177@shopmail.io,France,2020-11-14,Basic,59.96
1178,Isabella Martin,isabella.martin.1178@shopmail.io,United States,2024-10-31,Premium,65.42
1179,Liam Taylor,liam.taylor.1179@mail.example.com,Germany,2023-11-11,Standard,855.09
1180,Liam Smith,liam.smith.1180@inbox.net,Netherlands,2019-02-07,Standard,56.00
1181,Olivia Dubois,olivia.dubois.1181@shopmail.io,Netherlands,2019-04-22,Basic,124.08
1182,Emma Patel,emma.patel.1182@inbox.net,Canada,2024-05-20,Standard,64.24
1183,James Rossi,james.rossi.1183@inbox.net,United States,2020-10-28,Standard,196.32
1184,Isabella Brown,isabella.brown.1184@inbox.net,Spain,2021-03-08,Standard,241.69
1185,Priya Mueller,priya.mueller.1185@customer.co,Netherlands,2019-04-02,Standard,261.66
1186,Isabella Garcia,isabella.garcia.1186@mail.example.com,India,2025-07-19,Standard,233.14
1187,Liam Patel,liam.patel.1187@shopmail.io,France,2019-03-22,Basic,197.30
1188,Isabella Kim,isabella.kim.1188@inbox.net,United Kingdom,2021-05-14,Standard,245.57
1189,Mia Rossi,mia.rossi.1189@shopmail.io,India,2019-12-05,Standard,346.83
1190,Arjun Garcia,arjun.garcia.1190@customer.co,France,2020-12-12,Standard,1479.25
1191,Emma Dubois,emma.dubois.1191@customer.co,Australia,2021-07-15,Basic,178.53
1192,Emma Mueller,emma.mueller.1192@inbox.net,United States,2022-08-02,Standard,190.44
1193,Sofia Lee,sofia.lee.1193@customer.co,Australia,2018-04-07,Basic,59.65
1194,Sofia Brown,sofia.brown.1194@shopmail.io,France,2024-12-04,Basic,142.07
1195,Olivia Singh,olivia.singh.1195@customer.co,Netherlands,2024-08-25,Basic,119.95
1196,Emma Smith,emma.smith.1196@inbox.net,United States,2019-02-20,Basic,357.01
1197,James Lee,james.lee.1197@customer.co,United Kingdom,2023-04-17,Standard,268.42
1198,Chen Dubois,chen.dubois.1198@inbox.net,Germany,2019-09-09,Basic,83.82
1199,Ethan Mueller,ethan.mueller.1199@customer.co,Italy,2024-02-17,Standard,284.60
1200,Isabella Lee,isabella.lee.1200@mail.example.com,Germany,2018-10-06,Standard,259.85
1201,Arjun Khan,arjun.khan.1201@shopmail.io,Germany,2021-08-08,Standard,105.86
1202,Emma Kim,emma.kim.1202@customer.co,Canada,2024-10-08,Standard,120.18
1203,Lucas Dubois,lucas.dubois.1203@inbox.net,Netherlands,2018-07-16,Premium,100.79
1204,Arjun Taylor,arjun.taylor.1204@inbox.net,United States,2023-08-28,Premium,715.21
1205,Arjun Khan,arjun.khan.1205@customer.co,United Kingdom,2018-11-06,Standard,263.55
1206,Ethan Patel,ethan.patel.1206@mail.example.com,Italy,2023-04-03,Basic,556.92
1207,Ethan Lee,ethan.lee.1207@inbox.net,Canada,2023-03-23,Basic,1079.79
1208,Emma Dubois,emma.dubois.1208@mail.example.com,Germany,2025-04-07,Basic,625.22
1209,Ethan Nguyen,ethan.nguyen.1209@inbox.net,United States,2022-07-03,Standard,1075.76
1210,Ethan Mueller,ethan.mueller.1210@customer.co,France,2024-07-21,Premium,126.69
1211,Priya Khan,priya.khan.1211@customer.co,Italy,2019-09-18,Standard,205.76
1212,Aisha Khan,aisha.khan.1212@mail.example.com,Germany,2024-01-22,Premium,182.67
1213,Sofia Patel,sofia.patel.1213@shopmail.io,France,2021-05-25,Standard,176.06
1214,Chen Brown,chen.brown.1214@mail.example.com,Netherlands,2022-12-02,Basic,452.24
1215,Noah Kim,noah.kim.1215@mail.example.com,Germany,2023-09-07,Standard,101.08
1216,Mia Rossi,mia.rossi.1216@customer.co,Australia,2022-08-28,Basic,88.25
1217,Aisha Kim,aisha.kim.1217@customer.co,Spain,2019-04-04,Basic,465.32
1218,Emma Smith,emma.smith.1218@mail.example.com,Australia,2022-01-16,Premium,489.98
1219,Liam Wilson,liam.wilson.1219@inbox.net,Netherlands,2018-03-06,Premium,70.59
1220,Liam Martin,liam.martin.1220@shopmail.io,Germany,2024-05-01,Standard,184.51
1221,James Garcia,james.garcia.1221@mail.example.com,United States,2024-09-08,Standard,96.42
1222,Isabella Kim,isabella.kim.1222@inbox.net,Germany,2022-09-14,Basic,347.78
1223,Chen Garcia,chen.garcia.1223@mail.example.com,Germany,2018-05-03,Basic,411.74
1224,Emma Kim,emma.kim.1224@customer.co,Italy,2021-08-08,Standard,1618.91
1225,James Khan,james.khan.1225@shopmail.io,India,2018-07-10,Premium,72.09
1226,Olivia Brown,olivia.brown.1226@mail.example.com,United States,2021-11-29,Basic,353.48
1227,Mia Kim,mia.kim.1227@inbox.net,Germany,2024-10-06,Premium,32.91
1228,Isabella Lee,isabella.lee.1228@customer.co,Germany,2021-08-15,Premium,176.87
1229,Priya Taylor,priya.taylor.1229@inbox.net,Netherlands,2024-05-28,Standard,423.95
1230,Aisha Garcia,aisha.garcia.1230@mail.example.com,India,2021-03-02,Standard,162.33
1231,Mia Rossi,mia.rossi.1231@customer.co,Australia,2023-03-08,Premium,154.34
1232,Priya Rossi,priya.rossi.1232@shopmail.io,Australia,2022-09-25,Standard,607.72
1233,Sofia Lee,sofia.lee.1233@inbox.net,United States,2020-03-21,Premium,2151.41
1234,Chen Smith,chen.smith.1234@inbox.net,Netherlands,2021-11-09,Premium,123.35
1235,Aisha Lee,aisha.lee.1235@shopmail.io,Netherlands,2024-12-19,Basic,725.67
1236,Liam Taylor,liam.taylor.1236@customer.co,Australia,2020-02-03,Standard,649.21
1237,Liam Nguyen,liam.nguyen.1237@mail.example.com,Australia,2023-10-28,Basic,235.46
1238,Liam Patel,liam.patel.1238@shopmail.io,United Kingdom,2020-07-19,Basic,220.64
1239,Emma Wilson,emma.wilson.1239@customer.co,Canada,2023-01-28,Premium,269.98
1240,Noah Taylor,noah.taylor.1240@shopmail.io,Germany,2025-08-19,Basic,247.34
1241,Aisha Khan,aisha.khan.1241@shopmail.io,Italy,2023-12-14,Premium,401.75
1242,Olivia Smith,olivia.smith.1242@shopmail.io,Australia,2019-10-13,Basic,191.53
1243,Maria Lee,maria.lee.1243@shopmail.io,Spain,2024-11-02,Premium,396.54
1244,Noah Wilson,noah.wilson.1244@inbox.net,Netherlands,2023-04-01,Standard,195.79
1245,Sofia Garcia,sofia.garcia.1245@customer.co,France,2024-11-16,Basic,181.87
1246,Ethan Patel,ethan.patel.1246@shopmail.io,France,2022-05-22,Premium,211.95
1247,Isabella Garcia,isabella.garcia.1247@customer.co,United Kingdom,2020-07-15,Standard,203.27
1248,Liam Garcia,liam.garcia.1248@customer.co,United States,2025-02-21,Basic,193.05
1249,Maria Taylor,maria.taylor.1249@inbox.net,France,2025-05-29,Standard,56.36
1250,Emma Mueller,emma.mueller.1250@shopmail.io,United Kingdom,2021-10-30,Basic,282.93
1251,Mia Mueller,mia.mueller.1251@inbox.net,Italy,2019-11-21,Basic,99.53
1252,Mia Martin,mia.martin.1252@shopmail.io,Spain,2019-02-27,Standard,1303.86
1253,Maria Martin,maria.martin.1253@inbox.net,India,2022-09-24,Standard,302.85
1254,James Lee,james.lee.1254@customer.co,Australia,2018-12-07,Premium,325.97
1255,James Patel,james.patel.1255@shopmail.io,Italy,2022-11-12,Basic,233.25
1256,Priya Mueller,priya.mueller.1256@inbox.net,Italy,2023-10-27,Premium,918.51
1257,Arjun Dubois,arjun.dubois.1257@mail.example.com,Italy,2019-01-24,Standard,896.95
1258,Maria Khan,maria.khan.1258@inbox.net,India,2018-06-13,Standard,357.19
1259,Sofia Lee,sofia.lee.1259@mail.example.com,India,2025-01-16,Basic,759.78
1260,Lucas Khan,lucas.khan.1260@shopmail.io,United States,2025-01-26,Standard,499.90
1261,Sofia Patel,sofia.patel.1261@inbox.net,Canada,2022-01-08,Standard,216.13
1262,Arjun Lee,arjun.lee.1262@inbox.net,Canada,2019-10-20,Standard,226.37
1263,Aisha Taylor,aisha.taylor.1263@inbox.net,Australia,2019-12-06,Basic,269.26
1264,Arjun Singh,arjun.singh.1264@shopmail.io,Australia,2021-06-06,Basic,135.00
1265,Maria Dubois,maria.dubois.1265@inbox.net,Germany,2022-04-17,Basic,323.29
1266,Aisha Mueller,aisha.mueller.1266@inbox.net,Australia,2019-10-15,Basic,237.43
1267,Chen Nguyen,chen.nguyen.1267@customer.co,Spain,2024-01-14,Premium,131.96
1268,Chen Brown,chen.brown.1268@shopmail.io,Australia,2023-12-23,Standard,1113.68
1269,Sofia Brown,sofia.brown.1269@customer.co,Italy,2024-05-24,Premium,88.57
1270,Maria Nguyen,maria.nguyen.1270@shopmail.io,Canada,2018-04-18,Basic,225.38
1271,Emma Kim,emma.kim.1271@shopmail.io,Germany,2018-02-20,Basic,84.05
1272,Liam Kim,liam.kim.1272@inbox.net,India,2024-03-28,Basic,632.45
1273,Olivia Rossi,olivia.rossi.1273@inbox.net,Italy,2022-05-05,Premium,99.99
1274,Lucas Mueller,lucas.mueller.1274@shopmail.io,Australia,2024-01-23,Basic,146.16
1275,Sofia Patel,sofia.patel.1275@inbox.net,Spain,2021-07-08,Basic,259.90
1276,Maria Khan,maria.khan.1276@shopmail.io,Netherlands,2021-01-07,Basic,137.94
1277,Ethan Wilson,ethan.wilson.1277@inbox.net,United Kingdom,2019-12-03,Premium,338.41
1278,James Taylor,james.taylor.1278@inbox.net,Germany,2018-09-19,Standard,1772.42
1279,Priya Nguyen,priya.nguyen.1279@mail.example.com,Italy,2023-07-04,Premium,491.84
1280,Noah Martin,noah.martin.1280@inbox.net,Canada,2024-01-15,Basic,106.33
1281,Lucas Lee,lucas.lee.1281@inbox.net,Germany,2024-01-20,Standard,39.62
1282,Priya Rossi,priya.rossi.1282@mail.example.com,United Kingdom,2024-11-19,Standard,385.17
1283,Maria Taylor,maria.taylor.1283@shopmail.io,Germany,2018-05-01,Standard,137.37
1284,Priya Dubois,priya.dubois.1284@inbox.net,India,2022-04-11,Standard,1030.03
1285,Lucas Singh,lucas.singh.1285@customer.co,Germany,2022-10-29,Premium,192.89
1286,Mia Mueller,mia.mueller.1286@shopmail.io,Australia,2025-04-05,Standard,118.72
1287,Priya Patel,priya.patel.1287@mail.example.com,Italy,2018-09-07,Standard,505.65
1288,Olivia Smith,olivia.smith.1288@customer.co,United Kingdom,2019-12-08,Standard,173.73
1289,Aisha Lee,aisha.lee.1289@customer.co,United Kingdom,2025-08-30,Standard,139.95
1290,Mia Garcia,mia.garcia.1290@shopmail.io,Spain,2019-09-02,Standard,623.47
1291,Arjun Wilson,arjun.wilson.1291@mail.example.com,Canada,2021-04-08,Standard,3259.57
1292,Maria Nguyen,maria.nguyen.1292@mail.example.com,Netherlands,2020-03-02,Standard,283.87
1293,Ethan Garcia,ethan.garcia.1293@inbox.net,Netherlands,2019-04-22,Basic,899.05
1294,Priya Taylor,priya.taylor.1294@inbox.net,France,2022-07-14,Premium,163.10
1295,James Nguyen,james.nguyen.1295@mail.example.com,Spain,2019-01-08,Premium,874.87
1296,Priya Lee,priya.lee.1296@inbox.net,Spain,2025-03-19,Standard,267.28
1297,Aisha Mueller,aisha.mueller.1297@inbox.net,India,2022-11-18,Standard,223.82
1298,Noah Patel,noah.patel.1298@inbox.net,Italy,2022-05-12,Standard,240.39
1299,Liam Singh,liam.singh.1299@mail.example.com,Spain,2018-06-20,Basic,1238.26
1300,Aisha Patel,aisha.patel.1300@shopmail.io,Australia,2018-07-16,Standard,815.48
1301,Olivia Smith,olivia.smith.1301@mail.example.com,India,2023-09-14,Premium,175.36
1302,Olivia Wilson,olivia.wilson.1302@shopmail.io,United Kingdom,2023-02-16,Premium,135.73
1303,Chen Dubois,chen.dubois.1303@inbox.net,France,2024-05-28,Standard,103.30
1304,Priya Rossi,priya.rossi.1304@mail.example.com,Canada,2018-01-20,Premium,507.55
1305,Mia Kim,mia.kim.1305@shopmail.io,India,2020-07-24,Standard,573.37
1306,Sofia Dubois,sofia.dubois.1306@inbox.net,Italy,2025-01-08,Basic,85.55
1307,Liam Kim,liam.kim.1307@inbox.net,United States,2022-08-31,Basic,2806.01
1308,Arjun Brown,arjun.brown.1308@inbox.net,Canada,2024-09-24,Standard,437.11
1309,James Lee,james.lee.1309@mail.example.com,United Kingdom,2019-04-18,Standard,47.45
1310,Chen Dubois,chen.dubois.1310@shopmail.io,Canada,2025-08-20,Basic,67.71
1311,Lucas Dubois,lucas.dubois.1311@customer.co,United Kingdom,2019-05-05,Standard,161.76
1312,Noah Wilson,noah.wilson.1312@inbox.net,France,2019-06-05,Basic,156.41
1313,Olivia Smith,olivia.smith.1313@inbox.net,Germany,2018-12-09,Standard,122.11
1314,Isabella Martin,isabella.martin.1314@inbox.net,Germany,2022-12-16,Basic,97.38
1315,Ethan Khan,ethan.khan.1315@customer.co,United States,2024-05-18,Premium,142.50
1316,James Garcia,james.garcia.1316@mail.example.com,India,2022-04-06,Standard,189.17
1317,Chen Mueller,chen.mueller.1317@customer.co,Netherlands,2018-04-14,Standard,88.98
1318,Arjun Singh,arjun.singh.1318@shopmail.io,Germany,2024-02-20,Premium,116.74
1319,Sofia Smith,sofia.smith.1319@mail.example.com,Italy,2019-11-27,Premium,70.93
1320,Lucas Dubois,lucas.dubois.1320@shopmail.io,United States,2024-04-27,Standard,171.32
1321,Olivia Patel,olivia.patel.1321@inbox.net,Canada,2024-11-28,Premium,572.08
1322,Noah Singh,noah.singh.1322@customer.co,Australia,2025-02-20,Basic,120.70
1323,Emma Singh,emma.singh.1323@customer.co,France,2019-08-15,Basic,87.62
1324,Liam Lee,liam.lee.1324@customer.co,Germany,2022-02-16,Basic,691.69
1325,Lucas Smith,lucas.smith.1325@inbox.net,Spain,2020-07-18,Standard,183.66
1326,Noah Garcia,noah.garcia.1326@inbox.net,Netherlands,2022-05-11,Basic,203.19
1327,Emma Nguyen,emma.nguyen.1327@shopmail.io,France,2020-06-07,Standard,317.92
1328,Lucas Kim,lucas.kim.1328@inbox.net,Spain,2022-07-31,Standard,451.49
1329,Sofia Lee,sofia.lee.1329@inbox.net,Canada,2024-12-29,Standard,185.37
1330,Noah Smith,noah.smith.1330@inbox.net,Spain,2022-11-04,Premium,32.34
1331,Chen Singh,chen.singh.1331@shopmail.io,Canada,2025-08-19,Premium,96.42
1332,Ethan Khan,ethan.khan.1332@shopmail.io,Germany,2022-08-12,Premium,131.98
1333,Sofia Singh,sofia.singh.1333@inbox.net,Australia,2024-11-05,Standard,971.36
1334,Mia Khan,mia.khan.1334@mail.example.com,United States,2018-02-05,Standard,761.31
1335,Mia Wilson,mia.wilson.1335@customer.co,France,2019-09-09,Basic,189.79
1336,Aisha Mueller,aisha.mueller.1336@inbox.net,Netherlands,2021-10-18,Basic,30.79
1337,Lucas Garcia,lucas.garcia.1337@shopmail.io,Germany,2022-08-28,Standard,70.22
1338,Maria Taylor,maria.taylor.1338@inbox.net,Canada,2020-10-18,Basic,184.42
1339,Maria Lee,maria.lee.1339@mail.example.com,Italy,2022-01-24,Basic,227.85
1340,Mia Singh,mia.singh.1340@mail.example.com,Australia,2018-10-10,Standard,545.23
1341,Chen Garcia,chen.garcia.1341@mail.example.com,Australia,2024-10-05,Standard,317.45
1342,Isabella Singh,isabella.singh.1342@shopmail.io,Australia,2020-11-01,Premium,615.06
1343,Aisha Taylor,aisha.taylor.1343@inbox.net,Australia,2019-11-15,Standard,341.56
1344,James Lee,james.lee.1344@inbox.net,Australia,2018-06-15,Standard,151.17
1345,Liam Martin,liam.martin.1345@customer.co,Spain,2018-05-09,Basic,460.08
1346,Chen Wilson,chen.wilson.1346@mail.example.com,Canada,2022-04-09,Basic,465.08
1347,Aisha Dubois,aisha.dubois.1347@customer.co,India,2021-10-06,Standard,148.02
1348,Sofia Khan,sofia.khan.1348@customer.co,Germany,2021-11-19,Standard,794.15
1349,Lucas Mueller,lucas.mueller.1349@inbox.net,United Kingdom,2025-06-21,Standard,239.63
1350,Mia Nguyen,mia.nguyen.1350@mail.example.com,Germany,2024-05-31,Basic,159.38
1351,Isabella Kim,isabella.kim.1351@shopmail.io,Italy,2025-01-08,Basic,923.35
1352,Arjun Singh,arjun.singh.1352@mail.example.com,United States,2019-07-23,Standard,122.41
1353,Aisha Dubois,aisha.dubois.1353@mail.example.com,United Kingdom,2022-05-04,Basic,412.32
1354,Sofia Lee,sofia.lee.1354@inbox.net,Italy,2020-02-02,Standard,234.87
1355,Emma Mueller,emma.mueller.1355@inbox.net,Germany,2023-09-11,Basic,605.38
1356,James Patel,james.patel.1356@shopmail.io,United Kingdom,2018-11-07,Premium,150.72
1357,Aisha Garcia,aisha.garcia.1357@inbox.net,Italy,2021-04-30,Basic,385.85
1358,Ethan Brown,ethan.brown.1358@customer.co,France,2023-12-14,Standard,146.41
1359,James Lee,james.lee.1359@shopmail.io,United Kingdom,2018-09-10,Basic,347.42
1360,Maria Singh,maria.singh.1360@inbox.net,United Kingdom,2025-07-23,Standard,567.28
1361,Isabella Dubois,isabella.dubois.1361@customer.co,Italy,2025-08-09,Basic,62.05
1362,Maria Rossi,maria.rossi.1362@inbox.net,Australia,2023-08-09,Standard,571.88
1363,Liam Khan,liam.khan.1363@shopmail.io,Italy,2019-11-30,Standard,313.28
1364,James Martin,james.martin.1364@inbox.net,Netherlands,2023-03-18,Standard,223.77
1365,Emma Garcia,emma.garcia.1365@mail.example.com,Germany,2021-07-21,Premium,442.51
1366,Noah Wilson,noah.wilson.1366@shopmail.io,Germany,2024-08-25,Standard,212.73
1367,Chen Kim,chen.kim.1367@customer.co,France,2018-03-30,Premium,205.31
1368,Emma Brown,emma.brown.1368@inbox.net,India,2022-11-18,Premium,167.89
1369,Arjun Garcia,arjun.garcia.1369@mail.example.com,United Kingdom,2021-08-17,Standard,347.89
1370,Lucas Singh,lucas.singh.1370@inbox.net,France,2022-09-02,Standard,88.02
1371,Emma Smith,emma.smith.1371@customer.co,Italy,2022-10-24,Basic,321.46
1372,Ethan Patel,ethan.patel.1372@customer.co,Germany,2022-02-22,Standard,260.27
1373,Ethan Singh,ethan.singh.1373@shopmail.io,Australia,2020-08-14,Premium,216.03
1374,Mia Wilson,mia.wilson.1374@inbox.net,Canada,2024-03-23,Basic,1590.37
1375,Sofia Rossi,sofia.rossi.1375@shopmail.io,France,2023-06-25,Basic,749.42
1376,Ethan Singh,ethan.singh.1376@inbox.net,Germany,2024-12-29,Basic,28.60
1377,Sofia Patel,sofia.patel.1377@customer.co,United Kingdom,2023-01-16,Standard,146.31
1378,Noah Khan,noah.khan.1378@customer.co,United States,2023-04-25,Premium,885.34
1379,Aisha Kim,aisha.kim.1379@inbox.net,Spain,2019-08-22,Standard,63.19
1380,Isabella Mueller,isabella.mueller.1380@shopmail.io,France,2024-09-13,Basic,237.31
1381,Ethan Patel,ethan.patel.1381@shopmail.io,India,2022-09-29,Standard,261.14
1382,Lucas Wilson,lucas.wilson.1382@customer.co,United States,2018-04-29,Basic,172.76
1383,Priya Lee,priya.lee.1383@shopmail.io,Netherlands,2025-01-07,Basic,83.05
1384,Noah Taylor,noah.taylor.1384@customer.co,Netherlands,2021-02-04,Premium,218.82
1385,Aisha Martin,aisha.martin.1385@customer.co,United States,2019-05-23,Standard,119.78
1386,James Wilson,james.wilson.1386@inbox.net,Spain,2018-04-15,Standard,235.89
1387,Priya Brown,priya.brown.1387@mail.example.com,Canada,2021-08-20,Standard,197.77
1388,Ethan Khan,ethan.khan.1388@mail.example.com,United Kingdom,2019-07-28,Standard,344.98
1389,Chen Patel,chen.patel.1389@customer.co,Australia,2021-10-17,Standard,538.94
1390,Maria Brown,maria.brown.1390@mail.example.com,Spain,2022-09-02,Standard,91.34
1391,Priya Khan,priya.khan.1391@mail.example.com,Canada,2020-07-20,Standard,535.02
1392,Aisha Smith,aisha.smith.1392@shopmail.io,Netherlands,2018-06-23,Standard,266.02
1393,James Kim,james.kim.1393@inbox.net,India,2018-03-20,Basic,117.84
1394,Olivia Khan,olivia.khan.1394@shopmail.io,Italy,2018-05-28,Standard,215.89
1395,Aisha Kim,aisha.kim.1395@shopmail.io,India,2020-05-21,Standard,292.13
1396,Chen Taylor,chen.taylor.1396@customer.co,Spain,2022-03-14,Premium,389.38
1397,Olivia Brown,olivia.brown.1397@customer.co,France,2021-09-01,Premium,86.16
1398,Mia Mueller,mia.mueller.1398@inbox.net,Italy,2025-04-22,Standard,356.59
1399,Priya Taylor,priya.taylor.1399@inbox.net,United Kingdom,2020-04-22,Basic,154.95
1400,Aisha Khan,aisha.khan.1400@shopmail.io,Italy,2021-05-27,Standard,1865.45
1401,Sofia Singh,sofia.singh.1401@customer.co,France,2023-09-25,Premium,364.89
1402,James Mueller,james.mueller.1402@inbox.net,Italy,2019-11-08,Premium,194.93
1403,Mia Singh,mia.singh.1403@shopmail.io,United Kingdom,2024-11-29,Standard,467.62
1404,Maria Dubois,maria.dubois.1404@shopmail.io,India,2022-03-08,Premium,102.03
1405,Maria Mueller,maria.mueller.1405@customer.co,Netherlands,2020-04-18,Standard,535.73
1406,Maria Dubois,maria.dubois.1406@shopmail.io,Netherlands,2024-07-02,Standard,147.93
1407,Lucas Taylor,lucas.taylor.1407@inbox.net,United States,2018-06-02,Standard,127.98
1408,Emma Brown,emma.brown.1408@mail.example.com,Canada,2021-02-27,Basic,273.20
1409,Lucas Singh,lucas.singh.1409@shopmail.io,France,2023-01-09,Standard,92.62
1410,Isabella Smith,isabella.smith.1410@inbox.net,Spain,2023-06-25,Basic,58.42
1411,Isabella Kim,isabella.kim.1411@mail.example.com,Italy,2022-02-13,Basic,390.14
1412,Emma Wilson,emma.wilson.1412@customer.co,Spain,2024-01-24,Standard,63.36
1413,Chen Nguyen,chen.nguyen.1413@inbox.net,Australia,2023-03-30,Basic,189.70
1414,Sofia Khan,sofia.khan.1414@inbox.net,Spain,2022-07-29,Standard,1389.27
1415,Sofia Brown,sofia.brown.1415@customer.co,Netherlands,2023-01-21,Premium,165.21
1416,Isabella Taylor,isabella.taylor.1416@shopmail.io,Italy,2021-10-31,Basic,260.38
1417,Olivia Lee,olivia.lee.1417@mail.example.com,India,2019-04-04,Basic,65.62
1418,Olivia Taylor,olivia.taylor.1418@customer.co,Netherlands,2019-04-24,Premium,134.94
1419,Sofia Martin,sofia.martin.1419@shopmail.io,Italy,2021-12-09,Basic,291.68
1420,Lucas Brown,lucas.brown.1420@shopmail.io,United States,2023-08-29,Standard,309.18
1421,Isabella Patel,isabella.patel.1421@customer.co,France,2024-01-29,Standard,82.50
1422,Priya Patel,priya.patel.1422@mail.example.com,United Kingdom,2020-11-04,Basic,171.83
1423,Emma Patel,emma.patel.1423@customer.co,Australia,2022-05-08,Standard,176.35
1424,Sofia Kim,sofia.kim.1424@mail.example.com,Netherlands,2018-05-10,Standard,1871.70
1425,Emma Nguyen,emma.nguyen.1425@inbox.net,Spain,2019-02-06,Standard,129.45
1426,Noah Martin,noah.martin.1426@customer.co,Spain,2019-01-13,Standard,361.16
1427,Maria Kim,maria.kim.1427@shopmail.io,Italy,2023-04-07,Basic,190.98
1428,James Nguyen,james.nguyen.1428@mail.example.com,Germany,2024-08-27,Standard,126.47
1429,Arjun Lee,arjun.lee.1429@shopmail.io,Netherlands,2021-01-30,Basic,717.60
1430,Lucas Rossi,lucas.rossi.1430@inbox.net,Germany,2023-01-25,Standard,54.88
1431,Liam Wilson,liam.wilson.1431@mail.example.com,Germany,2018-11-11,Premium,159.10
1432,Aisha Singh,aisha.singh.1432@inbox.net,France,2022-12-27,Standard,126.48
1433,Isabella Martin,isabella.martin.1433@shopmail.io,Italy,2024-04-24,Basic,130.25
1434,James Singh,james.singh.1434@customer.co,Spain,2019-03-12,Standard,497.03
1435,Noah Singh,noah.singh.1435@mail.example.com,United Kingdom,2018-12-24,Premium,182.46
1436,Liam Dubois,liam.dubois.1436@shopmail.io,Germany,2019-05-11,Basic,176.56
1437,James Garcia,james.garcia.1437@customer.co,Spain,2020-12-13,Premium,143.31
1438,Emma Patel,emma.patel.1438@mail.example.com,Spain,2018-06-12,Basic,408.79
1439,Aisha Kim,aisha.kim.1439@mail.example.com,Australia,2018-09-03,Premium,45.32
1440,Olivia Khan,olivia.khan.1440@mail.example.com,Canada,2019-07-16,Premium,256.19
1441,Sofia Dubois,sofia.dubois.1441@inbox.net,Netherlands,2023-05-15,Standard,236.46
1442,Aisha Patel,aisha.patel.1442@mail.example.com,Germany,2025-06-25,Premium,297.42
1443,Chen Wilson,chen.wilson.1443@shopmail.io,France,2025-01-11,Standard,1046.77
1444,Isabella Brown,isabella.brown.1444@customer.co,India,2018-09-02,Basic,191.53
1445,Isabella Brown,isabella.brown.1445@shopmail.io,Australia,2022-05-20,Premium,162.88
1446,Emma Rossi,emma.rossi.1446@inbox.net,Germany,2020-09-15,Basic,139.84
1447,Ethan Taylor,ethan.taylor.1447@mail.example.com,India,2018-09-29,Standard,473.78
1448,Olivia Patel,olivia.patel.1448@mail.example.com,Australia,2021-02-10,Basic,1305.58
1449,Noah Mueller,noah.mueller.1449@customer.co,Canada,2023-04-09,Standard,136.96
1450,Olivia Singh,olivia.singh.1450@shopmail.io,Netherlands,2021-10-12,Standard,1255.16
1451,Maria Martin,maria.martin.1451@mail.example.com,Canada,2025-01-20,Standard,156.37
1452,Liam Dubois,liam.dubois.1452@customer.co,Australia,2020-09-07,Standard,134.91
1453,Ethan Kim,ethan.kim.1453@inbox.net,Canada,2020-12-16,Standard,53.24
1454,Ethan Brown,ethan.brown.1454@shopmail.io,Canada,2020-02-18,Standard,81.02
1455,Priya Lee,priya.lee.1455@inbox.net,Italy,2023-11-01,Standard,266.79
1456,Chen Patel,chen.patel.1456@shopmail.io,Italy,2025-02-07,Basic,1020.86
1457,Arjun Nguyen,arjun.nguyen.1457@shopmail.io,India,2023-06-07,Premium,365.90
1458,Lucas Mueller,lucas.mueller.1458@customer.co,Italy,2018-10-23,Basic,224.69
1459,Liam Patel,liam.patel.1459@inbox.net,France,2020-12-24,Basic,286.77
1460,James Brown,james.brown.1460@inbox.net,India,2021-07-06,Standard,240.79
1461,Maria Garcia,maria.garcia.1461@mail.example.com,United States,2018-10-15,Premium,93.90
1462,Liam Patel,liam.patel.1462@inbox.net,France,2018-06-13,Standard,56.23
1463,Mia Lee,mia.lee.1463@customer.co,Canada,2022-10-27,Standard,88.63
1464,Aisha Kim,aisha.kim.1464@customer.co,France,2019-09-14,Standard,433.99
1465,James Taylor,james.taylor.1465@inbox.net,France,2024-01-28,Standard,377.95
1466,Ethan Smith,ethan.smith.1466@inbox.net,France,2020-09-18,Basic,239.64
1467,Emma Rossi,emma.rossi.1467@mail.example.com,United States,2020-09-05,Premium,137.74
1468,Priya Mueller,priya.mueller.1468@mail.example.com,India,2022-12-25,Standard,222.24
1469,Emma Garcia,emma.garcia.1469@inbox.net,United States,2024-01-27,Basic,162.09
1470,Isabella Mueller,isabella.mueller.1470@customer.co,Australia,2018-03-26,Standard,373.24
1471,Emma Taylor,emma.taylor.1471@customer.co,Germany,2018-11-13,Standard,796.14
1472,Ethan Wilson,ethan.wilson.1472@shopmail.io,France,2021-07-11,Standard,110.81
1473,Sofia Brown,sofia.brown.1473@mail.example.com,Italy,2020-09-26,Standard,63.23
1474,Priya Martin,priya.martin.1474@mail.example.com,Netherlands,2022-11-23,Premium,285.30
1475,Lucas Singh,lucas.singh.1475@shopmail.io,Canada,2022-02-10,Basic,114.87
1476,Mia Mueller,mia.mueller.1476@shopmail.io,United States,2022-04-12,Standard,401.99
1477,Sofia Smith,sofia.smith.1477@customer.co,Germany,2022-11-21,Basic,723.51
1478,Liam Wilson,liam.wilson.1478@mail.example.com,France,2019-01-13,Basic,142.58
1479,Ethan Smith,ethan.smith.1479@inbox.net,Germany,2020-08-25,Standard,141.37
1480,James Khan,james.khan.1480@mail.example.com,Canada,2020-01-03,Basic,285.04
1481,Olivia Patel,olivia.patel.1481@shopmail.io,Germany,2023-12-26,Basic,274.85
1482,Mia Garcia,mia.garcia.1482@mail.example.com,Spain,2023-08-29,Standard,518.52
1483,Mia Smith,mia.smith.1483@shopmail.io,France,2024-10-30,Standard,103.46
1484,Arjun Nguyen,arjun.nguyen.1484@shopmail.io,United Kingdom,2020-10-13,Standard,163.75
1485,Chen Lee,chen.lee.1485@inbox.net,India,2024-03-04,Standard,121.39
1486,Olivia Martin,olivia.martin.1486@customer.co,Italy,2024-06-23,Standard,606.22
1487,Lucas Wilson,lucas.wilson.1487@inbox.net,Germany,2023-08-23,Basic,505.08
1488,Arjun Singh,arjun.singh.1488@mail.example.com,Australia,2023-06-19,Premium,194.40
1489,Aisha Khan,aisha.khan.1489@shopmail.io,Netherlands,2024-08-15,Premium,191.58
1490,Isabella Khan,isabella.khan.1490@shopmail.io,Germany,2018-03-09,Basic,328.03
1491,Mia Kim,mia.kim.1491@inbox.net,Australia,2020-04-18,Basic,139.15
1492,Emma Garcia,emma.garcia.1492@inbox.net,India,2025-04-30,Standard,181.90
1493,Arjun Brown,arjun.brown.1493@inbox.net,United States,2023-05-18,Premium,50.37
1494,Maria Nguyen,maria.nguyen.1494@mail.example.com,United Kingdom,2019-08-21,Standard,144.36
1495,Lucas Martin,lucas.martin.1495@customer.co,United States,2023-01-11,Standard,71.42
1496,Noah Nguyen,noah.nguyen.1496@customer.co,Australia,2018-07-28,Basic,211.86
1497,Isabella Taylor,isabella.taylor.1497@mail.example.com,Germany,2022-03-28,Standard,202.75
1498,Sofia Lee,sofia.lee.1498@shopmail.io,Germany,2020-03-15,Basic,584.50
1499,Maria Rossi,maria.rossi.1499@customer.co,United States,2019-06-29,Standard,210.34
1500,Aisha Brown,aisha.brown.1500@shopmail.io,India,2024-02-19,Standard,127.78
1501,Ethan Mueller,ethan.mueller.1501@shopmail.io,Netherlands,2019-11-10,Basic,1058.12
1502,Mia Lee,mia.lee.1502@customer.co,Italy,2022-03-05,Standard,84.21
1503,Arjun Singh,arjun.singh.1503@customer.co,Australia,2023-11-28,Basic,115.34
1504,Chen Lee,chen.lee.1504@customer.co,Italy,2020-10-01,Standard,454.53
1505,Aisha Wilson,aisha.wilson.1505@customer.co,Netherlands,2022-07-16,Premium,236.53
1506,James Rossi,james.rossi.1506@shopmail.io,France,2023-03-17,Standard,131.33
1507,Mia Garcia,mia.garcia.1507@inbox.net,India,2022-09-14,Basic,423.35
1508,Ethan Nguyen,ethan.nguyen.1508@mail.example.com,Australia,2018-08-22,Standard,95.82
1509,Noah Brown,noah.brown.1509@mail.example.com,Australia,2022-02-26,Basic,99.36
1510,Maria Mueller,maria.mueller.1510@inbox.net,Italy,2020-05-26,Standard,681.24
1511,Noah Brown,noah.brown.1511@shopmail.io,Australia,2019-10-15,Basic,115.29
1512,Ethan Nguyen,ethan.nguyen.1512@mail.example.com,Germany,2018-07-30,Standard,105.59
1513,James Singh,james.singh.1513@customer.co,Italy,2018-12-25,Premium,136.77
1514,James Garcia,james.garcia.1514@mail.example.com,United States,2024-11-21,Basic,191.99
1515,James Wilson,james.wilson.1515@customer.co,Italy,2021-04-08,Basic,585.83
1516,Ethan Wilson,ethan.wilson.1516@mail.example.com,Netherlands,2024-10-18,Standard,462.38
1517,Arjun Mueller,arjun.mueller.1517@inbox.net,Italy,2020-07-05,Premium,534.35
1518,Lucas Mueller,lucas.mueller.1518@inbox.net,Netherlands,2022-01-09,Premium,1035.61
1519,Olivia Mueller,olivia.mueller.1519@shopmail.io,Canada,2025-06-21,Standard,392.00
1520,Sofia Kim,sofia.kim.1520@mail.example.com,United States,2024-08-04,Standard,138.28
1521,Mia Patel,mia.patel.1521@customer.co,Australia,2024-06-30,Premium,374.69
1522,Aisha Martin,aisha.martin.1522@customer.co,France,2023-04-23,Standard,41.94
1523,Priya Smith,priya.smith.1523@mail.example.com,United States,2020-10-29,Standard,194.64
1524,Noah Garcia,noah.garcia.1524@customer.co,Netherlands,2019-06-29,Basic,54.73
1525,Arjun Nguyen,arjun.nguyen.1525@shopmail.io,United States,2019-11-04,Basic,562.96
1526,Liam Brown,liam.brown.1526@mail.example.com,Germany,2020-09-10,Premium,530.85
1527,Olivia Rossi,olivia.rossi.1527@shopmail.io,India,2018-06-07,Standard,166.97
1528,Isabella Smith,isabella.smith.1528@customer.co,Australia,2018-01-12,Standard,1045.16
1529,Maria Singh,maria.singh.1529@customer.co,Spain,2022-05-20,Basic,53.94
1530,Mia Taylor,mia.taylor.1530@inbox.net,United States,2023-02-07,Basic,364.32
1531,Lucas Rossi,lucas.rossi.1531@mail.example.com,Canada,2021-09-24,Standard,304.29
1532,James Brown,james.brown.1532@inbox.net,Italy,2024-05-31,Standard,531.72
1533,Aisha Dubois,aisha.dubois.1533@customer.co,United States,2020-07-28,Standard,306.90
1534,Priya Dubois,priya.dubois.1534@inbox.net,France,2022-06-15,Standard,151.78
1535,James Brown,james.brown.1535@inbox.net,United States,2023-08-18,Premium,396.01
1536,Arjun Martin,arjun.martin.1536@mail.example.com,Netherlands,2024-07-04,Basic,322.78
1537,Aisha Taylor,aisha.taylor.1537@shopmail.io,India,2024-04-15,Standard,175.95
1538,Lucas Nguyen,lucas.nguyen.1538@shopmail.io,Netherlands,2018-03-26,Premium,211.84
1539,Maria Garcia,maria.garcia.1539@customer.co,Canada,2022-08-30,Basic,358.36
1540,Chen Dubois,chen.dubois.1540@customer.co,Canada,2024-01-31,Standard,400.42
1541,Lucas Taylor,lucas.taylor.1541@customer.co,Germany,2019-04-10,Standard,1136.81
1542,Isabella Singh,isabella.singh.1542@inbox.net,Spain,2019-05-16,Standard,245.64
1543,Emma Lee,emma.lee.1543@mail.example.com,Australia,2019-12-24,Standard,449.74
1544,Noah Khan,noah.khan.1544@mail.example.com,United Kingdom,2019-10-27,Premium,1080.77
1545,Chen Nguyen,chen.nguyen.1545@inbox.net,Australia,2018-05-03,Premium,620.15
1546,Sofia Wilson,sofia.wilson.1546@inbox.net,France,2019-11-18,Standard,362.52
1547,Aisha Rossi,aisha.rossi.1547@mail.example.com,France,2025-05-15,Standard,1083.28
1548,Mia Dubois,mia.dubois.1548@customer.co,Australia,2020-03-26,Basic,283.00
1549,Mia Smith,mia.smith.1549@mail.example.com,Australia,2025-04-11,Premium,90.22
1550,Sofia Brown,sofia.brown.1550@mail.example.com,Italy,2023-11-03,Basic,230.93
1551,Olivia Khan,olivia.khan.1551@customer.co,United Kingdom,2025-01-03,Premium,91.05
1552,Isabella Smith,isabella.smith.1552@inbox.net,Canada,2018-06-09,Basic,314.61
1553,Arjun Patel,arjun.patel.1553@inbox.net,Germany,2021-02-23,Premium,124.98
1554,Sofia Wilson,sofia.wilson.1554@mail.example.com,Netherlands,2021-06-17,Standard,70.43
1555,Lucas Mueller,lucas.mueller.1555@shopmail.io,United Kingdom,2019-07-17,Standard,98.52
1556,Mia Taylor,mia.taylor.1556@mail.example.com,Canada,2021-09-29,Standard,521.60
1557,Sofia Dubois,sofia.dubois.1557@mail.example.com,France,2018-07-21,Premium,314.51
1558,Liam Mueller,liam.mueller.1558@mail.example.com,Spain,2024-06-22,Basic,284.36
1559,Arjun Martin,arjun.martin.1559@mail.example.com,India,2018-06-16,Standard,1248.94
1560,Liam Dubois,liam.dubois.1560@mail.example.com,Germany,2018-10-09,Basic,105.86
1561,Maria Rossi,maria.rossi.1561@mail.example.com,Canada,2019-10-13,Premium,500.24
1562,Ethan Taylor,ethan.taylor.1562@shopmail.io,Italy,2019-03-02,Basic,145.44
1563,Priya Khan,priya.khan.1563@shopmail.io,Spain,2020-09-04,Premium,65.09
1564,Noah Smith,noah.smith.1564@shopmail.io,Netherlands,2024-02-21,Standard,825.54
1565,Aisha Smith,aisha.smith.1565@customer.co,Australia,2019-07-12,Standard,315.50
1566,Noah Rossi,noah.rossi.1566@mail.example.com,India,2020-11-10,Standard,283.48
1567,Priya Rossi,priya.rossi.1567@shopmail.io,Canada,2019-06-10,Standard,737.40
1568,Ethan Garcia,ethan.garcia.1568@shopmail.io,France,2018-07-10,Basic,74.20
1569,Lucas Patel,lucas.patel.1569@mail.example.com,Italy,2018-01-12,Standard,128.47
1570,Priya Kim,priya.kim.1570@shopmail.io,Germany,2025-04-08,Basic,124.01
1571,Isabella Patel,isabella.patel.1571@customer.co,Netherlands,2025-06-09,Basic,162.78
1572,Aisha Wilson,aisha.wilson.1572@shopmail.io,Netherlands,2023-06-26,Standard,131.35
1573,Liam Brown,liam.brown.1573@customer.co,France,2022-08-21,Premium,80.10
1574,Maria Dubois,maria.dubois.1574@mail.example.com,Netherlands,2023-12-10,Standard,170.52
1575,Maria Rossi,maria.rossi.1575@shopmail.io,Canada,2023-05-08,Standard,172.74
1576,Noah Mueller,noah.mueller.1576@shopmail.io,United Kingdom,2021-01-01,Premium,238.71
1577,Lucas Nguyen,lucas.nguyen.1577@customer.co,India,2018-03-25,Standard,350.00
1578,Maria Rossi,maria.rossi.1578@shopmail.io,Netherlands,2023-12-05,Basic,155.99
1579,James Garcia,james.garcia.1579@inbox.net,Italy,2021-10-29,Basic,114.05
1580,James Singh,james.singh.1580@inbox.net,Canada,2021-01-18,Premium,112.77
1581,Ethan Kim,ethan.kim.1581@inbox.net,Netherlands,2025-01-02,Standard,281.23
1582,Aisha Dubois,aisha.dubois.1582@inbox.net,France,2023-12-22,Standard,95.68
1583,Sofia Singh,sofia.singh.1583@shopmail.io,France,2022-08-10,Standard,64.24
1584,Arjun Smith,arjun.smith.1584@shopmail.io,France,2020-05-28,Standard,787.65
1585,Aisha Nguyen,aisha.nguyen.1585@shopmail.io,United Kingdom,2021-10-27,Premium,1452.69
1586,Mia Kim,mia.kim.1586@shopmail.io,United States,2023-05-04,Standard,116.26
1587,Lucas Mueller,lucas.mueller.1587@mail.example.com,Netherlands,2020-06-05,Standard,497.61
1588,Isabella Brown,isabella.brown.1588@shopmail.io,Italy,2021-02-11,Basic,80.97
1589,James Brown,james.brown.1589@mail.example.com,Italy,2018-03-29,Standard,268.39
1590,Priya Mueller,priya.mueller.1590@mail.example.com,Germany,2020-03-13,Premium,436.00
1591,Arjun Kim,arjun.kim.1591@inbox.net,France,2024-12-08,Premium,181.32
1592,Chen Smith,chen.smith.1592@customer.co,India,2019-09-23,Premium,498.15
1593,Lucas Patel,lucas.patel.1593@shopmail.io,Australia,2018-05-24,Basic,115.31
1594,Olivia Garcia,olivia.garcia.1594@shopmail.io,India,2019-03-21,Standard,387.76
1595,Noah Kim,noah.kim.1595@customer.co,Netherlands,2019-10-07,Standard,49.39
1596,Arjun Rossi,arjun.rossi.1596@inbox.net,Germany,2024-11-07,Standard,1792.19
1597,Arjun Khan,arjun.khan.1597@mail.example.com,France,2022-07-21,Standard,128.72
1598,Liam Brown,liam.brown.1598@mail.example.com,Germany,2018-08-09,Basic,232.05
1599,Aisha Martin,aisha.martin.1599@shopmail.io,United States,2023-10-23,Basic,178.93
1600,Chen Taylor,chen.taylor.1600@mail.example.com,Spain,2024-10-21,Basic,419.97
1601,Olivia Dubois,olivia.dubois.1601@mail.example.com,Canada,2020-12-05,Premium,259.41
1602,Sofia Taylor,sofia.taylor.1602@shopmail.io,Germany,2020-06-22,Premium,113.13
1603,Lucas Lee,lucas.lee.1603@inbox.net,Spain,2018-11-25,Premium,102.85
1604,Lucas Khan,lucas.khan.1604@customer.co,United States,2018-05-16,Standard,129.54
1605,Isabella Smith,isabella.smith.1605@mail.example.com,United Kingdom,2021-08-13,Basic,830.73
1606,Chen Khan,chen.khan.1606@shopmail.io,Netherlands,2019-02-07,Basic,300.27
1607,Emma Khan,emma.khan.1607@mail.example.com,Germany,2021-12-18,Basic,303.32
1608,Sofia Brown,sofia.brown.1608@customer.co,Canada,2020-12-04,Standard,553.04
1609,Chen Patel,chen.patel.1609@inbox.net,Canada,2023-07-05,Standard,57.06
1610,Olivia Dubois,olivia.dubois.1610@mail.example.com,Australia,2022-04-04,Basic,113.81
1611,Emma Smith,emma.smith.1611@mail.example.com,United States,2025-06-04,Standard,233.47
1612,Liam Dubois,liam.dubois.1612@customer.co,Spain,2021-01-31,Standard,177.27
1613,Olivia Garcia,olivia.garcia.1613@shopmail.io,Canada,2023-09-27,Standard,274.00
1614,Aisha Nguyen,aisha.nguyen.1614@shopmail.io,Italy,2022-03-18,Standard,99.76
1615,Lucas Smith,lucas.smith.1615@inbox.net,France,2020-09-11,Standard,74.27
1616,Noah Rossi,noah.rossi.1616@mail.example.com,Italy,2025-02-19,Basic,301.68
1617,Arjun Dubois,arjun.dubois.1617@mail.example.com,Spain,2023-12-08,Standard,478.61
1618,Lucas Smith,lucas.smith.1618@inbox.net,Netherlands,2020-10-16,Standard,378.44
1619,Olivia Kim,olivia.kim.1619@mail.example.com,India,2021-01-01,Standard,527.27
1620,Aisha Garcia,aisha.garcia.1620@customer.co,Germany,2023-11-07,Standard,107.76
1621,Ethan Lee,ethan.lee.1621@shopmail.io,United States,2020-09-21,Standard,417.45
1622,Mia Brown,mia.brown.1622@mail.example.com,Canada,2020-10-28,Basic,562.32
1623,Maria Singh,maria.singh.1623@inbox.net,Germany,2021-12-23,Basic,456.65
1624,Isabella Nguyen,isabella.nguyen.1624@customer.co,Australia,2024-02-05,Basic,205.99
1625,Priya Garcia,priya.garcia.1625@customer.co,Canada,2023-10-03,Standard,183.82
1626,Ethan Wilson,ethan.wilson.1626@shopmail.io,Spain,2023-08-14,Standard,160.41
1627,Olivia Garcia,olivia.garcia.1627@shopmail.io,Netherlands,2024-11-03,Basic,79.62
1628,Arjun Martin,arjun.martin.1628@mail.example.com,Canada,2020-09-05,Premium,320.04
1629,Aisha Dubois,aisha.dubois.1629@customer.co,United Kingdom,2022-06-05,Standard,100.94
1630,Lucas Kim,lucas.kim.1630@inbox.net,Spain,2023-03-26,Basic,388.17
1631,Lucas Dubois,lucas.dubois.1631@shopmail.io,France,2024-08-27,Basic,285.65
1632,Maria Lee,maria.lee.1632@customer.co,France,2018-06-10,Standard,241.83
1633,Mia Brown,mia.brown.1633@inbox.net,Australia,2022-05-14,Basic,1073.33
1634,Maria Singh,maria.singh.1634@mail.example.com,United States,2020-01-28,Basic,462.10
1635,Aisha Wilson,aisha.wilson.1635@customer.co,India,2019-04-04,Premium,685.51
1636,Olivia Garcia,olivia.garcia.1636@inbox.net,Australia,2023-04-19,Basic,252.95
1637,Priya Martin,priya.martin.1637@mail.example.com,India,2018-01-13,Standard,1448.17
1638,Mia Rossi,mia.rossi.1638@customer.co,Germany,2018-08-26,Standard,167.23
1639,Maria Mueller,maria.mueller.1639@mail.example.com,Spain,2021-04-12,Standard,383.69
1640,Aisha Kim,aisha.kim.1640@shopmail.io,India,2020-03-08,Standard,201.95
1641,Chen Wilson,chen.wilson.1641@shopmail.io,United Kingdom,2020-09-10,Basic,1141.90
1642,Emma Mueller,emma.mueller.1642@mail.example.com,Canada,2019-06-17,Standard,216.25
1643,Olivia Taylor,olivia.taylor.1643@mail.example.com,Australia,2020-08-31,Standard,1790.66
1644,Emma Dubois,emma.dubois.1644@mail.example.com,Spain,2019-01-29,Standard,160.16
1645,Maria Martin,maria.martin.1645@mail.example.com,United States,2022-05-02,Premium,125.41
1646,Chen Lee,chen.lee.1646@mail.example.com,Germany,2020-06-14,Standard,93.01
1647,Liam Dubois,liam.dubois.1647@shopmail.io,India,2024-06-01,Standard,83.25
1648,Maria Singh,maria.singh.1648@shopmail.io,Italy,2020-05-13,Standard,224.68
1649,Olivia Wilson,olivia.wilson.1649@customer.co,France,2023-05-08,Standard,223.74
1650,Arjun Lee,arjun.lee.1650@inbox.net,United States,2020-05-18,Basic,487.36
1651,Aisha Lee,aisha.lee.1651@customer.co,Netherlands,2018-03-15,Standard,338.51
1652,Ethan Wilson,ethan.wilson.1652@mail.example.com,Canada,2021-03-16,Premium,161.55
1653,Ethan Garcia,ethan.garcia.1653@customer.co,Italy,2019-11-10,Basic,419.33
1654,Noah Khan,noah.khan.1654@inbox.net,Italy,2024-06-03,Standard,1394.17
1655,Isabella Brown,isabella.brown.1655@inbox.net,United Kingdom,2023-11-09,Basic,869.34
1656,Liam Garcia,liam.garcia.1656@shopmail.io,Germany,2021-09-15,Standard,181.60
1657,Ethan Patel,ethan.patel.1657@shopmail.io,Germany,2020-02-19,Standard,387.27
1658,Maria Garcia,maria.garcia.1658@shopmail.io,India,2022-07-14,Basic,420.91
1659,Ethan Taylor,ethan.taylor.1659@inbox.net,India,2018-05-06,Basic,65.62
1660,Priya Singh,priya.singh.1660@shopmail.io,Spain,2024-10-21,Premium,100.54
1661,Aisha Nguyen,aisha.nguyen.1661@shopmail.io,Spain,2019-07-22,Standard,304.97
1662,Priya Dubois,priya.dubois.1662@mail.example.com,Germany,2024-05-08,Standard,170.76
1663,Ethan Brown,ethan.brown.1663@shopmail.io,India,2024-08-15,Standard,382.82
1664,Isabella Nguyen,isabella.nguyen.1664@mail.example.com,Spain,2022-04-16,Standard,58.54
1665,Ethan Brown,ethan.brown.1665@shopmail.io,United States,2024-04-20,Standard,2533.54
1666,Emma Khan,emma.khan.1666@shopmail.io,France,2023-12-05,Standard,518.55
1667,Sofia Rossi,sofia.rossi.1667@customer.co,Spain,2021-01-18,Standard,207.80
1668,Priya Dubois,priya.dubois.1668@mail.example.com,Spain,2022-11-14,Premium,235.53
1669,Ethan Brown,ethan.brown.1669@mail.example.com,France,2024-11-11,Basic,201.54
1670,Sofia Wilson,sofia.wilson.1670@customer.co,United Kingdom,2021-04-15,Basic,69.35
1671,Priya Rossi,priya.rossi.1671@inbox.net,Germany,2025-01-22,Premium,345.51
1672,Olivia Kim,olivia.kim.1672@customer.co,France,2025-02-24,Basic,293.98
1673,Liam Mueller,liam.mueller.1673@customer.co,India,2019-10-27,Premium,241.86
1674,James Martin,james.martin.1674@shopmail.io,Italy,2019-07-16,Basic,451.88
1675,Sofia Smith,sofia.smith.1675@inbox.net,United States,2019-10-22,Standard,1443.25
1676,Ethan Martin,ethan.martin.1676@shopmail.io,France,2020-04-10,Basic,338.70
1677,Emma Kim,emma.kim.1677@mail.example.com,Netherlands,2018-02-13,Premium,189.77
1678,Aisha Wilson,aisha.wilson.1678@inbox.net,France,2023-10-04,Basic,198.12
1679,Priya Nguyen,priya.nguyen.1679@customer.co,India,2019-05-12,Premium,241.37
1680,Aisha Kim,aisha.kim.1680@customer.co,Canada,2024-08-24,Standard,797.18
1681,James Martin,james.martin.1681@shopmail.io,India,2021-04-19,Basic,512.38
1682,Olivia Smith,olivia.smith.1682@mail.example.com,France,2023-01-25,Basic,113.52
1683,Aisha Lee,aisha.lee.1683@mail.example.com,Germany,2023-03-13,Standard,87.15
1684,Lucas Khan,lucas.khan.1684@mail.example.com,United States,2019-10-24,Standard,303.88
1685,Priya Patel,priya.patel.1685@shopmail.io,United Kingdom,2025-01-17,Basic,912.80
1686,Aisha Mueller,aisha.mueller.1686@inbox.net,Italy,2022-11-29,Standard,310.59
1687,Aisha Khan,aisha.khan.1687@shopmail.io,Spain,2025-08-23,Standard,379.14
1688,Sofia Brown,sofia.brown.1688@mail.example.com,Netherlands,2024-08-07,Premium,55.16
1689,Olivia Martin,olivia.martin.1689@mail.example.com,Netherlands,2023-05-14,Standard,39.24
1690,Lucas Smith,lucas.smith.1690@inbox.net,Spain,2019-08-24,Standard,537.59
1691,Arjun Khan,arjun.khan.1691@shopmail.io,United Kingdom,2025-05-22,Premium,437.87
1692,Arjun Garcia,arjun.garcia.1692@shopmail.io,United Kingdom,2022-05-31,Premium,318.55
1693,Priya Wilson,priya.wilson.1693@inbox.net,United Kingdom,2020-12-21,Standard,89.89
1694,Noah Rossi,noah.rossi.1694@inbox.net,Netherlands,2024-08-30,Premium,282.62
1695,James Taylor,james.taylor.1695@inbox.net,Italy,2024-10-30,Standard,408.06
1696,Olivia Mueller,olivia.mueller.1696@customer.co,Spain,2021-04-10,Basic,176.49
1697,Priya Garcia,priya.garcia.1697@mail.example.com,United Kingdom,2021-03-07,Standard,627.60
1698,Sofia Singh,sofia.singh.1698@mail.example.com,Netherlands,2019-01-11,Standard,322.22
1699,Sofia Dubois,sofia.dubois.1699@inbox.net,Netherlands,2020-03-13,Premium,605.74
1700,Olivia Khan,olivia.khan.1700@mail.example.com,Italy,2018-09-18,Basic,220.01
1701,Lucas Lee,lucas.lee.1701@inbox.net,India,2024-01-29,Standard,213.59
1702,Chen Wilson,chen.wilson.1702@shopmail.io,Germany,2021-08-04,Standard,775.40
1703,Olivia Rossi,olivia.rossi.1703@mail.example.com,India,2025-03-20,Premium,326.52
1704,Chen Lee,chen.lee.1704@inbox.net,India,2024-12-12,Standard,570.72
1705,Sofia Lee,sofia.lee.1705@customer.co,Canada,2020-10-25,Standard,42.33
1706,Chen Dubois,chen.dubois.1706@shopmail.io,Australia,2024-11-09,Standard,223.85
1707,Liam Garcia,liam.garcia.1707@customer.co,India,2020-06-29,Standard,302.49
1708,Arjun Kim,arjun.kim.1708@mail.example.com,Australia,2022-07-17,Standard,888.29
1709,Chen Mueller,chen.mueller.1709@customer.co,Netherlands,2019-12-30,Premium,353.76
1710,Mia Nguyen,mia.nguyen.1710@shopmail.io,Australia,2023-12-10,Standard,537.28
1711,Ethan Khan,ethan.khan.1711@mail.example.com,Netherlands,2023-10-27,Standard,386.93
1712,Liam Brown,liam.brown.1712@customer.co,Netherlands,2025-08-17,Basic,265.55
1713,Liam Wilson,liam.wilson.1713@mail.example.com,United Kingdom,2023-05-26,Standard,975.42
1714,Ethan Singh,ethan.singh.1714@mail.example.com,United Kingdom,2022-01-31,Premium,181.47
1715,Aisha Brown,aisha.brown.1715@customer.co,Australia,2020-04-08,Standard,157.75
1716,Maria Kim,maria.kim.1716@inbox.net,Netherlands,2023-11-19,Basic,48.75
1717,Maria Kim,maria.kim.1717@mail.example.com,Italy,2020-12-24,Basic,220.11
1718,Arjun Garcia,arjun.garcia.1718@mail.example.com,United States,2021-12-20,Standard,305.14
1719,Chen Singh,chen.singh.1719@mail.example.com,Italy,2019-06-24,Standard,430.53
1720,Isabella Singh,isabella.singh.1720@customer.co,India,2019-10-29,Premium,190.68
1721,Mia Garcia,mia.garcia.1721@inbox.net,India,2018-08-28,Basic,604.54
1722,Sofia Wilson,sofia.wilson.1722@inbox.net,Spain,2022-12-17,Basic,255.33
1723,Liam Mueller,liam.mueller.1723@customer.co,Canada,2024-01-27,Basic,45.18
1724,Priya Nguyen,priya.nguyen.1724@customer.co,Italy,2021-03-25,Basic,206.79
1725,Chen Taylor,chen.taylor.1725@shopmail.io,United States,2018-06-11,Premium,211.08
1726,James Garcia,james.garcia.1726@shopmail.io,United Kingdom,2020-08-26,Basic,194.98
1727,Chen Lee,chen.lee.1727@shopmail.io,India,2024-03-25,Basic,194.93
1728,Lucas Garcia,lucas.garcia.1728@inbox.net,India,2024-07-30,Standard,161.68
1729,Ethan Martin,ethan.martin.1729@shopmail.io,India,2023-01-14,Standard,243.76
1730,Mia Lee,mia.lee.1730@inbox.net,Germany,2018-01-27,Basic,374.51
1731,Chen Nguyen,chen.nguyen.1731@mail.example.com,Spain,2020-06-13,Basic,548.95
1732,Isabella Wilson,isabella.wilson.1732@shopmail.io,France,2018-09-15,Premium,338.35
1733,Chen Kim,chen.kim.1733@customer.co,Italy,2019-01-15,Standard,1058.40
1734,James Brown,james.brown.1734@inbox.net,Canada,2023-06-29,Basic,736.00
1735,Chen Kim,chen.kim.1735@shopmail.io,Netherlands,2022-07-13,Basic,232.34
1736,Olivia Martin,olivia.martin.1736@customer.co,Netherlands,2023-03-17,Premium,184.34
1737,Sofia Mueller,sofia.mueller.1737@inbox.net,Germany,2022-04-02,Basic,147.76
1738,Chen Wilson,chen.wilson.1738@shopmail.io,United Kingdom,2022-05-27,Standard,152.72
1739,James Taylor,james.taylor.1739@inbox.net,France,2020-03-23,Basic,311.71
1740,Emma Khan,emma.khan.1740@shopmail.io,United States,2021-08-27,Basic,100.39
1741,Chen Garcia,chen.garcia.1741@shopmail.io,United Kingdom,2022-10-16,Premium,125.56
1742,Isabella Nguyen,isabella.nguyen.1742@shopmail.io,Spain,2024-03-05,Standard,338.67
1743,Chen Kim,chen.kim.1743@shopmail.io,Italy,2024-01-22,Basic,167.80
1744,Aisha Nguyen,aisha.nguyen.1744@inbox.net,Netherlands,2023-07-13,Standard,155.63
1745,Aisha Garcia,aisha.garcia.1745@customer.co,Italy,2023-08-03,Basic,279.20
1746,Ethan Martin,ethan.martin.1746@inbox.net,United States,2020-02-05,Basic,110.74
1747,Ethan Garcia,ethan.garcia.1747@inbox.net,Spain,2023-08-01,Standard,122.32
1748,Lucas Patel,lucas.patel.1748@shopmail.io,Italy,2024-04-05,Standard,1168.62
1749,Mia Taylor,mia.taylor.1749@customer.co,India,2018-08-11,Standard,359.53
1750,Olivia Kim,olivia.kim.1750@inbox.net,Italy,2023-03-23,Premium,500.77
1751,Olivia Taylor,olivia.taylor.1751@shopmail.io,Australia,2025-06-26,Standard,282.98
1752,Olivia Nguyen,olivia.nguyen.1752@mail.example.com,United States,2020-04-07,Premium,334.09
1753,James Mueller,james.mueller.1753@mail.example.com,Italy,2024-06-08,Basic,135.47
1754,Sofia Patel,sofia.patel.1754@shopmail.io,Italy,2019-01-19,Standard,47.49
1755,James Khan,james.khan.1755@customer.co,United States,2019-01-14,Premium,395.37
1756,Liam Kim,liam.kim.1756@shopmail.io,United States,2024-11-12,Standard,542.43
1757,Arjun Kim,arjun.kim.1757@mail.example.com,Germany,2022-06-18,Basic,244.58
1758,James Lee,james.lee.1758@mail.example.com,Netherlands,2022-08-07,Premium,133.91
1759,Emma Khan,emma.khan.1759@mail.example.com,India,2022-07-08,Standard,354.51
1760,Maria Garcia,maria.garcia.1760@inbox.net,France,2020-03-21,Basic,105.92
1761,Mia Rossi,mia.rossi.1761@shopmail.io,India,2022-04-07,Basic,140.40
1762,Sofia Kim,sofia.kim.1762@customer.co,Spain,2019-03-01,Standard,366.51
1763,Chen Khan,chen.khan.1763@mail.example.com,Spain,2025-08-29,Basic,150.13
1764,Noah Lee,noah.lee.1764@shopmail.io,Germany,2024-09-08,Standard,285.94
1765,Liam Brown,liam.brown.1765@customer.co,Australia,2022-04-08,Premium,766.61
1766,Arjun Khan,arjun.khan.1766@shopmail.io,Italy,2024-09-08,Premium,641.34
1767,Sofia Garcia,sofia.garcia.1767@mail.example.com,France,2023-02-02,Basic,468.22
1768,Maria Garcia,maria.garcia.1768@customer.co,Spain,2022-02-10,Standard,207.88
1769,Noah Mueller,noah.mueller.1769@shopmail.io,United States,2019-07-31,Basic,171.22
1770,Emma Dubois,emma.dubois.1770@inbox.net,France,2024-04-02,Premium,64.01
1771,Emma Mueller,emma.mueller.1771@mail.example.com,India,2022-10-12,Premium,282.84
1772,Arjun Rossi,arjun.rossi.1772@customer.co,Spain,2025-04-16,Premium,159.65
1773,Mia Patel,mia.patel.1773@mail.example.com,France,2021-03-15,Standard,1017.96
1774,James Kim,james.kim.1774@inbox.net,Netherlands,2024-04-30,Premium,86.38
1775,Mia Khan,mia.khan.1775@customer.co,Italy,2018-09-23,Standard,45.31
1776,Sofia Singh,sofia.singh.1776@customer.co,India,2019-12-08,Standard,439.66
1777,Aisha Mueller,aisha.mueller.1777@mail.example.com,United States,2024-03-23,Standard,133.79
1778,James Khan,james.khan.1778@shopmail.io,United States,2022-08-17,Premium,381.31
1779,Olivia Kim,olivia.kim.1779@mail.example.com,Netherlands,2019-10-26,Premium,135.90
1780,Noah Taylor,noah.taylor.1780@mail.example.com,Germany,2024-08-24,Premium,399.84
1781,James Wilson,james.wilson.1781@mail.example.com,India,2023-01-30,Basic,229.90
1782,Maria Kim,maria.kim.1782@mail.example.com,Canada,2022-01-19,Premium,378.77
1783,Olivia Mueller,olivia.mueller.1783@mail.example.com,France,2018-04-12,Standard,122.97
1784,James Rossi,james.rossi.1784@customer.co,Netherlands,2022-10-11,Standard,56.00
1785,Lucas Brown,lucas.brown.1785@mail.example.com,Australia,2020-03-25,Standard,243.08
1786,Priya Khan,priya.khan.1786@inbox.net,Canada,2022-11-27,Basic,122.94
1787,Mia Brown,mia.brown.1787@mail.example.com,Spain,2020-09-12,Standard,116.16
1788,Arjun Garcia,arjun.garcia.1788@customer.co,India,2022-08-27,Standard,236.17
1789,Noah Patel,noah.patel.1789@mail.example.com,United Kingdom,2018-07-27,Standard,138.80
1790,Emma Rossi,emma.rossi.1790@mail.example.com,United States,2025-05-07,Standard,145.41
1791,Liam Rossi,liam.rossi.1791@customer.co,Italy,2018-01-13,Standard,556.63
1792,Sofia Kim,sofia.kim.1792@shopmail.io,United States,2020-11-12,Standard,371.37
1793,Ethan Rossi,ethan.rossi.1793@inbox.net,India,2024-10-18,Standard,446.53
1794,Olivia Singh,olivia.singh.1794@inbox.net,United Kingdom,2022-08-26,Standard,315.30
1795,Noah Rossi,noah.rossi.1795@inbox.net,United Kingdom,2019-09-01,Standard,150.94
1796,Aisha Singh,aisha.singh.1796@customer.co,France,2020-08-13,Standard,74.46
1797,Arjun Garcia,arjun.garcia.1797@customer.co,Italy,2024-05-17,Basic,219.26
1798,Mia Patel,mia.patel.1798@customer.co,Germany,2022-10-31,Basic,226.98
1799,Arjun Lee,arjun.lee.1799@shopmail.io,United Kingdom,2018-12-31,Premium,139.53
1800,Noah Smith,noah.smith.1800@customer.co,United Kingdom,2024-02-14,Basic,467.54
1801,Isabella Patel,isabella.patel.1801@inbox.net,Germany,2019-04-04,Standard,675.71
1802,Maria Singh,maria.singh.1802@customer.co,Spain,2018-05-06,Basic,485.58
1803,Arjun Wilson,arjun.wilson.1803@shopmail.io,Germany,2019-05-08,Basic,532.39
1804,Emma Dubois,emma.dubois.1804@shopmail.io,Italy,2022-12-09,Basic,274.44
1805,Olivia Nguyen,olivia.nguyen.1805@mail.example.com,India,2023-04-27,Standard,436.16
1806,Sofia Singh,sofia.singh.1806@shopmail.io,India,2024-04-26,Standard,424.20
1807,Maria Mueller,maria.mueller.1807@mail.example.com,Germany,2023-09-24,Standard,49.78
1808,Mia Singh,mia.singh.1808@inbox.net,Spain,2023-08-30,Standard,443.70
1809,Chen Singh,chen.singh.1809@inbox.net,United States,2020-12-30,Basic,17.99
1810,James Rossi,james.rossi.1810@mail.example.com,Italy,2022-10-01,Standard,363.23
1811,Maria Nguyen,maria.nguyen.1811@shopmail.io,Germany,2023-06-20,Standard,240.50
1812,Liam Lee,liam.lee.1812@customer.co,India,2021-12-21,Basic,442.79
1813,Maria Khan,maria.khan.1813@inbox.net,Germany,2021-04-14,Basic,538.45
1814,Priya Smith,priya.smith.1814@inbox.net,Spain,2020-10-15,Basic,114.07
1815,Lucas Mueller,lucas.mueller.1815@customer.co,Germany,2018-09-23,Basic,214.41
1816,Emma Smith,emma.smith.1816@shopmail.io,Australia,2024-07-03,Premium,170.37
1817,Isabella Kim,isabella.kim.1817@shopmail.io,United States,2023-08-21,Basic,184.90
1818,Ethan Khan,ethan.khan.1818@shopmail.io,Italy,2018-06-18,Basic,143.23
1819,Mia Brown,mia.brown.1819@inbox.net,Italy,2024-06-16,Premium,129.45
1820,Maria Brown,maria.brown.1820@shopmail.io,India,2019-03-19,Premium,307.90
1821,Aisha Kim,aisha.kim.1821@customer.co,Australia,2024-03-28,Standard,138.04
1822,Olivia Patel,olivia.patel.1822@shopmail.io,Australia,2021-02-14,Standard,881.16
1823,Isabella Mueller,isabella.mueller.1823@inbox.net,Australia,2025-04-17,Standard,104.52
1824,James Wilson,james.wilson.1824@mail.example.com,Netherlands,2023-06-07,Premium,285.51
1825,Mia Dubois,mia.dubois.1825@customer.co,Italy,2024-01-14,Basic,71.38
1826,Ethan Khan,ethan.khan.1826@mail.example.com,India,2023-03-07,Standard,62.17
1827,Arjun Taylor,arjun.taylor.1827@inbox.net,Spain,2019-03-05,Premium,139.37
1828,Isabella Kim,isabella.kim.1828@inbox.net,Canada,2024-02-15,Basic,1957.41
1829,Noah Rossi,noah.rossi.1829@inbox.net,Italy,2024-02-29,Standard,1633.94
1830,Emma Mueller,emma.mueller.1830@mail.example.com,Australia,2021-10-25,Basic,193.03
1831,Ethan Mueller,ethan.mueller.1831@shopmail.io,United States,2023-05-11,Basic,134.80
1832,Sofia Kim,sofia.kim.1832@customer.co,United Kingdom,2018-10-16,Standard,143.62
1833,Emma Patel,emma.patel.1833@inbox.net,France,2022-09-22,Standard,366.94
1834,Sofia Kim,sofia.kim.1834@customer.co,Australia,2022-03-06,Standard,339.90
1835,Ethan Smith,ethan.smith.1835@shopmail.io,Canada,2023-12-13,Standard,403.79
1836,Ethan Mueller,ethan.mueller.1836@inbox.net,Canada,2024-03-30,Premium,155.27
1837,Ethan Brown,ethan.brown.1837@inbox.net,Canada,2019-10-25,Standard,203.86
1838,James Wilson,james.wilson.1838@customer.co,Netherlands,2022-12-20,Basic,155.93
1839,Sofia Taylor,sofia.taylor.1839@customer.co,Australia,2020-06-23,Basic,383.51
1840,Aisha Khan,aisha.khan.1840@shopmail.io,Australia,2020-11-23,Standard,317.13
1841,Isabella Brown,isabella.brown.1841@customer.co,United States,2019-03-21,Basic,116.12
1842,Noah Lee,noah.lee.1842@mail.example.com,United States,2025-07-28,Standard,296.68
1843,Noah Garcia,noah.garcia.1843@shopmail.io,Netherlands,2022-10-20,Basic,131.94
1844,Mia Singh,mia.singh.1844@customer.co,Italy,2018-10-03,Standard,230.51
1845,Noah Smith,noah.smith.1845@mail.example.com,United Kingdom,2022-03-06,Premium,53.27
1846,Mia Wilson,mia.wilson.1846@inbox.net,United States,2018-01-26,Standard,937.18
1847,Isabella Dubois,isabella.dubois.1847@inbox.net,Netherlands,2023-07-19,Basic,68.94
1848,Olivia Garcia,olivia.garcia.1848@customer.co,Netherlands,2018-02-25,Premium,62.29
1849,Mia Khan,mia.khan.1849@customer.co,Germany,2025-02-28,Standard,41.32
1850,Isabella Brown,isabella.brown.1850@shopmail.io,Netherlands,2021-11-02,Premium,66.66
1851,Aisha Brown,aisha.brown.1851@mail.example.com,Netherlands,2024-03-19,Standard,298.36
1852,Sofia Wilson,sofia.wilson.1852@shopmail.io,Canada,2019-06-08,Standard,191.43
1853,Maria Lee,maria.lee.1853@customer.co,Australia,2021-01-04,Standard,489.93
1854,James Smith,james.smith.1854@customer.co,Canada,2025-04-25,Standard,212.76
1855,Emma Nguyen,emma.nguyen.1855@inbox.net,Italy,2018-12-14,Basic,304.29
1856,Emma Singh,emma.singh.1856@customer.co,Germany,2023-06-28,Basic,205.18
1857,Chen Smith,chen.smith.1857@shopmail.io,United Kingdom,2023-04-29,Premium,658.50
1858,Sofia Martin,sofia.martin.1858@mail.example.com,Italy,2022-05-05,Premium,329.04
1859,Aisha Wilson,aisha.wilson.1859@mail.example.com,India,2024-10-29,Premium,128.54
1860,Isabella Kim,isabella.kim.1860@customer.co,Italy,2020-07-28,Standard,352.59
1861,Sofia Wilson,sofia.wilson.1861@mail.example.com,Spain,2018-10-11,Standard,185.54
1862,Lucas Wilson,lucas.wilson.1862@mail.example.com,India,2021-11-15,Standard,232.83
1863,Chen Mueller,chen.mueller.1863@shopmail.io,Spain,2022-01-21,Standard,138.19
1864,Lucas Patel,lucas.patel.1864@mail.example.com,United States,2025-03-13,Standard,329.80
1865,Priya Lee,priya.lee.1865@shopmail.io,Italy,2019-05-21,Basic,852.11
1866,Chen Taylor,chen.taylor.1866@inbox.net,Italy,2024-05-15,Standard,247.02
1867,Ethan Brown,ethan.brown.1867@mail.example.com,Canada,2021-07-12,Basic,290.03
1868,Emma Rossi,emma.rossi.1868@inbox.net,Germany,2020-11-05,Basic,410.49
1869,Noah Kim,noah.kim.1869@inbox.net,Canada,2019-12-18,Premium,417.49
1870,Liam Garcia,liam.garcia.1870@inbox.net,Germany,2023-11-06,Basic,893.92
1871,Aisha Kim,aisha.kim.1871@shopmail.io,Italy,2020-05-10,Standard,244.67
1872,Chen Taylor,chen.taylor.1872@shopmail.io,United Kingdom,2018-07-03,Basic,270.25
1873,Arjun Patel,arjun.patel.1873@mail.example.com,United States,2018-05-03,Premium,185.57
1874,Olivia Wilson,olivia.wilson.1874@inbox.net,India,2019-05-14,Standard,416.78
1875,James Taylor,james.taylor.1875@mail.example.com,Canada,2018-09-10,Premium,156.42
1876,Mia Martin,mia.martin.1876@shopmail.io,United Kingdom,2024-08-12,Standard,677.73
1877,Olivia Khan,olivia.khan.1877@shopmail.io,France,2021-07-13,Premium,234.80
1878,Liam Brown,liam.brown.1878@mail.example.com,United States,2018-01-15,Basic,505.16
1879,Aisha Martin,aisha.martin.1879@customer.co,Canada,2021-09-11,Basic,208.37
1880,Lucas Rossi,lucas.rossi.1880@mail.example.com,India,2022-11-08,Standard,485.80
1881,Mia Lee,mia.lee.1881@inbox.net,Australia,2021-05-10,Standard,173.68
1882,Arjun Patel,arjun.patel.1882@customer.co,Italy,2023-04-07,Basic,163.70
1883,James Taylor,james.taylor.1883@shopmail.io,India,2022-09-16,Standard,161.49
1884,Olivia Kim,olivia.kim.1884@inbox.net,Germany,2022-05-10,Standard,84.90
1885,Ethan Singh,ethan.singh.1885@mail.example.com,Netherlands,2023-12-08,Basic,265.97
1886,Priya Lee,priya.lee.1886@mail.example.com,Australia,2024-08-19,Standard,371.20
1887,Noah Garcia,noah.garcia.1887@inbox.net,United States,2024-09-01,Standard,732.12
1888,Aisha Garcia,aisha.garcia.1888@customer.co,Netherlands,2025-01-28,Premium,90.26
1889,Olivia Rossi,olivia.rossi.1889@customer.co,United Kingdom,2024-03-16,Standard,558.44
1890,Arjun Smith,arjun.smith.1890@customer.co,United Kingdom,2023-03-02,Basic,450.38
1891,Emma Singh,emma.singh.1891@shopmail.io,United Kingdom,2019-01-31,Standard,238.37
1892,Olivia Lee,olivia.lee.1892@mail.example.com,Italy,2024-08-22,Basic,308.78
1893,Noah Garcia,noah.garcia.1893@inbox.net,Australia,2023-09-30,Standard,146.06
1894,Ethan Patel,ethan.patel.1894@customer.co,Canada,2019-06-25,Standard,529.13
1895,Maria Wilson,maria.wilson.1895@mail.example.com,Australia,2022-11-18,Standard,363.63
1896,Isabella Taylor,isabella.taylor.1896@customer.co,Netherlands,2018-01-01,Premium,424.72
1897,Lucas Rossi,lucas.rossi.1897@inbox.net,France,2021-11-02,Premium,344.93
1898,Noah Mueller,noah.mueller.1898@shopmail.io,Canada,2023-04-10,Basic,227.99
1899,Chen Taylor,chen.taylor.1899@customer.co,United States,2018-08-28,Premium,276.59
1900,Maria Singh,maria.singh.1900@inbox.net,France,2019-01-05,Standard,60.39
1901,Chen Brown,chen.brown.1901@customer.co,United States,2023-05-27,Premium,919.64
1902,Maria Smith,maria.smith.1902@mail.example.com,Italy,2022-03-03,Basic,353.92
1903,James Rossi,james.rossi.1903@mail.example.com,Australia,2020-02-01,Premium,189.12
1904,Noah Patel,noah.patel.1904@inbox.net,United States,2024-05-21,Basic,91.57
1905,Chen Kim,chen.kim.1905@customer.co,United States,2018-01-19,Premium,186.55
1906,Emma Mueller,emma.mueller.1906@customer.co,Spain,2021-09-02,Basic,904.63
1907,Lucas Mueller,lucas.mueller.1907@inbox.net,India,2024-08-26,Standard,657.40
1908,Olivia Rossi,olivia.rossi.1908@customer.co,Canada,2023-04-19,Standard,517.26
1909,Isabella Patel,isabella.patel.1909@shopmail.io,Netherlands,2020-04-08,Standard,560.39
1910,Isabella Mueller,isabella.mueller.1910@customer.co,Australia,2018-07-05,Basic,341.32
1911,Chen Nguyen,chen.nguyen.1911@shopmail.io,United Kingdom,2023-04-03,Basic,356.80
1912,Mia Mueller,mia.mueller.1912@shopmail.io,Australia,2019-09-13,Standard,188.98
1913,Noah Taylor,noah.taylor.1913@inbox.net,France,2024-08-06,Premium,172.77
1914,Olivia Kim,olivia.kim.1914@customer.co,Germany,2021-07-26,Basic,805.08
1915,Isabella Kim,isabella.kim.1915@shopmail.io,Spain,2018-07-14,Standard,612.09
1916,Sofia Nguyen,sofia.nguyen.1916@inbox.net,Italy,2021-10-06,Premium,388.84
1917,Sofia Patel,sofia.patel.1917@shopmail.io,United States,2024-08-30,Standard,204.81
1918,James Taylor,james.taylor.1918@mail.example.com,Netherlands,2025-01-20,Basic,554.16
1919,Lucas Mueller,lucas.mueller.1919@shopmail.io,United Kingdom,2018-12-08,Basic,432.67
1920,Maria Singh,maria.singh.1920@inbox.net,India,2018-08-10,Basic,175.25
1921,Priya Martin,priya.martin.1921@customer.co,France,2021-07-14,Premium,333.39
1922,Arjun Dubois,arjun.dubois.1922@shopmail.io,United States,2018-12-05,Basic,329.42
1923,Priya Garcia,priya.garcia.1923@mail.example.com,United States,2019-10-09,Premium,575.03
1924,Arjun Brown,arjun.brown.1924@customer.co,United Kingdom,2021-10-13,Basic,326.57
1925,Aisha Wilson,aisha.wilson.1925@customer.co,United States,2022-11-30,Basic,345.68
1926,Liam Smith,liam.smith.1926@shopmail.io,Germany,2023-03-15,Basic,233.95
1927,Ethan Taylor,ethan.taylor.1927@customer.co,United States,2020-08-02,Premium,112.07
1928,Priya Khan,priya.khan.1928@shopmail.io,Canada,2018-02-19,Basic,99.19
1929,Aisha Martin,aisha.martin.1929@shopmail.io,United States,2020-05-28,Basic,118.56
1930,Noah Smith,noah.smith.1930@mail.example.com,United Kingdom,2024-02-02,Standard,763.51
1931,Liam Lee,liam.lee.1931@customer.co,Italy,2024-11-30,Standard,119.58
1932,Mia Garcia,mia.garcia.1932@shopmail.io,Australia,2024-05-11,Basic,109.38
1933,Sofia Garcia,sofia.garcia.1933@inbox.net,Netherlands,2024-05-21,Premium,208.70
1934,Ethan Smith,ethan.smith.1934@mail.example.com,United Kingdom,2024-02-18,Standard,191.43
1935,Noah Martin,noah.martin.1935@shopmail.io,Netherlands,2023-08-14,Standard,56.34
1936,Liam Martin,liam.martin.1936@customer.co,Canada,2024-07-07,Standard,410.78
1937,Lucas Nguyen,lucas.nguyen.1937@inbox.net,India,2019-10-06,Basic,82.81
1938,Sofia Nguyen,sofia.nguyen.1938@mail.example.com,United Kingdom,2023-07-14,Premium,119.80
1939,Aisha Brown,aisha.brown.1939@customer.co,United Kingdom,2023-02-25,Standard,106.27
1940,Olivia Mueller,olivia.mueller.1940@mail.example.com,United States,2018-05-11,Premium,39.14
1941,Ethan Smith,ethan.smith.1941@inbox.net,Spain,2020-11-03,Standard,107.36
1942,Aisha Smith,aisha.smith.1942@shopmail.io,Italy,2018-01-27,Premium,202.55
1943,Liam Dubois,liam.dubois.1943@inbox.net,Australia,2024-05-05,Standard,191.96
1944,Arjun Garcia,arjun.garcia.1944@inbox.net,Canada,2019-11-18,Premium,335.45
1945,Noah Smith,noah.smith.1945@shopmail.io,United States,2019-08-03,Standard,550.44
1946,Emma Nguyen,emma.nguyen.1946@inbox.net,United States,2024-09-06,Standard,137.26
1947,Chen Smith,chen.smith.1947@mail.example.com,Germany,2020-02-14,Basic,448.49
1948,Noah Martin,noah.martin.1948@customer.co,Spain,2019-05-25,Basic,355.45
1949,Olivia Rossi,olivia.rossi.1949@mail.example.com,India,2019-03-12,Basic,648.71
1950,Isabella Patel,isabella.patel.1950@mail.example.com,Italy,2021-07-05,Standard,130.31
1951,Ethan Martin,ethan.martin.1951@mail.example.com,United States,2021-10-23,Standard,373.67
1952,Mia Kim,mia.kim.1952@shopmail.io,United Kingdom,2024-02-21,Standard,822.56
1953,Noah Rossi,noah.rossi.1953@shopmail.io,Spain,2021-02-04,Basic,251.63
1954,Sofia Dubois,sofia.dubois.1954@inbox.net,Germany,2018-01-05,Standard,250.37
1955,James Garcia,james.garcia.1955@shopmail.io,Germany,2025-06-06,Standard,344.04
1956,Chen Smith,chen.smith.1956@customer.co,France,2019-06-24,Standard,134.86
1957,Mia Martin,mia.martin.1957@customer.co,Italy,2024-10-03,Basic,352.16
1958,Lucas Kim,lucas.kim.1958@mail.example.com,Germany,2018-05-28,Basic,601.28
1959,Priya Kim,priya.kim.1959@shopmail.io,France,2019-06-22,Basic,83.80
1960,Chen Martin,chen.martin.1960@customer.co,France,2018-06-19,Standard,330.01
1961,Mia Khan,mia.khan.1961@mail.example.com,India,2020-11-04,Basic,246.63
1962,Noah Kim,noah.kim.1962@inbox.net,Netherlands,2023-02-26,Premium,507.34
1963,Sofia Brown,sofia.brown.1963@shopmail.io,United Kingdom,2018-04-04,Basic,73.82
1964,Priya Garcia,priya.garcia.1964@mail.example.com,Germany,2024-07-12,Basic,106.33
1965,Lucas Taylor,lucas.taylor.1965@inbox.net,India,2019-10-27,Standard,264.57
1966,Chen Rossi,chen.rossi.1966@mail.example.com,Australia,2022-07-21,Premium,218.85
1967,Olivia Dubois,olivia.dubois.1967@mail.example.com,India,2020-08-15,Standard,689.81
1968,Lucas Brown,lucas.brown.1968@inbox.net,Australia,2022-01-21,Basic,75.95
1969,James Mueller,james.mueller.1969@customer.co,United States,2022-12-12,Standard,1429.54
1970,Noah Brown,noah.brown.1970@shopmail.io,France,2024-05-13,Basic,464.86
1971,Noah Nguyen,noah.nguyen.1971@inbox.net,France,2019-06-15,Premium,338.42
1972,Arjun Garcia,arjun.garcia.1972@mail.example.com,Canada,2019-08-25,Standard,141.59
1973,Liam Kim,liam.kim.1973@shopmail.io,United Kingdom,2025-08-13,Basic,273.34
1974,Olivia Wilson,olivia.wilson.1974@mail.example.com,Italy,2022-07-28,Standard,369.82
1975,Chen Lee,chen.lee.1975@mail.example.com,Italy,2024-05-27,Standard,57.67
1976,Priya Brown,priya.brown.1976@shopmail.io,Germany,2021-02-27,Standard,131.55
1977,Emma Garcia,emma.garcia.1977@shopmail.io,France,2020-10-02,Basic,350.77
1978,Liam Kim,liam.kim.1978@inbox.net,India,2018-04-25,Basic,140.42
1979,Sofia Martin,sofia.martin.1979@customer.co,Netherlands,2021-09-17,Standard,150.67
1980,Isabella Singh,isabella.singh.1980@customer.co,Australia,2020-03-27,Standard,693.46
1981,Sofia Kim,sofia.kim.1981@inbox.net,United Kingdom,2022-10-31,Standard,146.53
1982,Aisha Dubois,aisha.dubois.1982@customer.co,United States,2024-01-03,Standard,101.53
1983,Lucas Dubois,lucas.dubois.1983@customer.co,Spain,2018-12-25,Premium,58.57
1984,Arjun Nguyen,arjun.nguyen.1984@customer.co,Italy,2022-04-11,Premium,208.20
1985,Noah Mueller,noah.mueller.1985@customer.co,Germany,2020-09-08,Basic,127.26
1986,Sofia Khan,sofia.khan.1986@customer.co,United States,2025-06-27,Basic,23.01
1987,Liam Lee,liam.lee.1987@mail.example.com,Canada,2021-07-21,Standard,109.47
1988,Mia Mueller,mia.mueller.1988@inbox.net,France,2025-05-18,Standard,531.92
1989,Isabella Singh,isabella.singh.1989@customer.co,Germany,2019-08-05,Standard,327.39
1990,Mia Patel,mia.patel.1990@customer.co,Australia,2019-10-03,Premium,432.75
1991,Aisha Nguyen,aisha.nguyen.1991@shopmail.io,India,2023-09-02,Basic,561.66
1992,Isabella Singh,isabella.singh.1992@inbox.net,United States,2019-04-06,Standard,945.14
1993,Emma Kim,emma.kim.1993@mail.example.com,Spain,2022-08-11,Standard,65.89
1994,Isabella Nguyen,isabella.nguyen.1994@inbox.net,Netherlands,2023-01-30,Basic,430.75
1995,Chen Rossi,chen.rossi.1995@shopmail.io,Netherlands,2018-01-14,Standard,372.77
1996,Maria Mueller,maria.mueller.1996@customer.co,Germany,2022-12-05,Basic,301.80
1997,Mia Taylor,mia.taylor.1997@mail.example.com,United States,2018-04-14,Premium,618.78
1998,Mia Garcia,mia.garcia.1998@mail.example.com,Canada,2020-02-03,Standard,617.38
1999,Sofia Singh,sofia.singh.1999@mail.example.com,France,2022-06-19,Standard,96.55
2000,Olivia Khan,olivia.khan.2000@shopmail.io,India,2024-12-24,Standard,492.42
2001,Sofia Nguyen,sofia.nguyen.2001@mail.example.com,Italy,2025-03-26,Basic,254.87
2002,Chen Rossi,chen.rossi.2002@customer.co,France,2020-08-19,Basic,114.16
2003,Chen Garcia,chen.garcia.2003@shopmail.io,Italy,2020-02-18,Premium,1023.49
2004,Mia Taylor,mia.taylor.2004@inbox.net,France,2021-12-21,Standard,130.69
2005,Aisha Garcia,aisha.garcia.2005@mail.example.com,Netherlands,2022-06-15,Standard,199.57
2006,Maria Dubois,maria.dubois.2006@mail.example.com,Spain,2019-10-11,Premium,82.11
2007,Arjun Wilson,arjun.wilson.2007@customer.co,Spain,2020-06-29,Premium,104.23
2008,Mia Taylor,mia.taylor.2008@mail.example.com,Netherlands,2025-06-21,Standard,305.49
2009,Isabella Wilson,isabella.wilson.2009@inbox.net,Netherlands,2020-03-31,Standard,260.64
2010,Sofia Singh,sofia.singh.2010@shopmail.io,Germany,2019-08-04,Basic,128.91
2011,Chen Dubois,chen.dubois.2011@shopmail.io,Australia,2024-04-13,Basic,298.14
2012,Priya Wilson,priya.wilson.2012@customer.co,India,2018-08-23,Basic,47.88
2013,Noah Garcia,noah.garcia.2013@inbox.net,France,2025-02-15,Basic,77.24
2014,Isabella Martin,isabella.martin.2014@customer.co,India,2023-07-08,Standard,377.25
2015,Liam Patel,liam.patel.2015@customer.co,United Kingdom,2025-04-29,Basic,105.34
2016,Olivia Nguyen,olivia.nguyen.2016@mail.example.com,Spain,2021-03-20,Premium,386.38
2017,Priya Brown,priya.brown.2017@customer.co,India,2018-09-17,Standard,575.64
2018,Sofia Martin,sofia.martin.2018@customer.co,Italy,2018-10-25,Standard,232.46
2019,Isabella Garcia,isabella.garcia.2019@inbox.net,Canada,2018-10-22,Basic,346.17
2020,Maria Rossi,maria.rossi.2020@customer.co,United States,2024-05-21,Basic,348.91
2021,Mia Lee,mia.lee.2021@shopmail.io,Italy,2021-08-07,Premium,514.82
2022,Emma Taylor,emma.taylor.2022@mail.example.com,Germany,2021-06-13,Standard,243.19
2023,Maria Kim,maria.kim.2023@inbox.net,Netherlands,2023-12-19,Standard,448.77
2024,Ethan Lee,ethan.lee.2024@inbox.net,Netherlands,2023-06-05,Standard,235.64
2025,Aisha Patel,aisha.patel.2025@mail.example.com,Netherlands,2021-10-21,Basic,212.79
2026,Lucas Rossi,lucas.rossi.2026@inbox.net,Australia,2020-08-29,Basic,267.98
2027,Arjun Lee,arjun.lee.2027@mail.example.com,India,2021-09-08,Basic,181.88
2028,Liam Kim,liam.kim.2028@customer.co,Germany,2020-08-13,Premium,260.44
2029,Maria Garcia,maria.garcia.2029@customer.co,Italy,2025-03-06,Premium,237.40
2030,Emma Khan,emma.khan.2030@mail.example.com,Germany,2022-09-20,Basic,222.46
2031,Olivia Singh,olivia.singh.2031@inbox.net,Netherlands,2022-07-01,Standard,111.88
2032,Liam Rossi,liam.rossi.2032@mail.example.com,India,2020-04-04,Standard,221.60
2033,Noah Dubois,noah.dubois.2033@customer.co,United States,2018-04-05,Standard,320.78
2034,Noah Kim,noah.kim.2034@mail.example.com,Italy,2022-05-01,Standard,409.79
2035,Liam Rossi,liam.rossi.2035@mail.example.com,United Kingdom,2025-02-13,Standard,109.58
2036,Ethan Lee,ethan.lee.2036@customer.co,France,2018-07-22,Standard,285.28
2037,Lucas Nguyen,lucas.nguyen.2037@customer.co,United Kingdom,2019-10-24,Standard,352.91
2038,Olivia Garcia,olivia.garcia.2038@shopmail.io,United Kingdom,2021-07-10,Standard,371.46
2039,Ethan Mueller,ethan.mueller.2039@customer.co,Italy,2022-05-31,Basic,356.50
2040,Sofia Dubois,sofia.dubois.2040@customer.co,Canada,2021-04-11,Standard,326.16
2041,Lucas Kim,lucas.kim.2041@customer.co,Italy,2019-05-12,Standard,170.86
2042,Noah Rossi,noah.rossi.2042@shopmail.io,Canada,2021-02-03,Basic,401.40
2043,Ethan Singh,ethan.singh.2043@inbox.net,Canada,2018-03-12,Standard,281.68
2044,Olivia Khan,olivia.khan.2044@shopmail.io,France,2018-07-15,Standard,400.38
2045,Ethan Nguyen,ethan.nguyen.2045@customer.co,United Kingdom,2020-10-17,Standard,362.34
2046,Chen Patel,chen.patel.2046@shopmail.io,United Kingdom,2023-05-15,Basic,225.97
2047,Isabella Smith,isabella.smith.2047@customer.co,France,2021-03-21,Standard,38.96
2048,Priya Martin,priya.martin.2048@shopmail.io,Germany,2018-06-02,Basic,174.71
2049,Aisha Smith,aisha.smith.2049@customer.co,India,2018-09-20,Premium,143.04
2050,Chen Martin,chen.martin.2050@shopmail.io,Australia,2019-03-13,Standard,409.97
2051,Chen Khan,chen.khan.2051@inbox.net,Australia,2023-12-06,Premium,444.05
2052,Lucas Rossi,lucas.rossi.2052@inbox.net,United States,2024-03-24,Standard,172.34
2053,Noah Khan,noah.khan.2053@mail.example.com,Canada,2022-01-16,Premium,278.48
2054,Olivia Mueller,olivia.mueller.2054@shopmail.io,United Kingdom,2018-10-24,Premium,381.92
2055,Aisha Dubois,aisha.dubois.2055@customer.co,Germany,2020-02-20,Standard,52.46
2056,Arjun Brown,arjun.brown.2056@shopmail.io,France,2021-06-23,Premium,320.90
2057,Emma Mueller,emma.mueller.2057@mail.example.com,Canada,2020-08-08,Premium,168.55
2058,Priya Singh,priya.singh.2058@inbox.net,Spain,2018-04-25,Basic,156.40
2059,James Taylor,james.taylor.2059@mail.example.com,Germany,2025-05-02,Basic,279.16
2060,Maria Lee,maria.lee.2060@mail.example.com,Netherlands,2020-12-15,Standard,209.04
2061,Aisha Smith,aisha.smith.2061@customer.co,United States,2019-11-01,Standard,40.08
2062,Chen Wilson,chen.wilson.2062@customer.co,Germany,2023-01-11,Standard,702.91
2063,Isabella Nguyen,isabella.nguyen.2063@shopmail.io,France,2019-07-01,Basic,1037.42
2064,Olivia Garcia,olivia.garcia.2064@shopmail.io,Australia,2022-07-02,Standard,160.29
2065,Ethan Patel,ethan.patel.2065@shopmail.io,France,2020-11-04,Standard,479.70
2066,Noah Singh,noah.singh.2066@inbox.net,Netherlands,2022-02-04,Standard,352.91
2067,Mia Wilson,mia.wilson.2067@inbox.net,Italy,2024-11-03,Premium,432.37
2068,Sofia Khan,sofia.khan.2068@shopmail.io,Canada,2025-03-13,Basic,62.28
2069,Sofia Kim,sofia.kim.2069@customer.co,Netherlands,2019-11-30,Premium,101.17
2070,Aisha Smith,aisha.smith.2070@customer.co,Netherlands,2018-10-06,Standard,137.16
2071,Isabella Rossi,isabella.rossi.2071@shopmail.io,Germany,2025-06-04,Basic,72.52
2072,Isabella Garcia,isabella.garcia.2072@customer.co,Spain,2023-03-10,Standard,1156.24
2073,Lucas Khan,lucas.khan.2073@inbox.net,Australia,2020-12-02,Basic,583.61
2074,Noah Patel,noah.patel.2074@inbox.net,Australia,2025-03-05,Standard,135.49
2075,Olivia Kim,olivia.kim.2075@customer.co,Spain,2018-09-20,Standard,472.01
2076,Chen Garcia,chen.garcia.2076@inbox.net,Spain,2021-02-28,Standard,441.06
2077,Lucas Mueller,lucas.mueller.2077@shopmail.io,Netherlands,2020-10-17,Basic,351.33
2078,Priya Kim,priya.kim.2078@shopmail.io,United Kingdom,2019-06-17,Standard,365.15
2079,Maria Patel,maria.patel.2079@mail.example.com,France,2021-11-20,Basic,93.32
2080,Lucas Taylor,lucas.taylor.2080@mail.example.com,Netherlands,2018-07-22,Standard,1083.22
2081,Arjun Wilson,arjun.wilson.2081@shopmail.io,Italy,2019-09-11,Standard,911.28
2082,Sofia Patel,sofia.patel.2082@customer.co,Germany,2024-09-16,Standard,304.62
2083,Sofia Martin,sofia.martin.2083@shopmail.io,Germany,2019-08-06,Basic,501.15
2084,Mia Singh,mia.singh.2084@inbox.net,Germany,2019-11-01,Basic,385.48
2085,James Nguyen,james.nguyen.2085@shopmail.io,India,2025-08-13,Basic,142.30
2086,Sofia Lee,sofia.lee.2086@shopmail.io,France,2018-01-07,Basic,348.36
2087,Lucas Taylor,lucas.taylor.2087@customer.co,Netherlands,2018-03-17,Basic,137.65
2088,Liam Taylor,liam.taylor.2088@customer.co,United States,2021-01-14,Basic,243.94
2089,Emma Smith,emma.smith.2089@inbox.net,Spain,2021-12-01,Basic,83.61
2090,Maria Rossi,maria.rossi.2090@inbox.net,Netherlands,2020-11-20,Basic,73.02
2091,Ethan Martin,ethan.martin.2091@shopmail.io,Germany,2024-09-14,Basic,166.34
2092,Lucas Nguyen,lucas.nguyen.2092@inbox.net,Netherlands,2021-07-30,Standard,136.81
2093,Isabella Garcia,isabella.garcia.2093@inbox.net,United Kingdom,2022-06-24,Premium,194.59
2094,Sofia Taylor,sofia.taylor.2094@customer.co,Italy,2019-10-08,Premium,399.58
2095,Chen Rossi,chen.rossi.2095@customer.co,Australia,2025-06-16,Standard,155.15
2096,Lucas Rossi,lucas.rossi.2096@shopmail.io,India,2019-12-07,Standard,207.70
2097,Arjun Rossi,arjun.rossi.2097@customer.co,Canada,2024-12-28,Basic,89.37
2098,Olivia Smith,olivia.smith.2098@shopmail.io,United Kingdom,2020-07-02,Standard,264.51
2099,Priya Taylor,priya.taylor.2099@shopmail.io,Germany,2018-09-21,Basic,102.81
2100,Arjun Lee,arjun.lee.2100@mail.example.com,Australia,2024-01-14,Premium,190.69
2101,Chen Wilson,chen.wilson.2101@inbox.net,Canada,2018-02-04,Standard,194.97
2102,Maria Khan,maria.khan.2102@mail.example.com,India,2021-06-20,Standard,259.14
2103,Liam Khan,liam.khan.2103@inbox.net,Netherlands,2025-02-27,Premium,400.09
2104,Olivia Singh,olivia.singh.2104@inbox.net,India,2021-02-28,Standard,167.31
2105,Arjun Brown,arjun.brown.2105@inbox.net,Germany,2020-06-10,Basic,375.55
2106,Liam Lee,liam.lee.2106@inbox.net,Germany,2020-01-04,Premium,416.52
2107,Maria Kim,maria.kim.2107@customer.co,Germany,2024-11-10,Premium,184.02
2108,Liam Taylor,liam.taylor.2108@inbox.net,Spain,2024-05-16,Standard,603.39
2109,Isabella Wilson,isabella.wilson.2109@inbox.net,Germany,2022-07-23,Basic,89.39
2110,Ethan Rossi,ethan.rossi.2110@mail.example.com,Germany,2023-10-06,Standard,352.52
2111,Lucas Kim,lucas.kim.2111@inbox.net,India,2022-08-06,Premium,262.99
2112,James Martin,james.martin.2112@shopmail.io,Spain,2022-06-11,Standard,512.18
2113,Aisha Wilson,aisha.wilson.2113@shopmail.io,Canada,2020-09-27,Premium,189.33
2114,Mia Taylor,mia.taylor.2114@customer.co,Spain,2019-10-25,Basic,262.05
2115,Mia Brown,mia.brown.2115@mail.example.com,United States,2023-01-22,Basic,390.72
2116,Noah Taylor,noah.taylor.2116@inbox.net,France,2020-07-19,Standard,104.61
2117,Chen Wilson,chen.wilson.2117@shopmail.io,France,2023-06-05,Standard,249.77
2118,Noah Dubois,noah.dubois.2118@inbox.net,Germany,2022-06-17,Basic,249.95
2119,Emma Patel,emma.patel.2119@mail.example.com,United States,2018-11-01,Standard,1905.81
2120,Aisha Garcia,aisha.garcia.2120@shopmail.io,Italy,2019-09-17,Standard,403.47
2121,Maria Lee,maria.lee.2121@customer.co,Germany,2023-03-04,Standard,358.17
2122,Lucas Rossi,lucas.rossi.2122@mail.example.com,India,2023-05-30,Basic,77.81
2123,Emma Brown,emma.brown.2123@shopmail.io,United States,2025-02-13,Premium,1417.79
2124,Mia Dubois,mia.dubois.2124@customer.co,France,2018-11-04,Standard,50.11
2125,Ethan Garcia,ethan.garcia.2125@inbox.net,Spain,2019-03-30,Standard,215.12
2126,Sofia Rossi,sofia.rossi.2126@customer.co,Australia,2025-05-30,Standard,952.30
2127,Emma Garcia,emma.garcia.2127@inbox.net,Australia,2022-06-24,Basic,710.61
2128,Olivia Brown,olivia.brown.2128@mail.example.com,Germany,2021-08-18,Basic,310.17
2129,Emma Kim,emma.kim.2129@shopmail.io,Australia,2021-08-28,Standard,250.34
2130,Aisha Rossi,aisha.rossi.2130@inbox.net,Canada,2019-07-14,Standard,191.56
2131,Ethan Wilson,ethan.wilson.2131@shopmail.io,Italy,2022-08-15,Standard,199.86
2132,Noah Rossi,noah.rossi.2132@inbox.net,Netherlands,2018-03-30,Basic,78.33
2133,Olivia Smith,olivia.smith.2133@inbox.net,Canada,2024-04-09,Standard,295.51
2134,Sofia Lee,sofia.lee.2134@mail.example.com,Spain,2020-03-03,Standard,288.27
2135,Isabella Rossi,isabella.rossi.2135@inbox.net,France,2021-03-29,Basic,418.47
2136,Arjun Singh,arjun.singh.2136@mail.example.com,India,2021-04-14,Standard,306.32
2137,Isabella Rossi,isabella.rossi.2137@shopmail.io,Spain,2022-06-04,Standard,152.76
2138,Mia Smith,mia.smith.2138@inbox.net,India,2021-04-02,Standard,98.11
2139,Olivia Rossi,olivia.rossi.2139@customer.co,Spain,2019-03-04,Basic,36.89
2140,Isabella Kim,isabella.kim.2140@shopmail.io,United States,2021-09-13,Premium,822.98
2141,Emma Mueller,emma.mueller.2141@inbox.net,Canada,2019-03-11,Standard,263.35
2142,Olivia Nguyen,olivia.nguyen.2142@customer.co,United States,2018-07-13,Standard,703.47
2143,James Kim,james.kim.2143@inbox.net,United Kingdom,2024-08-22,Premium,172.58
2144,Mia Wilson,mia.wilson.2144@customer.co,India,2021-04-14,Basic,190.90
2145,Maria Taylor,maria.taylor.2145@customer.co,India,2023-01-13,Standard,409.01
2146,Ethan Smith,ethan.smith.2146@mail.example.com,United Kingdom,2023-12-15,Standard,221.60
2147,Emma Garcia,emma.garcia.2147@mail.example.com,France,2022-10-18,Standard,299.76
2148,Sofia Dubois,sofia.dubois.2148@customer.co,Canada,2020-10-29,Standard,104.36
2149,Chen Rossi,chen.rossi.2149@customer.co,India,2024-04-07,Standard,72.63
2150,Mia Dubois,mia.dubois.2150@shopmail.io,United Kingdom,2021-08-18,Standard,645.86
2151,Mia Nguyen,mia.nguyen.2151@customer.co,India,2020-01-01,Standard,206.92
2152,Chen Wilson,chen.wilson.2152@shopmail.io,Canada,2022-12-06,Premium,306.08
2153,Isabella Smith,isabella.smith.2153@customer.co,Australia,2024-09-12,Standard,167.51
2154,Aisha Rossi,aisha.rossi.2154@customer.co,United States,2023-06-27,Standard,624.32
2155,Arjun Patel,arjun.patel.2155@shopmail.io,United Kingdom,2019-11-12,Basic,83.52
2156,Lucas Wilson,lucas.wilson.2156@shopmail.io,United Kingdom,2018-10-06,Basic,164.89
2157,Mia Martin,mia.martin.2157@shopmail.io,Netherlands,2023-07-20,Basic,47.81
2158,Chen Brown,chen.brown.2158@shopmail.io,Italy,2021-11-20,Basic,272.86
2159,Olivia Nguyen,olivia.nguyen.2159@shopmail.io,Italy,2025-07-01,Basic,170.15
2160,Liam Garcia,liam.garcia.2160@customer.co,United Kingdom,2022-07-22,Standard,117.38
2161,Maria Taylor,maria.taylor.2161@mail.example.com,United States,2021-10-08,Standard,200.86
2162,Mia Smith,mia.smith.2162@mail.example.com,Canada,2023-01-10,Standard,328.56
2163,Emma Mueller,emma.mueller.2163@shopmail.io,Australia,2019-08-02,Standard,136.47
2164,Liam Singh,liam.singh.2164@customer.co,United Kingdom,2023-03-05,Basic,2136.04
2165,Maria Nguyen,maria.nguyen.2165@shopmail.io,United States,2021-09-27,Standard,226.97
2166,Aisha Singh,aisha.singh.2166@mail.example.com,France,2020-09-08,Standard,262.64
2167,Arjun Lee,arjun.lee.2167@mail.example.com,Spain,2023-04-28,Standard,289.83
2168,Olivia Taylor,olivia.taylor.2168@customer.co,Germany,2023-05-20,Basic,643.19
2169,Olivia Singh,olivia.singh.2169@shopmail.io,Australia,2018-09-14,Premium,126.20
2170,Sofia Garcia,sofia.garcia.2170@shopmail.io,Australia,2020-07-16,Premium,381.62
2171,Emma Khan,emma.khan.2171@mail.example.com,Australia,2022-10-07,Basic,249.16
2172,Priya Singh,priya.singh.2172@mail.example.com,Netherlands,2022-12-19,Premium,149.92
2173,Lucas Brown,lucas.brown.2173@mail.example.com,Canada,2020-07-08,Basic,302.08
2174,Aisha Wilson,aisha.wilson.2174@inbox.net,India,2020-12-09,Standard,324.89
2175,Mia Nguyen,mia.nguyen.2175@mail.example.com,United States,2019-04-05,Premium,327.04
2176,James Taylor,james.taylor.2176@mail.example.com,Spain,2020-08-16,Standard,184.22
2177,Arjun Dubois,arjun.dubois.2177@mail.example.com,Spain,2024-08-31,Standard,192.07
2178,Noah Lee,noah.lee.2178@customer.co,India,2021-02-08,Standard,477.79
2179,Lucas Taylor,lucas.taylor.2179@inbox.net,Italy,2022-02-27,Basic,80.14
2180,Emma Garcia,emma.garcia.2180@customer.co,Spain,2019-06-02,Standard,542.86
2181,Olivia Martin,olivia.martin.2181@mail.example.com,Netherlands,2024-07-19,Premium,285.54
2182,Emma Martin,emma.martin.2182@mail.example.com,Germany,2021-05-10,Standard,469.72
2183,Olivia Taylor,olivia.taylor.2183@mail.example.com,Netherlands,2018-02-28,Premium,707.74
2184,Mia Nguyen,mia.nguyen.2184@customer.co,Australia,2019-02-10,Basic,393.56
2185,Isabella Mueller,isabella.mueller.2185@shopmail.io,Spain,2022-05-22,Basic,109.86
2186,Olivia Patel,olivia.patel.2186@shopmail.io,Spain,2023-08-22,Premium,576.94
2187,Sofia Khan,sofia.khan.2187@shopmail.io,Italy,2023-07-07,Standard,305.59
2188,Arjun Taylor,arjun.taylor.2188@mail.example.com,United States,2024-12-03,Premium,614.67
2189,Priya Dubois,priya.dubois.2189@shopmail.io,United Kingdom,2022-12-29,Basic,738.30
2190,Emma Rossi,emma.rossi.2190@inbox.net,India,2024-07-24,Premium,137.63
2191,Aisha Kim,aisha.kim.2191@customer.co,Spain,2024-01-15,Basic,153.53
2192,Isabella Smith,isabella.smith.2192@customer.co,France,2019-06-03,Basic,201.72
2193,Priya Brown,priya.brown.2193@shopmail.io,Italy,2018-11-23,Premium,358.52
2194,James Kim,james.kim.2194@inbox.net,Canada,2019-07-05,Basic,331.75
2195,Priya Wilson,priya.wilson.2195@mail.example.com,Spain,2019-05-19,Standard,312.92
2196,James Mueller,james.mueller.2196@inbox.net,France,2022-06-29,Standard,514.39
2197,Maria Dubois,maria.dubois.2197@inbox.net,France,2022-04-02,Standard,871.72
2198,Isabella Brown,isabella.brown.2198@customer.co,Spain,2024-09-21,Premium,220.21
2199,Noah Rossi,noah.rossi.2199@mail.example.com,United States,2025-01-10,Standard,90.06
2200,Sofia Taylor,sofia.taylor.2200@shopmail.io,United Kingdom,2025-04-19,Standard,316.56
2201,Sofia Wilson,sofia.wilson.2201@shopmail.io,Australia,2021-11-21,Standard,162.18
2202,Isabella Dubois,isabella.dubois.2202@mail.example.com,Germany,2023-09-13,Premium,196.61
2203,Mia Kim,mia.kim.2203@inbox.net,India,2018-01-20,Standard,77.01
2204,Sofia Dubois,sofia.dubois.2204@inbox.net,United Kingdom,2018-05-24,Standard,431.42
2205,Mia Patel,mia.patel.2205@customer.co,Spain,2025-02-13,Standard,26.11
2206,Mia Mueller,mia.mueller.2206@shopmail.io,Netherlands,2020-05-26,Standard,408.58
2207,James Mueller,james.mueller.2207@mail.example.com,Canada,2025-02-08,Premium,202.20
2208,Liam Lee,liam.lee.2208@shopmail.io,United States,2024-06-14,Standard,142.21
2209,Noah Rossi,noah.rossi.2209@mail.example.com,Italy,2019-12-13,Basic,202.89
2210,Chen Taylor,chen.taylor.2210@customer.co,Australia,2019-04-04,Standard,258.13
2211,Arjun Martin,arjun.martin.2211@inbox.net,Germany,2023-07-04,Standard,481.81
2212,Maria Singh,maria.singh.2212@inbox.net,Spain,2024-04-12,Standard,76.50
2213,Maria Khan,maria.khan.2213@customer.co,United States,2020-04-11,Premium,94.61
2214,Liam Kim,liam.kim.2214@inbox.net,Netherlands,2025-04-24,Standard,247.78
2215,Lucas Nguyen,lucas.nguyen.2215@inbox.net,Canada,2023-04-30,Basic,148.81
2216,Emma Smith,emma.smith.2216@mail.example.com,Australia,2020-03-01,Basic,358.55
2217,Olivia Wilson,olivia.wilson.2217@shopmail.io,India,2019-06-30,Standard,218.41
2218,Sofia Mueller,sofia.mueller.2218@mail.example.com,Italy,2018-05-23,Basic,467.82
2219,Lucas Lee,lucas.lee.2219@customer.co,United Kingdom,2018-03-22,Standard,232.11
2220,James Martin,james.martin.2220@customer.co,United Kingdom,2024-05-03,Standard,1228.73
2221,Aisha Garcia,aisha.garcia.2221@inbox.net,Italy,2021-06-21,Standard,263.87
2222,Maria Lee,maria.lee.2222@inbox.net,United States,2024-08-02,Basic,124.53
2223,Lucas Martin,lucas.martin.2223@customer.co,Italy,2022-07-25,Standard,111.62
2224,Aisha Garcia,aisha.garcia.2224@customer.co,Germany,2020-01-30,Premium,77.57
2225,Liam Smith,liam.smith.2225@shopmail.io,Germany,2022-09-14,Standard,1108.69
2226,Maria Patel,maria.patel.2226@customer.co,India,2023-11-24,Standard,291.02
2227,Noah Patel,noah.patel.2227@shopmail.io,Spain,2022-06-24,Standard,116.21
2228,Emma Martin,emma.martin.2228@inbox.net,India,2019-07-10,Standard,82.31
2229,Maria Rossi,maria.rossi.2229@mail.example.com,United States,2021-10-20,Standard,186.25
2230,Emma Singh,emma.singh.2230@mail.example.com,United States,2023-03-05,Standard,144.25
2231,Aisha Rossi,aisha.rossi.2231@inbox.net,Germany,2019-10-19,Standard,35.68
2232,Maria Patel,maria.patel.2232@inbox.net,United Kingdom,2025-05-07,Standard,658.94
2233,Noah Singh,noah.singh.2233@inbox.net,United Kingdom,2023-07-25,Premium,364.97
2234,Maria Rossi,maria.rossi.2234@customer.co,Canada,2020-09-30,Premium,236.05
2235,Noah Smith,noah.smith.2235@customer.co,Canada,2019-06-24,Basic,130.36
2236,Chen Nguyen,chen.nguyen.2236@customer.co,United Kingdom,2019-08-05,Premium,185.76
2237,Lucas Dubois,lucas.dubois.2237@customer.co,Netherlands,2023-04-28,Basic,522.69
2238,Mia Garcia,mia.garcia.2238@customer.co,United Kingdom,2020-07-09,Standard,182.96
2239,Mia Garcia,mia.garcia.2239@customer.co,Spain,2018-04-09,Standard,82.97
2240,Priya Garcia,priya.garcia.2240@customer.co,United Kingdom,2022-04-15,Standard,122.61
2241,James Garcia,james.garcia.2241@mail.example.com,Germany,2022-10-27,Premium,274.70
2242,Olivia Dubois,olivia.dubois.2242@inbox.net,Canada,2023-05-16,Standard,401.23
2243,Olivia Brown,olivia.brown.2243@inbox.net,Germany,2020-05-26,Basic,774.55
2244,Emma Brown,emma.brown.2244@customer.co,Canada,2023-02-12,Basic,749.90
2245,Liam Smith,liam.smith.2245@mail.example.com,Italy,2019-03-25,Standard,31.09
2246,Ethan Smith,ethan.smith.2246@mail.example.com,India,2021-05-16,Standard,357.69
2247,James Smith,james.smith.2247@shopmail.io,India,2024-10-26,Standard,971.30
2248,Lucas Lee,lucas.lee.2248@shopmail.io,Canada,2024-01-23,Premium,132.13
2249,Liam Taylor,liam.taylor.2249@shopmail.io,United Kingdom,2020-07-06,Standard,59.44
2250,Ethan Taylor,ethan.taylor.2250@mail.example.com,Germany,2018-09-28,Standard,167.13
2251,Chen Kim,chen.kim.2251@shopmail.io,United States,2022-01-11,Basic,202.99
2252,Mia Nguyen,mia.nguyen.2252@mail.example.com,United States,2018-03-16,Premium,146.63
2253,Olivia Taylor,olivia.taylor.2253@inbox.net,Netherlands,2020-09-07,Standard,1177.22
2254,Ethan Patel,ethan.patel.2254@mail.example.com,United Kingdom,2020-10-29,Standard,573.66
2255,Maria Brown,maria.brown.2255@shopmail.io,France,2019-07-23,Basic,534.47
2256,Priya Singh,priya.singh.2256@inbox.net,Italy,2018-07-03,Standard,171.97
2257,Noah Smith,noah.smith.2257@mail.example.com,Spain,2022-10-08,Standard,386.47
2258,Emma Mueller,emma.mueller.2258@customer.co,France,2020-10-17,Standard,564.38
2259,Noah Patel,noah.patel.2259@inbox.net,United Kingdom,2019-01-29,Basic,366.88
2260,Olivia Dubois,olivia.dubois.2260@customer.co,Canada,2021-09-12,Premium,59.57
2261,Olivia Garcia,olivia.garcia.2261@mail.example.com,France,2025-02-17,Basic,613.60
2262,Liam Khan,liam.khan.2262@customer.co,France,2021-02-11,Basic,85.51
2263,Noah Brown,noah.brown.2263@customer.co,India,2022-11-05,Premium,297.76
2264,Emma Garcia,emma.garcia.2264@customer.co,United States,2019-07-25,Basic,71.15
2265,Lucas Khan,lucas.khan.2265@shopmail.io,France,2023-10-04,Standard,78.50
2266,Emma Rossi,emma.rossi.2266@mail.example.com,Spain,2021-11-20,Basic,691.58
2267,Olivia Dubois,olivia.dubois.2267@shopmail.io,Netherlands,2020-07-20,Premium,150.87
2268,Isabella Dubois,isabella.dubois.2268@shopmail.io,France,2021-11-11,Standard,733.94
2269,Emma Smith,emma.smith.2269@shopmail.io,Spain,2021-09-21,Premium,55.15
2270,Maria Taylor,maria.taylor.2270@shopmail.io,Australia,2021-11-18,Premium,217.03
2271,Ethan Smith,ethan.smith.2271@mail.example.com,United States,2023-03-19,Standard,563.66
2272,Ethan Garcia,ethan.garcia.2272@mail.example.com,United Kingdom,2019-06-08,Standard,141.70
2273,Olivia Kim,olivia.kim.2273@shopmail.io,France,2019-06-05,Standard,230.67
2274,Ethan Martin,ethan.martin.2274@mail.example.com,Germany,2018-05-01,Basic,295.11
2275,Priya Dubois,priya.dubois.2275@inbox.net,India,2022-11-18,Standard,262.69
2276,Isabella Nguyen,isabella.nguyen.2276@customer.co,Germany,2019-08-15,Standard,95.65
2277,Emma Brown,emma.brown.2277@mail.example.com,United Kingdom,2024-12-22,Basic,487.96
2278,Maria Nguyen,maria.nguyen.2278@shopmail.io,Canada,2023-07-08,Standard,127.09
2279,Arjun Garcia,arjun.garcia.2279@customer.co,United Kingdom,2025-08-14,Standard,259.05
2280,Chen Wilson,chen.wilson.2280@mail.example.com,Spain,2022-05-25,Standard,682.44
2281,Arjun Brown,arjun.brown.2281@inbox.net,Germany,2019-06-17,Basic,192.85
2282,Liam Patel,liam.patel.2282@inbox.net,Spain,2022-12-16,Basic,329.82
2283,Olivia Wilson,olivia.wilson.2283@inbox.net,United Kingdom,2025-06-06,Basic,429.88
2284,Chen Rossi,chen.rossi.2284@customer.co,Spain,2024-05-05,Premium,41.38
2285,Emma Mueller,emma.mueller.2285@customer.co,France,2021-06-13,Basic,115.79
2286,James Mueller,james.mueller.2286@shopmail.io,United Kingdom,2021-10-09,Basic,850.57
2287,Isabella Lee,isabella.lee.2287@customer.co,Germany,2022-01-01,Standard,66.94
2288,Liam Rossi,liam.rossi.2288@customer.co,Canada,2025-03-17,Basic,81.15
2289,Arjun Patel,arjun.patel.2289@mail.example.com,Spain,2019-08-25,Basic,241.81
2290,Emma Kim,emma.kim.2290@shopmail.io,Australia,2025-08-05,Premium,330.97
2291,Ethan Khan,ethan.khan.2291@shopmail.io,United Kingdom,2023-12-04,Standard,687.67
2292,Olivia Mueller,olivia.mueller.2292@inbox.net,India,2020-11-29,Standard,218.61
2293,Arjun Khan,arjun.khan.2293@customer.co,United Kingdom,2020-02-03,Premium,114.99
2294,Aisha Wilson,aisha.wilson.2294@inbox.net,United States,2020-09-08,Premium,330.67
2295,Emma Garcia,emma.garcia.2295@inbox.net,Spain,2024-08-22,Premium,331.94
2296,Ethan Rossi,ethan.rossi.2296@mail.example.com,Netherlands,2019-02-10,Basic,235.31
2297,Ethan Wilson,ethan.wilson.2297@mail.example.com,India,2019-09-30,Standard,349.71
2298,Isabella Nguyen,isabella.nguyen.2298@mail.example.com,Spain,2020-11-24,Standard,466.22
2299,Maria Rossi,maria.rossi.2299@customer.co,Australia,2018-02-08,Standard,900.34
2300,Priya Patel,priya.patel.2300@customer.co,Spain,2019-11-10,Premium,635.14
2301,Lucas Patel,lucas.patel.2301@inbox.net,Spain,2018-01-15,Premium,909.22
2302,Emma Garcia,emma.garcia.2302@shopmail.io,Netherlands,2019-04-04,Basic,282.48
2303,Noah Patel,noah.patel.2303@inbox.net,Germany,2019-06-16,Standard,283.64
2304,Mia Kim,mia.kim.2304@inbox.net,Canada,2023-05-25,Standard,865.34
2305,Emma Khan,emma.khan.2305@shopmail.io,United States,2023-01-07,Premium,130.72
2306,Mia Brown,mia.brown.2306@mail.example.com,Spain,2022-02-09,Standard,132.71
2307,Isabella Nguyen,isabella.nguyen.2307@customer.co,France,2019-07-07,Standard,132.95
2308,Aisha Dubois,aisha.dubois.2308@inbox.net,Italy,2025-07-02,Standard,69.98
2309,Isabella Brown,isabella.brown.2309@inbox.net,United States,2022-05-13,Standard,465.46
2310,Isabella Singh,isabella.singh.2310@mail.example.com,France,2024-06-25,Standard,172.47
2311,Arjun Dubois,arjun.dubois.2311@shopmail.io,India,2018-10-25,Basic,203.83
2312,James Singh,james.singh.2312@customer.co,Germany,2021-03-01,Basic,133.03
2313,Arjun Kim,arjun.kim.2313@shopmail.io,Italy,2019-07-15,Basic,494.57
2314,Liam Taylor,liam.taylor.2314@mail.example.com,Canada,2019-03-15,Basic,246.16
2315,Lucas Brown,lucas.brown.2315@shopmail.io,United Kingdom,2022-02-17,Standard,176.50
2316,Mia Patel,mia.patel.2316@inbox.net,Canada,2022-07-14,Standard,876.31
2317,Lucas Khan,lucas.khan.2317@mail.example.com,United Kingdom,2018-01-13,Standard,467.95
2318,Sofia Smith,sofia.smith.2318@inbox.net,India,2020-11-29,Basic,503.38
2319,Isabella Garcia,isabella.garcia.2319@inbox.net,United Kingdom,2021-08-03,Standard,706.03
2320,Emma Kim,emma.kim.2320@mail.example.com,Germany,2024-02-15,Standard,86.03
2321,Isabella Patel,isabella.patel.2321@mail.example.com,Germany,2020-08-17,Basic,563.60
2322,Ethan Nguyen,ethan.nguyen.2322@customer.co,Canada,2019-09-26,Basic,243.86
2323,Noah Wilson,noah.wilson.2323@inbox.net,United States,2019-09-21,Basic,287.49
2324,Liam Khan,liam.khan.2324@inbox.net,Netherlands,2019-08-02,Standard,190.91
2325,James Nguyen,james.nguyen.2325@mail.example.com,Spain,2023-03-15,Premium,88.81
2326,Maria Nguyen,maria.nguyen.2326@shopmail.io,Netherlands,2025-06-15,Standard,96.23
2327,Lucas Smith,lucas.smith.2327@shopmail.io,Spain,2018-03-07,Standard,238.32
2328,Isabella Garcia,isabella.garcia.2328@customer.co,Spain,2021-08-21,Basic,181.05
2329,Lucas Singh,lucas.singh.2329@shopmail.io,Australia,2020-11-29,Standard,202.13
2330,Isabella Khan,isabella.khan.2330@inbox.net,Germany,2024-03-23,Standard,1913.73
2331,Olivia Wilson,olivia.wilson.2331@customer.co,Germany,2018-02-12,Standard,84.03
2332,Emma Lee,emma.lee.2332@mail.example.com,France,2021-10-17,Basic,328.21
2333,Aisha Martin,aisha.martin.2333@shopmail.io,Australia,2024-10-08,Standard,736.58
2334,Chen Kim,chen.kim.2334@inbox.net,Italy,2018-08-02,Basic,202.30
2335,Noah Dubois,noah.dubois.2335@inbox.net,Italy,2025-08-14,Standard,101.99
2336,Aisha Garcia,aisha.garcia.2336@shopmail.io,Canada,2018-01-25,Premium,170.61
2337,Sofia Khan,sofia.khan.2337@shopmail.io,Netherlands,2020-03-30,Premium,300.53
2338,Ethan Brown,ethan.brown.2338@inbox.net,India,2020-11-20,Basic,621.69
2339,Isabella Smith,isabella.smith.2339@inbox.net,Netherlands,2018-08-25,Standard,633.90
2340,Lucas Singh,lucas.singh.2340@customer.co,Australia,2020-11-09,Standard,697.63
2341,Chen Brown,chen.brown.2341@shopmail.io,Spain,2020-11-29,Basic,581.91
2342,Chen Wilson,chen.wilson.2342@shopmail.io,Netherlands,2020-04-24,Premium,125.72
2343,Chen Smith,chen.smith.2343@inbox.net,United Kingdom,2019-03-12,Basic,70.15
2344,Isabella Patel,isabella.patel.2344@inbox.net,India,2024-10-21,Basic,897.09
2345,Maria Singh,maria.singh.2345@inbox.net,Italy,2024-03-16,Premium,191.11
2346,Aisha Smith,aisha.smith.2346@shopmail.io,United States,2020-01-09,Standard,445.56
2347,Lucas Brown,lucas.brown.2347@inbox.net,Canada,2023-07-23,Basic,472.04
2348,Arjun Patel,arjun.patel.2348@inbox.net,Netherlands,2018-03-21,Premium,396.78
2349,Mia Kim,mia.kim.2349@customer.co,United States,2018-05-15,Basic,174.72
2350,Liam Rossi,liam.rossi.2350@mail.example.com,Netherlands,2019-10-17,Premium,196.77
2351,Ethan Mueller,ethan.mueller.2351@mail.example.com,Spain,2020-06-29,Basic,216.84
2352,Ethan Smith,ethan.smith.2352@mail.example.com,Germany,2021-12-03,Basic,412.01
2353,Ethan Martin,ethan.martin.2353@shopmail.io,Italy,2020-07-10,Standard,658.21
2354,Chen Singh,chen.singh.2354@mail.example.com,India,2020-06-29,Basic,260.22
2355,Sofia Lee,sofia.lee.2355@inbox.net,India,2023-01-28,Premium,218.97
2356,Noah Lee,noah.lee.2356@shopmail.io,Italy,2023-06-27,Standard,271.62
2357,Liam Rossi,liam.rossi.2357@mail.example.com,Spain,2024-02-15,Basic,276.27
2358,Noah Mueller,noah.mueller.2358@customer.co,India,2018-03-30,Basic,196.17
2359,Chen Smith,chen.smith.2359@shopmail.io,Italy,2018-07-10,Standard,431.14
2360,Chen Garcia,chen.garcia.2360@mail.example.com,Italy,2020-07-11,Basic,112.91
2361,Chen Dubois,chen.dubois.2361@shopmail.io,United States,2019-11-19,Premium,563.09
2362,Aisha Nguyen,aisha.nguyen.2362@customer.co,Australia,2018-09-01,Premium,114.56
2363,Maria Rossi,maria.rossi.2363@customer.co,United States,2020-07-14,Basic,138.76
2364,Arjun Brown,arjun.brown.2364@shopmail.io,France,2020-02-29,Standard,62.61
2365,Mia Garcia,mia.garcia.2365@mail.example.com,Australia,2024-04-30,Standard,283.06
2366,Lucas Martin,lucas.martin.2366@customer.co,Canada,2019-01-06,Standard,307.03
2367,Chen Dubois,chen.dubois.2367@inbox.net,Australia,2024-11-10,Standard,218.20
2368,Ethan Rossi,ethan.rossi.2368@mail.example.com,Netherlands,2023-02-27,Premium,713.95
2369,Liam Rossi,liam.rossi.2369@customer.co,United Kingdom,2024-05-08,Standard,165.07
2370,Aisha Dubois,aisha.dubois.2370@shopmail.io,Germany,2022-06-09,Standard,558.37
2371,Emma Patel,emma.patel.2371@inbox.net,Germany,2022-10-01,Basic,102.01
2372,Arjun Mueller,arjun.mueller.2372@inbox.net,United Kingdom,2019-08-05,Standard,328.87
2373,Lucas Smith,lucas.smith.2373@shopmail.io,United States,2018-01-19,Basic,203.39
2374,Ethan Rossi,ethan.rossi.2374@customer.co,Australia,2019-07-17,Premium,498.08
2375,Liam Smith,liam.smith.2375@shopmail.io,Australia,2021-12-23,Premium,330.44
2376,James Nguyen,james.nguyen.2376@mail.example.com,Italy,2025-03-05,Premium,42.71
2377,Maria Mueller,maria.mueller.2377@inbox.net,Netherlands,2024-08-18,Standard,645.93
2378,Emma Lee,emma.lee.2378@customer.co,Canada,2019-06-22,Premium,41.45
2379,Chen Patel,chen.patel.2379@customer.co,Spain,2019-03-25,Standard,33.26
2380,Ethan Garcia,ethan.garcia.2380@inbox.net,Netherlands,2018-06-19,Basic,615.90
2381,Noah Singh,noah.singh.2381@shopmail.io,France,2019-11-28,Standard,430.12
2382,Ethan Rossi,ethan.rossi.2382@mail.example.com,Germany,2021-10-25,Basic,220.04
2383,Emma Martin,emma.martin.2383@mail.example.com,Spain,2021-09-28,Standard,147.09
2384,Priya Taylor,priya.taylor.2384@shopmail.io,Spain,2019-12-05,Basic,162.62
2385,Isabella Nguyen,isabella.nguyen.2385@inbox.net,Germany,2018-03-15,Standard,425.61
2386,Lucas Taylor,lucas.taylor.2386@shopmail.io,Australia,2021-06-03,Standard,227.85
2387,Mia Kim,mia.kim.2387@customer.co,United Kingdom,2024-07-26,Basic,322.90
2388,Noah Garcia,noah.garcia.2388@inbox.net,Germany,2021-05-13,Standard,49.13
2389,Emma Garcia,emma.garcia.2389@shopmail.io,United States,2019-01-07,Standard,41.11
2390,Arjun Garcia,arjun.garcia.2390@customer.co,Italy,2024-06-06,Basic,151.34
2391,Chen Rossi,chen.rossi.2391@inbox.net,United States,2019-07-05,Premium,213.48
2392,Noah Brown,noah.brown.2392@shopmail.io,United Kingdom,2023-05-09,Premium,297.21
2393,Arjun Mueller,arjun.mueller.2393@customer.co,France,2024-01-16,Standard,117.82
2394,Ethan Garcia,ethan.garcia.2394@mail.example.com,Italy,2020-06-29,Premium,145.88
2395,Noah Wilson,noah.wilson.2395@inbox.net,Canada,2022-06-28,Premium,239.81
2396,Maria Dubois,maria.dubois.2396@inbox.net,India,2019-06-16,Standard,120.80
2397,Noah Mueller,noah.mueller.2397@mail.example.com,United States,2024-06-02,Standard,438.10
2398,Sofia Kim,sofia.kim.2398@inbox.net,India,2025-05-23,Standard,119.74
2399,Chen Wilson,chen.wilson.2399@customer.co,Canada,2019-01-17,Standard,55.65
2400,Noah Mueller,noah.mueller.2400@customer.co,Canada,2021-03-24,Premium,154.94
2401,Maria Dubois,maria.dubois.2401@inbox.net,Spain,2022-01-22,Basic,220.74
2402,Emma Brown,emma.brown.2402@shopmail.io,Canada,2024-10-11,Basic,445.18
2403,Liam Garcia,liam.garcia.2403@inbox.net,United Kingdom,2023-04-23,Standard,103.11
2404,Sofia Wilson,sofia.wilson.2404@mail.example.com,Netherlands,2024-12-13,Standard,251.76
2405,Ethan Rossi,ethan.rossi.2405@shopmail.io,Canada,2024-04-14,Premium,174.82
2406,Aisha Singh,aisha.singh.2406@inbox.net,Germany,2020-06-16,Standard,366.51
2407,Liam Nguyen,liam.nguyen.2407@inbox.net,Italy,2020-11-12,Standard,184.68
2408,Emma Rossi,emma.rossi.2408@customer.co,Spain,2022-02-23,Basic,85.85
2409,Lucas Kim,lucas.kim.2409@mail.example.com,Canada,2023-03-31,Standard,452.89
2410,Chen Kim,chen.kim.2410@mail.example.com,United States,2024-09-05,Standard,379.01
2411,Sofia Kim,sofia.kim.2411@inbox.net,Canada,2019-12-16,Standard,34.69
2412,Maria Brown,maria.brown.2412@mail.example.com,United States,2024-07-10,Basic,46.61
2413,Isabella Kim,isabella.kim.2413@inbox.net,United Kingdom,2021-04-17,Standard,73.10
2414,Aisha Singh,aisha.singh.2414@shopmail.io,Netherlands,2018-07-29,Standard,521.09
2415,Noah Martin,noah.martin.2415@customer.co,India,2020-11-16,Standard,271.96
2416,Mia Brown,mia.brown.2416@mail.example.com,Australia,2025-05-23,Basic,440.26
2417,Liam Dubois,liam.dubois.2417@mail.example.com,United States,2019-09-03,Standard,283.04
2418,Emma Singh,emma.singh.2418@inbox.net,United States,2021-04-03,Basic,115.49
2419,Aisha Nguyen,aisha.nguyen.2419@shopmail.io,Netherlands,2020-12-29,Standard,497.69
2420,Mia Brown,mia.brown.2420@shopmail.io,United States,2022-07-16,Standard,234.73
2421,Emma Martin,emma.martin.2421@shopmail.io,Germany,2020-01-22,Basic,836.29
2422,Noah Brown,noah.brown.2422@customer.co,United Kingdom,2024-11-21,Basic,226.00
2423,James Khan,james.khan.2423@customer.co,France,2023-08-20,Standard,250.26
2424,Isabella Nguyen,isabella.nguyen.2424@inbox.net,France,2021-06-01,Standard,232.63
2425,Priya Wilson,priya.wilson.2425@inbox.net,India,2018-04-09,Premium,258.27
2426,Lucas Wilson,lucas.wilson.2426@mail.example.com,Netherlands,2018-08-29,Standard,178.72
2427,Liam Lee,liam.lee.2427@mail.example.com,Spain,2022-07-03,Basic,171.69
2428,Priya Martin,priya.martin.2428@mail.example.com,United Kingdom,2022-07-06,Standard,208.41
2429,Isabella Garcia,isabella.garcia.2429@mail.example.com,Italy,2024-01-07,Standard,675.12
2430,Mia Garcia,mia.garcia.2430@customer.co,France,2020-08-13,Standard,283.16
2431,Emma Patel,emma.patel.2431@customer.co,Germany,2022-07-18,Standard,131.08
2432,Ethan Mueller,ethan.mueller.2432@shopmail.io,United Kingdom,2025-07-26,Premium,65.12
2433,Isabella Kim,isabella.kim.2433@customer.co,Australia,2024-05-05,Basic,282.04
2434,Ethan Brown,ethan.brown.2434@inbox.net,France,2018-01-09,Standard,98.73
2435,Sofia Mueller,sofia.mueller.2435@customer.co,France,2024-04-18,Basic,672.43
2436,Mia Taylor,mia.taylor.2436@mail.example.com,Germany,2025-08-10,Basic,58.76
2437,Arjun Martin,arjun.martin.2437@inbox.net,Spain,2018-01-23,Premium,346.23
2438,Noah Lee,noah.lee.2438@mail.example.com,Australia,2025-03-27,Standard,434.56
2439,Olivia Rossi,olivia.rossi.2439@customer.co,Italy,2025-05-19,Basic,51.47
2440,Chen Dubois,chen.dubois.2440@shopmail.io,Netherlands,2018-07-09,Basic,250.26
2441,Maria Singh,maria.singh.2441@customer.co,United States,2023-01-02,Premium,287.47
2442,Mia Smith,mia.smith.2442@mail.example.com,Netherlands,2019-10-15,Standard,254.49
2443,Noah Garcia,noah.garcia.2443@shopmail.io,Canada,2021-05-10,Standard,309.81
2444,Arjun Taylor,arjun.taylor.2444@customer.co,Italy,2020-01-24,Standard,250.87
2445,Priya Lee,priya.lee.2445@mail.example.com,India,2024-08-23,Standard,175.38
2446,Priya Patel,priya.patel.2446@mail.example.com,Germany,2023-04-19,Basic,577.09
2447,Noah Brown,noah.brown.2447@mail.example.com,France,2025-01-03,Premium,289.44
2448,Maria Singh,maria.singh.2448@inbox.net,France,2025-07-17,Premium,375.53
2449,Mia Dubois,mia.dubois.2449@inbox.net,Germany,2025-03-14,Standard,152.97
2450,Liam Nguyen,liam.nguyen.2450@mail.example.com,United Kingdom,2020-01-02,Basic,1776.01
2451,James Martin,james.martin.2451@customer.co,France,2022-07-29,Basic,136.25
2452,Ethan Smith,ethan.smith.2452@mail.example.com,Germany,2024-03-08,Standard,134.51
2453,Mia Mueller,mia.mueller.2453@mail.example.com,France,2024-11-03,Standard,120.37
2454,Noah Lee,noah.lee.2454@shopmail.io,Canada,2018-06-22,Basic,155.49
2455,Sofia Nguyen,sofia.nguyen.2455@mail.example.com,Spain,2022-12-06,Standard,398.24
2456,Isabella Nguyen,isabella.nguyen.2456@customer.co,Spain,2024-02-18,Basic,135.94
2457,Chen Patel,chen.patel.2457@inbox.net,France,2023-10-22,Standard,421.09
2458,Sofia Mueller,sofia.mueller.2458@shopmail.io,Germany,2020-08-03,Basic,208.14
2459,Noah Smith,noah.smith.2459@inbox.net,Canada,2024-07-25,Standard,709.19
2460,Maria Garcia,maria.garcia.2460@shopmail.io,Germany,2018-07-26,Standard,59.22
2461,Liam Garcia,liam.garcia.2461@inbox.net,Italy,2024-12-14,Standard,203.16
2462,Chen Smith,chen.smith.2462@inbox.net,Germany,2020-02-14,Standard,1021.68
2463,Mia Nguyen,mia.nguyen.2463@inbox.net,India,2024-03-27,Standard,266.20
2464,Olivia Singh,olivia.singh.2464@inbox.net,United States,2021-05-18,Basic,225.24
2465,Maria Kim,maria.kim.2465@customer.co,Italy,2020-10-08,Standard,95.36
2466,Maria Nguyen,maria.nguyen.2466@mail.example.com,Germany,2019-06-01,Standard,256.52
2467,Noah Smith,noah.smith.2467@mail.example.com,Netherlands,2022-06-22,Premium,526.67
2468,Chen Wilson,chen.wilson.2468@customer.co,France,2018-05-19,Standard,351.94
2469,Arjun Mueller,arjun.mueller.2469@mail.example.com,United States,2020-04-16,Basic,273.78
2470,Olivia Khan,olivia.khan.2470@mail.example.com,Italy,2024-11-15,Standard,595.81
2471,Olivia Brown,olivia.brown.2471@shopmail.io,Germany,2021-04-30,Standard,513.48
2472,Mia Smith,mia.smith.2472@inbox.net,India,2022-10-20,Standard,182.80
2473,Ethan Khan,ethan.khan.2473@inbox.net,Germany,2024-05-17,Premium,971.24
2474,Arjun Khan,arjun.khan.2474@inbox.net,Spain,2019-06-24,Standard,1025.99
2475,Mia Smith,mia.smith.2475@mail.example.com,Netherlands,2024-11-26,Premium,326.75
2476,Noah Brown,noah.brown.2476@inbox.net,Germany,2025-04-23,Premium,266.12
2477,Mia Martin,mia.martin.2477@mail.example.com,Germany,2021-07-26,Standard,799.61
2478,Aisha Patel,aisha.patel.2478@inbox.net,United Kingdom,2018-02-22,Standard,229.48
2479,James Singh,james.singh.2479@inbox.net,Australia,2018-09-12,Standard,148.17
2480,Aisha Brown,aisha.brown.2480@mail.example.com,Germany,2021-09-28,Premium,332.98
2481,Arjun Rossi,arjun.rossi.2481@shopmail.io,Spain,2023-06-07,Basic,370.25
2482,Aisha Kim,aisha.kim.2482@customer.co,Canada,2021-01-31,Standard,50.06
2483,Arjun Singh,arjun.singh.2483@inbox.net,India,2018-04-16,Standard,482.38
2484,Emma Martin,emma.martin.2484@shopmail.io,Australia,2018-09-27,Basic,214.36
2485,Mia Dubois,mia.dubois.2485@mail.example.com,Italy,2018-10-20,Premium,538.35
2486,Isabella Singh,isabella.singh.2486@customer.co,Australia,2022-04-20,Standard,265.16
2487,Aisha Mueller,aisha.mueller.2487@customer.co,Spain,2018-01-06,Premium,649.08
2488,Sofia Nguyen,sofia.nguyen.2488@inbox.net,Australia,2020-10-16,Standard,223.50
2489,Ethan Lee,ethan.lee.2489@inbox.net,United States,2018-07-27,Premium,164.90
2490,Liam Smith,liam.smith.2490@customer.co,United Kingdom,2024-01-20,Standard,378.77
2491,Liam Smith,liam.smith.2491@mail.example.com,Spain,2018-04-09,Basic,344.43
2492,Priya Kim,priya.kim.2492@mail.example.com,France,2023-10-06,Standard,205.65
2493,Sofia Dubois,sofia.dubois.2493@customer.co,United States,2025-05-27,Basic,310.40
2494,Emma Taylor,emma.taylor.2494@customer.co,United Kingdom,2022-04-15,Standard,120.90
2495,Liam Martin,liam.martin.2495@shopmail.io,Australia,2022-09-07,Standard,688.66
2496,Chen Kim,chen.kim.2496@mail.example.com,India,2023-06-20,Premium,39.25
2497,James Taylor,james.taylor.2497@mail.example.com,Italy,2019-11-20,Basic,323.45
2498,James Lee,james.lee.2498@customer.co,France,2018-11-20,Basic,348.89
2499,Maria Kim,maria.kim.2499@customer.co,Spain,2021-10-18,Standard,203.49
2500,Olivia Smith,olivia.smith.2500@mail.example.com,United Kingdom,2024-08-30,Standard,421.18
2501,Priya Brown,priya.brown.2501@mail.example.com,Australia,2020-07-14,Premium,324.10
2502,Ethan Dubois,ethan.dubois.2502@customer.co,Netherlands,2018-08-21,Standard,83.07
2503,Arjun Taylor,arjun.taylor.2503@shopmail.io,United Kingdom,2022-12-23,Standard,325.29
2504,Isabella Patel,isabella.patel.2504@customer.co,France,2024-06-19,Standard,1644.66
2505,Liam Brown,liam.brown.2505@inbox.net,Germany,2022-07-27,Basic,237.09
2506,Chen Kim,chen.kim.2506@mail.example.com,Australia,2020-08-08,Standard,432.44
2507,James Garcia,james.garcia.2507@mail.example.com,Germany,2022-03-12,Basic,69.60
2508,Emma Wilson,emma.wilson.2508@inbox.net,Spain,2022-07-02,Standard,223.57
2509,James Nguyen,james.nguyen.2509@inbox.net,India,2020-09-04,Basic,109.33
2510,Noah Wilson,noah.wilson.2510@mail.example.com,Italy,2024-02-11,Premium,313.94
2511,Ethan Patel,ethan.patel.2511@shopmail.io,United States,2019-08-10,Premium,130.67
2512,Sofia Garcia,sofia.garcia.2512@shopmail.io,Netherlands,2022-02-28,Premium,166.09
2513,Ethan Singh,ethan.singh.2513@shopmail.io,India,2018-06-20,Standard,67.77
2514,James Rossi,james.rossi.2514@inbox.net,Australia,2023-07-13,Basic,219.16
2515,Mia Mueller,mia.mueller.2515@shopmail.io,United States,2021-07-30,Standard,154.86
2516,Liam Martin,liam.martin.2516@customer.co,France,2023-10-06,Standard,391.52
2517,Maria Patel,maria.patel.2517@inbox.net,Australia,2025-01-21,Standard,300.03
2518,Sofia Taylor,sofia.taylor.2518@inbox.net,Germany,2019-11-19,Standard,444.81
2519,Ethan Khan,ethan.khan.2519@inbox.net,United States,2021-07-13,Standard,94.67
2520,Lucas Brown,lucas.brown.2520@mail.example.com,India,2019-07-26,Standard,35.43
2521,Liam Taylor,liam.taylor.2521@shopmail.io,India,2022-07-22,Standard,220.94
2522,James Garcia,james.garcia.2522@customer.co,France,2025-08-20,Premium,246.07
2523,James Patel,james.patel.2523@mail.example.com,India,2023-07-29,Standard,480.18
2524,Isabella Patel,isabella.patel.2524@mail.example.com,Australia,2019-06-13,Standard,67.16
2525,Chen Mueller,chen.mueller.2525@customer.co,Netherlands,2024-05-12,Standard,92.28
2526,Liam Smith,liam.smith.2526@customer.co,Netherlands,2024-07-18,Basic,199.41
2527,James Nguyen,james.nguyen.2527@inbox.net,India,2021-05-15,Basic,48.68
2528,Arjun Martin,arjun.martin.2528@mail.example.com,Spain,2020-08-20,Standard,136.42
2529,Aisha Dubois,aisha.dubois.2529@inbox.net,India,2024-02-19,Standard,298.86
2530,James Nguyen,james.nguyen.2530@inbox.net,Netherlands,2018-12-30,Standard,60.96
2531,Olivia Mueller,olivia.mueller.2531@customer.co,India,2023-06-26,Standard,271.65
2532,Aisha Kim,aisha.kim.2532@inbox.net,France,2025-08-27,Premium,998.26
2533,Chen Kim,chen.kim.2533@mail.example.com,Germany,2024-04-15,Standard,490.87
2534,Mia Garcia,mia.garcia.2534@inbox.net,India,2024-12-03,Standard,1731.52
2535,Arjun Rossi,arjun.rossi.2535@shopmail.io,Italy,2019-10-16,Standard,135.42
2536,Aisha Martin,aisha.martin.2536@shopmail.io,France,2020-01-17,Standard,188.95
2537,James Rossi,james.rossi.2537@shopmail.io,Spain,2021-02-16,Premium,214.90
2538,Liam Garcia,liam.garcia.2538@shopmail.io,Italy,2018-02-07,Standard,107.84
2539,Isabella Lee,isabella.lee.2539@customer.co,Germany,2022-05-13,Standard,177.27
2540,James Dubois,james.dubois.2540@mail.example.com,France,2024-03-07,Basic,139.65
2541,Aisha Patel,aisha.patel.2541@customer.co,France,2020-05-24,Premium,399.44
2542,Priya Garcia,priya.garcia.2542@shopmail.io,Netherlands,2023-01-15,Premium,351.79
2543,Emma Singh,emma.singh.2543@mail.example.com,India,2022-07-04,Standard,684.70
2544,Mia Mueller,mia.mueller.2544@mail.example.com,Australia,2024-11-21,Basic,91.07
2545,Sofia Garcia,sofia.garcia.2545@customer.co,United Kingdom,2018-06-03,Standard,391.51
2546,Priya Singh,priya.singh.2546@inbox.net,Canada,2018-03-17,Basic,182.43
2547,Priya Lee,priya.lee.2547@shopmail.io,India,2023-02-01,Basic,210.16
2548,Noah Garcia,noah.garcia.2548@mail.example.com,France,2022-07-17,Standard,218.14
2549,Aisha Khan,aisha.khan.2549@customer.co,Italy,2023-06-13,Standard,142.59
2550,Priya Rossi,priya.rossi.2550@inbox.net,Italy,2024-01-28,Standard,254.64
2551,Lucas Mueller,lucas.mueller.2551@inbox.net,United States,2024-08-10,Basic,283.16
2552,Lucas Rossi,lucas.rossi.2552@shopmail.io,Germany,2022-09-04,Basic,89.64
2553,Isabella Wilson,isabella.wilson.2553@shopmail.io,Italy,2020-11-19,Standard,156.31
2554,Mia Brown,mia.brown.2554@mail.example.com,United Kingdom,2021-09-11,Premium,1477.09
2555,Ethan Mueller,ethan.mueller.2555@mail.example.com,United Kingdom,2020-01-18,Standard,182.29
2556,Priya Singh,priya.singh.2556@inbox.net,Canada,2019-12-09,Standard,365.33
2557,Arjun Dubois,arjun.dubois.2557@inbox.net,Spain,2023-07-07,Basic,113.18
2558,Maria Wilson,maria.wilson.2558@shopmail.io,France,2023-01-19,Standard,245.16
2559,Olivia Lee,olivia.lee.2559@customer.co,United Kingdom,2022-05-08,Standard,236.36
2560,Olivia Smith,olivia.smith.2560@customer.co,India,2021-06-07,Standard,352.41
2561,Emma Martin,emma.martin.2561@customer.co,Spain,2022-10-21,Basic,703.88
2562,Priya Singh,priya.singh.2562@shopmail.io,Spain,2020-09-15,Standard,385.66
2563,James Wilson,james.wilson.2563@mail.example.com,Italy,2019-07-31,Standard,207.75
2564,Noah Patel,noah.patel.2564@inbox.net,Canada,2021-09-15,Standard,672.37
2565,Emma Lee,emma.lee.2565@customer.co,Netherlands,2021-12-13,Basic,605.17
2566,Maria Garcia,maria.garcia.2566@mail.example.com,India,2023-11-16,Standard,222.45
2567,Emma Nguyen,emma.nguyen.2567@mail.example.com,Australia,2018-10-20,Standard,487.34
2568,Noah Brown,noah.brown.2568@customer.co,Canada,2020-12-01,Standard,184.25
2569,Maria Khan,maria.khan.2569@mail.example.com,Germany,2020-04-06,Standard,2403.96
2570,Aisha Taylor,aisha.taylor.2570@shopmail.io,Australia,2023-04-09,Standard,265.67
2571,Arjun Smith,arjun.smith.2571@inbox.net,France,2018-07-06,Basic,51.42
2572,Mia Rossi,mia.rossi.2572@mail.example.com,Germany,2018-07-05,Standard,80.92
2573,Isabella Martin,isabella.martin.2573@customer.co,United Kingdom,2020-05-20,Standard,257.00
2574,Liam Lee,liam.lee.2574@mail.example.com,Italy,2023-05-03,Standard,299.80
2575,Ethan Singh,ethan.singh.2575@customer.co,Australia,2019-09-19,Basic,445.47
2576,Olivia Mueller,olivia.mueller.2576@mail.example.com,Canada,2021-07-25,Premium,150.98
2577,Mia Smith,mia.smith.2577@inbox.net,Canada,2023-09-18,Standard,102.33
2578,James Rossi,james.rossi.2578@customer.co,Italy,2025-01-16,Standard,333.68
2579,Isabella Taylor,isabella.taylor.2579@shopmail.io,Italy,2020-10-24,Premium,358.37
2580,Liam Garcia,liam.garcia.2580@shopmail.io,Australia,2023-11-03,Standard,163.65
2581,Liam Rossi,liam.rossi.2581@mail.example.com,Italy,2022-12-08,Basic,187.03
2582,Priya Singh,priya.singh.2582@customer.co,United Kingdom,2025-05-12,Standard,265.83
2583,Liam Patel,liam.patel.2583@shopmail.io,France,2018-01-16,Standard,212.77
2584,Olivia Taylor,olivia.taylor.2584@inbox.net,Spain,2021-02-06,Basic,67.15
2585,Maria Rossi,maria.rossi.2585@shopmail.io,India,2018-05-08,Standard,54.58
2586,Lucas Lee,lucas.lee.2586@customer.co,Germany,2023-02-25,Standard,309.63
2587,Noah Wilson,noah.wilson.2587@inbox.net,France,2018-01-11,Standard,514.66
2588,Noah Brown,noah.brown.2588@mail.example.com,Australia,2019-01-13,Premium,351.34
2589,Isabella Taylor,isabella.taylor.2589@shopmail.io,Canada,2019-08-24,Basic,383.73
2590,Mia Brown,mia.brown.2590@inbox.net,Italy,2024-02-26,Basic,672.24
2591,Ethan Wilson,ethan.wilson.2591@shopmail.io,Netherlands,2019-08-15,Premium,215.09
2592,Aisha Lee,aisha.lee.2592@mail.example.com,Germany,2019-12-03,Standard,213.34
2593,Aisha Singh,aisha.singh.2593@inbox.net,Australia,2021-01-22,Standard,271.57
2594,Arjun Khan,arjun.khan.2594@customer.co,Netherlands,2023-01-04,Basic,336.12
2595,Ethan Nguyen,ethan.nguyen.2595@shopmail.io,Italy,2023-11-20,Basic,208.80
2596,Maria Wilson,maria.wilson.2596@mail.example.com,Netherlands,2020-05-10,Basic,288.04
2597,Emma Taylor,emma.taylor.2597@mail.example.com,Spain,2024-07-07,Premium,289.45
2598,Liam Nguyen,liam.nguyen.2598@inbox.net,Germany,2022-07-17,Standard,410.56
2599,Arjun Taylor,arjun.taylor.2599@inbox.net,France,2023-11-21,Standard,125.90
2600,James Wilson,james.wilson.2600@mail.example.com,Germany,2020-09-01,Premium,68.54
2601,Ethan Brown,ethan.brown.2601@customer.co,United Kingdom,2024-02-20,Standard,657.85
2602,Mia Khan,mia.khan.2602@inbox.net,United Kingdom,2023-09-24,Standard,81.89
2603,Isabella Garcia,isabella.garcia.2603@mail.example.com,United Kingdom,2018-07-12,Basic,78.97
2604,Emma Rossi,emma.rossi.2604@shopmail.io,India,2024-03-16,Premium,237.35
2605,Ethan Dubois,ethan.dubois.2605@inbox.net,Canada,2024-10-24,Standard,85.43
2606,Mia Singh,mia.singh.2606@inbox.net,Netherlands,2021-09-05,Basic,145.97
2607,Emma Taylor,emma.taylor.2607@inbox.net,United States,2023-06-18,Standard,126.88
2608,Emma Kim,emma.kim.2608@mail.example.com,Australia,2021-09-10,Basic,1490.83
2609,Sofia Lee,sofia.lee.2609@mail.example.com,Australia,2019-06-05,Premium,489.24
2610,Priya Patel,priya.patel.2610@shopmail.io,Spain,2021-01-26,Standard,402.83
2611,Lucas Wilson,lucas.wilson.2611@shopmail.io,United Kingdom,2018-11-09,Standard,91.09
2612,Liam Patel,liam.patel.2612@mail.example.com,Germany,2020-07-18,Standard,238.88
2613,Priya Khan,priya.khan.2613@inbox.net,United Kingdom,2021-08-21,Standard,87.17
2614,Priya Khan,priya.khan.2614@mail.example.com,United States,2024-07-15,Standard,879.04
2615,Priya Singh,priya.singh.2615@mail.example.com,Germany,2020-08-08,Basic,216.34
2616,Priya Mueller,priya.mueller.2616@customer.co,Canada,2022-08-15,Basic,321.29
2617,Emma Rossi,emma.rossi.2617@inbox.net,Canada,2018-03-30,Basic,48.67
2618,Maria Brown,maria.brown.2618@shopmail.io,Netherlands,2023-09-04,Standard,117.16
2619,Priya Kim,priya.kim.2619@shopmail.io,Italy,2025-07-04,Basic,130.82
2620,Chen Lee,chen.lee.2620@shopmail.io,United States,2019-07-14,Standard,99.98
2621,Ethan Wilson,ethan.wilson.2621@customer.co,Germany,2020-07-17,Premium,691.40
2622,Aisha Garcia,aisha.garcia.2622@customer.co,Spain,2020-10-10,Standard,166.04
2623,Ethan Brown,ethan.brown.2623@shopmail.io,Canada,2021-04-09,Basic,71.90
2624,Isabella Brown,isabella.brown.2624@mail.example.com,Australia,2025-02-02,Basic,391.24
2625,Ethan Nguyen,ethan.nguyen.2625@mail.example.com,India,2018-09-18,Standard,228.49
2626,Emma Smith,emma.smith.2626@customer.co,United Kingdom,2020-07-22,Standard,182.64
2627,Isabella Khan,isabella.khan.2627@mail.example.com,Italy,2020-11-11,Standard,134.65
2628,Arjun Taylor,arjun.taylor.2628@mail.example.com,Germany,2024-08-19,Standard,236.80
2629,Isabella Martin,isabella.martin.2629@shopmail.io,France,2018-04-28,Basic,262.30
2630,Isabella Garcia,isabella.garcia.2630@mail.example.com,Italy,2025-03-30,Standard,514.07
2631,Ethan Brown,ethan.brown.2631@shopmail.io,India,2022-03-25,Basic,92.67
2632,Emma Singh,emma.singh.2632@mail.example.com,Germany,2021-07-07,Premium,20.26
2633,Lucas Brown,lucas.brown.2633@mail.example.com,Germany,2019-06-09,Basic,48.64
2634,Chen Lee,chen.lee.2634@mail.example.com,United Kingdom,2020-05-05,Standard,90.54
2635,Lucas Singh,lucas.singh.2635@inbox.net,Australia,2024-12-03,Basic,481.60
2636,Lucas Smith,lucas.smith.2636@customer.co,Germany,2025-02-16,Premium,894.24
2637,Liam Mueller,liam.mueller.2637@shopmail.io,France,2020-10-01,Basic,116.99
2638,Isabella Wilson,isabella.wilson.2638@customer.co,India,2021-06-12,Standard,165.87
2639,Chen Wilson,chen.wilson.2639@inbox.net,France,2023-06-29,Basic,396.84
2640,Isabella Garcia,isabella.garcia.2640@customer.co,India,2024-11-13,Standard,58.43
2641,Priya Nguyen,priya.nguyen.2641@inbox.net,Netherlands,2022-03-19,Standard,652.99
2642,Arjun Dubois,arjun.dubois.2642@mail.example.com,France,2024-02-21,Standard,58.82
2643,Sofia Smith,sofia.smith.2643@mail.example.com,France,2021-01-15,Basic,403.85
2644,Isabella Mueller,isabella.mueller.2644@inbox.net,Germany,2020-01-10,Basic,116.33
2645,Olivia Dubois,olivia.dubois.2645@shopmail.io,France,2018-09-28,Standard,282.20
2646,Liam Dubois,liam.dubois.2646@mail.example.com,Australia,2023-05-30,Standard,128.83
2647,Liam Rossi,liam.rossi.2647@inbox.net,Spain,2023-10-19,Basic,54.37
2648,Emma Rossi,emma.rossi.2648@mail.example.com,Canada,2018-02-27,Basic,155.43
2649,Ethan Nguyen,ethan.nguyen.2649@inbox.net,United Kingdom,2023-10-06,Standard,193.93
2650,Aisha Smith,aisha.smith.2650@mail.example.com,United Kingdom,2024-01-05,Standard,566.20
2651,Emma Kim,emma.kim.2651@mail.example.com,United Kingdom,2020-10-21,Premium,157.52
2652,Aisha Brown,aisha.brown.2652@mail.example.com,Netherlands,2024-02-25,Standard,176.71
2653,Maria Taylor,maria.taylor.2653@customer.co,Germany,2021-09-16,Standard,318.67
2654,Isabella Singh,isabella.singh.2654@mail.example.com,Germany,2022-10-19,Basic,184.25
2655,Arjun Rossi,arjun.rossi.2655@mail.example.com,Australia,2020-12-14,Standard,39.13
2656,Chen Martin,chen.martin.2656@customer.co,Australia,2018-03-19,Basic,741.29
2657,Priya Nguyen,priya.nguyen.2657@mail.example.com,United Kingdom,2021-03-30,Basic,121.77
2658,Isabella Garcia,isabella.garcia.2658@customer.co,United Kingdom,2020-11-14,Premium,214.90
2659,Sofia Martin,sofia.martin.2659@shopmail.io,France,2023-10-29,Standard,577.20
2660,Chen Garcia,chen.garcia.2660@inbox.net,Germany,2025-05-06,Premium,310.27
2661,James Patel,james.patel.2661@mail.example.com,United Kingdom,2020-04-30,Basic,947.25
2662,Liam Taylor,liam.taylor.2662@shopmail.io,Germany,2022-01-29,Standard,160.46
2663,Chen Taylor,chen.taylor.2663@customer.co,Australia,2022-08-14,Standard,42.27
2664,Priya Mueller,priya.mueller.2664@inbox.net,Canada,2021-05-05,Standard,151.77
2665,Ethan Singh,ethan.singh.2665@customer.co,Germany,2018-08-12,Standard,251.86
2666,Lucas Khan,lucas.khan.2666@inbox.net,Netherlands,2025-01-04,Standard,172.48
2667,Mia Wilson,mia.wilson.2667@customer.co,Germany,2024-12-22,Basic,119.42
2668,Emma Wilson,emma.wilson.2668@customer.co,Germany,2022-04-21,Standard,137.09
2669,Noah Nguyen,noah.nguyen.2669@inbox.net,India,2019-10-08,Basic,268.32
2670,Sofia Khan,sofia.khan.2670@inbox.net,India,2021-05-14,Standard,300.04
2671,Maria Mueller,maria.mueller.2671@customer.co,Germany,2021-03-27,Standard,178.78
2672,Mia Singh,mia.singh.2672@shopmail.io,Australia,2020-05-03,Basic,145.49
2673,Olivia Rossi,olivia.rossi.2673@customer.co,France,2019-09-24,Standard,388.68
2674,Liam Kim,liam.kim.2674@customer.co,United Kingdom,2021-10-19,Basic,239.68
2675,Emma Patel,emma.patel.2675@inbox.net,France,2025-01-05,Premium,207.76
2676,Olivia Dubois,olivia.dubois.2676@inbox.net,France,2025-07-02,Standard,127.91
2677,Ethan Smith,ethan.smith.2677@shopmail.io,Italy,2024-10-28,Standard,80.27
2678,Isabella Dubois,isabella.dubois.2678@mail.example.com,Australia,2020-07-08,Basic,375.14
2679,Priya Taylor,priya.taylor.2679@shopmail.io,Netherlands,2018-12-29,Premium,125.42
2680,James Kim,james.kim.2680@inbox.net,United States,2023-04-16,Premium,544.26
2681,Lucas Garcia,lucas.garcia.2681@inbox.net,Spain,2018-03-20,Basic,109.61
2682,Olivia Dubois,olivia.dubois.2682@mail.example.com,Germany,2019-05-17,Premium,516.39
2683,Liam Brown,liam.brown.2683@inbox.net,India,2020-01-24,Basic,292.99
2684,Sofia Lee,sofia.lee.2684@shopmail.io,India,2021-04-29,Standard,76.88
2685,Sofia Khan,sofia.khan.2685@mail.example.com,Netherlands,2019-07-23,Standard,496.66
2686,Lucas Dubois,lucas.dubois.2686@customer.co,United States,2020-05-31,Standard,764.22
2687,Noah Wilson,noah.wilson.2687@mail.example.com,Germany,2025-03-14,Standard,250.40
2688,Noah Martin,noah.martin.2688@mail.example.com,Italy,2022-08-07,Basic,489.38
2689,Emma Lee,emma.lee.2689@shopmail.io,Australia,2020-06-22,Premium,426.55
2690,Ethan Patel,ethan.patel.2690@mail.example.com,United Kingdom,2022-07-02,Premium,98.60
2691,Isabella Martin,isabella.martin.2691@mail.example.com,United Kingdom,2020-03-08,Standard,411.27
2692,Aisha Kim,aisha.kim.2692@inbox.net,Netherlands,2025-05-14,Standard,134.60
2693,Isabella Kim,isabella.kim.2693@customer.co,United States,2024-04-26,Basic,53.93
2694,Olivia Khan,olivia.khan.2694@shopmail.io,United States,2018-10-30,Standard,86.48
2695,Liam Dubois,liam.dubois.2695@mail.example.com,United States,2018-07-14,Standard,103.32
2696,Arjun Mueller,arjun.mueller.2696@inbox.net,India,2019-05-03,Standard,63.68
2697,Noah Dubois,noah.dubois.2697@shopmail.io,Canada,2019-08-15,Standard,895.94
2698,Maria Wilson,maria.wilson.2698@customer.co,Germany,2018-09-03,Basic,575.27
2699,Aisha Nguyen,aisha.nguyen.2699@mail.example.com,Netherlands,2024-08-20,Premium,174.90
2700,Maria Kim,maria.kim.2700@inbox.net,United Kingdom,2018-12-20,Basic,205.25
2701,Isabella Singh,isabella.singh.2701@shopmail.io,Spain,2024-03-25,Premium,168.44
2702,Isabella Lee,isabella.lee.2702@customer.co,Australia,2019-07-14,Premium,333.56
2703,Mia Singh,mia.singh.2703@customer.co,Netherlands,2022-04-08,Basic,121.72
2704,Liam Wilson,liam.wilson.2704@mail.example.com,United States,2025-02-22,Standard,295.80
2705,Emma Mueller,emma.mueller.2705@customer.co,Germany,2020-10-18,Standard,71.68
2706,Priya Garcia,priya.garcia.2706@shopmail.io,United Kingdom,2021-10-06,Premium,179.22
2707,Aisha Nguyen,aisha.nguyen.2707@shopmail.io,India,2018-09-30,Premium,309.35
2708,Noah Taylor,noah.taylor.2708@customer.co,Germany,2025-05-10,Standard,189.34
2709,Emma Martin,emma.martin.2709@mail.example.com,Netherlands,2024-07-19,Standard,169.79
2710,Olivia Rossi,olivia.rossi.2710@customer.co,India,2022-05-19,Basic,127.94
2711,Ethan Mueller,ethan.mueller.2711@inbox.net,Australia,2025-06-10,Standard,371.64
2712,Mia Brown,mia.brown.2712@shopmail.io,Germany,2023-01-11,Standard,167.87
2713,Priya Martin,priya.martin.2713@customer.co,India,2022-02-12,Premium,110.80
2714,James Mueller,james.mueller.2714@customer.co,United Kingdom,2020-06-30,Standard,100.61
2715,James Wilson,james.wilson.2715@inbox.net,United Kingdom,2018-01-22,Standard,478.38
2716,James Lee,james.lee.2716@mail.example.com,Canada,2019-02-15,Basic,187.94
2717,Emma Garcia,emma.garcia.2717@shopmail.io,Spain,2019-04-01,Standard,78.21
2718,Maria Nguyen,maria.nguyen.2718@shopmail.io,Spain,2019-08-30,Basic,315.67
2719,Chen Garcia,chen.garcia.2719@inbox.net,Australia,2019-09-30,Standard,129.12
2720,Olivia Kim,olivia.kim.2720@mail.example.com,United States,2021-01-22,Standard,350.59
2721,Maria Smith,maria.smith.2721@mail.example.com,France,2022-03-08,Basic,280.32
2722,Mia Khan,mia.khan.2722@mail.example.com,Australia,2020-03-06,Premium,121.49
2723,Sofia Khan,sofia.khan.2723@mail.example.com,India,2021-03-30,Basic,396.04
2724,Maria Lee,maria.lee.2724@inbox.net,Spain,2020-09-11,Basic,265.31
2725,James Garcia,james.garcia.2725@customer.co,France,2021-05-19,Basic,27.49
2726,Maria Rossi,maria.rossi.2726@mail.example.com,Canada,2021-03-25,Standard,1295.14
2727,Emma Taylor,emma.taylor.2727@shopmail.io,Spain,2018-05-30,Standard,193.34
2728,Chen Patel,chen.patel.2728@customer.co,Netherlands,2024-04-09,Standard,131.89
2729,Priya Martin,priya.martin.2729@mail.example.com,Germany,2019-02-03,Basic,333.12
2730,Aisha Wilson,aisha.wilson.2730@customer.co,France,2022-07-07,Standard,734.89
2731,Ethan Rossi,ethan.rossi.2731@customer.co,Netherlands,2022-03-05,Premium,641.68
2732,Ethan Rossi,ethan.rossi.2732@customer.co,Germany,2024-06-16,Standard,549.15
2733,Mia Martin,mia.martin.2733@customer.co,Australia,2019-09-20,Premium,269.31
2734,Olivia Rossi,olivia.rossi.2734@mail.example.com,India,2021-09-20,Basic,209.32
2735,Noah Singh,noah.singh.2735@inbox.net,United States,2018-12-06,Standard,223.63
2736,Noah Nguyen,noah.nguyen.2736@inbox.net,Spain,2018-10-11,Premium,49.52
2737,Liam Rossi,liam.rossi.2737@mail.example.com,Spain,2021-02-22,Basic,95.28
2738,Aisha Singh,aisha.singh.2738@inbox.net,Canada,2021-01-08,Basic,295.78
2739,Liam Singh,liam.singh.2739@customer.co,United States,2023-12-18,Basic,240.64
2740,Liam Lee,liam.lee.2740@mail.example.com,United States,2021-01-26,Premium,128.99
2741,Maria Singh,maria.singh.2741@customer.co,France,2022-06-20,Basic,95.35
2742,Ethan Patel,ethan.patel.2742@mail.example.com,India,2019-12-15,Standard,162.31
2743,Arjun Singh,arjun.singh.2743@shopmail.io,Australia,2023-01-27,Standard,200.64
2744,James Kim,james.kim.2744@customer.co,Italy,2021-04-07,Basic,77.53
2745,Sofia Garcia,sofia.garcia.2745@shopmail.io,Spain,2022-05-04,Basic,495.34
2746,Aisha Smith,aisha.smith.2746@mail.example.com,Netherlands,2019-10-09,Standard,219.39
2747,Maria Singh,maria.singh.2747@shopmail.io,United States,2021-05-22,Standard,141.65
2748,Maria Brown,maria.brown.2748@shopmail.io,India,2022-04-16,Standard,46.70
2749,Ethan Kim,ethan.kim.2749@customer.co,United States,2020-06-01,Standard,157.95
2750,Maria Wilson,maria.wilson.2750@customer.co,United States,2020-01-28,Standard,490.83
2751,Chen Smith,chen.smith.2751@shopmail.io,France,2020-05-16,Standard,313.35
2752,Sofia Rossi,sofia.rossi.2752@mail.example.com,United States,2018-08-27,Standard,286.07
2753,Priya Smith,priya.smith.2753@mail.example.com,India,2019-08-22,Premium,290.16
2754,Chen Wilson,chen.wilson.2754@inbox.net,United Kingdom,2023-10-07,Standard,611.48
2755,Lucas Nguyen,lucas.nguyen.2755@mail.example.com,Canada,2021-11-10,Standard,403.13
2756,Lucas Khan,lucas.khan.2756@inbox.net,Netherlands,2023-03-22,Basic,127.59
2757,Mia Khan,mia.khan.2757@customer.co,Netherlands,2021-03-25,Standard,102.35
2758,Arjun Kim,arjun.kim.2758@customer.co,Australia,2020-03-13,Standard,379.75
2759,Priya Rossi,priya.rossi.2759@inbox.net,India,2021-10-24,Standard,214.17
2760,James Nguyen,james.nguyen.2760@inbox.net,United Kingdom,2019-05-28,Premium,166.53
2761,James Khan,james.khan.2761@customer.co,Netherlands,2024-02-21,Standard,369.87
2762,James Brown,james.brown.2762@shopmail.io,Germany,2020-10-04,Standard,725.87
2763,Maria Lee,maria.lee.2763@inbox.net,United States,2022-05-02,Premium,229.23
2764,Priya Wilson,priya.wilson.2764@shopmail.io,Germany,2020-03-23,Standard,210.71
2765,Priya Singh,priya.singh.2765@shopmail.io,India,2025-02-17,Premium,193.56
2766,Olivia Martin,olivia.martin.2766@inbox.net,United Kingdom,2018-12-07,Standard,252.04
2767,Liam Wilson,liam.wilson.2767@shopmail.io,Italy,2024-01-13,Premium,222.27
2768,Ethan Dubois,ethan.dubois.2768@mail.example.com,France,2019-08-10,Standard,1376.20
2769,Liam Brown,liam.brown.2769@inbox.net,India,2024-11-14,Standard,379.01
2770,Aisha Garcia,aisha.garcia.2770@customer.co,United Kingdom,2023-07-04,Basic,519.63
2771,Priya Taylor,priya.taylor.2771@mail.example.com,Australia,2020-05-11,Standard,375.29
2772,Mia Taylor,mia.taylor.2772@inbox.net,Australia,2019-11-02,Premium,310.07
2773,Lucas Brown,lucas.brown.2773@shopmail.io,Australia,2018-09-18,Standard,111.99
2774,Isabella Garcia,isabella.garcia.2774@customer.co,India,2021-07-10,Standard,735.15
2775,Mia Khan,mia.khan.2775@inbox.net,Spain,2021-04-17,Standard,227.79
2776,Ethan Brown,ethan.brown.2776@customer.co,Australia,2019-05-08,Premium,52.70
2777,James Mueller,james.mueller.2777@inbox.net,Australia,2022-04-19,Standard,213.42
2778,Olivia Dubois,olivia.dubois.2778@shopmail.io,Netherlands,2022-09-08,Standard,84.95
2779,Lucas Singh,lucas.singh.2779@shopmail.io,Canada,2021-01-08,Premium,501.97
2780,Arjun Garcia,arjun.garcia.2780@customer.co,United States,2020-02-02,Premium,283.82
2781,Chen Khan,chen.khan.2781@mail.example.com,Canada,2021-11-13,Premium,666.13
2782,Emma Martin,emma.martin.2782@mail.example.com,Spain,2021-04-08,Standard,432.35
2783,Lucas Lee,lucas.lee.2783@customer.co,Netherlands,2024-03-25,Premium,291.73
2784,Priya Wilson,priya.wilson.2784@shopmail.io,United States,2024-05-13,Basic,129.65
2785,Lucas Martin,lucas.martin.2785@inbox.net,United States,2022-06-08,Standard,228.38
2786,Aisha Brown,aisha.brown.2786@inbox.net,France,2018-01-18,Standard,1153.15
2787,Maria Patel,maria.patel.2787@customer.co,Germany,2022-05-08,Basic,344.14
2788,Arjun Mueller,arjun.mueller.2788@shopmail.io,India,2023-01-23,Basic,462.67
2789,Priya Rossi,priya.rossi.2789@inbox.net,Netherlands,2025-02-26,Standard,854.68
2790,Maria Martin,maria.martin.2790@customer.co,Italy,2021-03-17,Standard,88.70
2791,Mia Brown,mia.brown.2791@customer.co,India,2021-02-20,Basic,281.40
2792,Ethan Martin,ethan.martin.2792@customer.co,Italy,2022-02-22,Basic,127.39
2793,Isabella Wilson,isabella.wilson.2793@mail.example.com,United States,2018-11-14,Premium,273.63
2794,Maria Dubois,maria.dubois.2794@mail.example.com,Spain,2018-07-19,Standard,184.25
2795,Aisha Taylor,aisha.taylor.2795@mail.example.com,Canada,2020-11-11,Basic,378.39
2796,Priya Patel,priya.patel.2796@customer.co,India,2022-04-26,Premium,110.60
2797,Mia Taylor,mia.taylor.2797@shopmail.io,Spain,2025-02-11,Standard,1145.42
2798,Priya Patel,priya.patel.2798@inbox.net,Australia,2021-12-13,Standard,358.75
2799,Olivia Smith,olivia.smith.2799@inbox.net,Spain,2021-07-25,Premium,290.88
2800,Noah Mueller,noah.mueller.2800@customer.co,United States,2019-01-09,Standard,222.22
2801,Mia Rossi,mia.rossi.2801@shopmail.io,Netherlands,2019-02-26,Premium,351.48
2802,Noah Patel,noah.patel.2802@inbox.net,United Kingdom,2018-12-15,Premium,253.63
2803,Ethan Rossi,ethan.rossi.2803@shopmail.io,France,2019-10-17,Standard,550.36
2804,Noah Patel,noah.patel.2804@mail.example.com,Australia,2024-01-06,Standard,96.92
2805,Aisha Nguyen,aisha.nguyen.2805@customer.co,India,2021-09-02,Premium,159.62
2806,Emma Martin,emma.martin.2806@shopmail.io,France,2024-06-27,Premium,184.62
2807,Priya Rossi,priya.rossi.2807@inbox.net,India,2025-05-25,Basic,249.03
2808,Chen Patel,chen.patel.2808@mail.example.com,United Kingdom,2025-08-22,Standard,509.42
2809,Sofia Taylor,sofia.taylor.2809@inbox.net,Italy,2020-05-02,Basic,684.68
2810,James Wilson,james.wilson.2810@customer.co,France,2019-10-08,Basic,151.19
2811,Mia Wilson,mia.wilson.2811@shopmail.io,Canada,2021-07-21,Standard,233.50
2812,Maria Lee,maria.lee.2812@customer.co,Germany,2023-10-23,Standard,346.85
2813,Sofia Mueller,sofia.mueller.2813@mail.example.com,Spain,2024-04-30,Standard,342.03
2814,Mia Singh,mia.singh.2814@shopmail.io,Netherlands,2023-05-01,Premium,172.95
2815,Emma Singh,emma.singh.2815@shopmail.io,Australia,2019-06-10,Basic,693.97
2816,Lucas Martin,lucas.martin.2816@mail.example.com,Italy,2018-09-09,Standard,246.88
2817,James Singh,james.singh.2817@customer.co,Netherlands,2020-06-06,Basic,121.58
2818,Mia Lee,mia.lee.2818@inbox.net,Netherlands,2019-01-20,Basic,133.23
2819,Isabella Rossi,isabella.rossi.2819@inbox.net,Australia,2024-11-03,Basic,303.60
2820,Noah Nguyen,noah.nguyen.2820@customer.co,United States,2024-10-23,Basic,191.46
2821,Ethan Martin,ethan.martin.2821@customer.co,Canada,2018-03-07,Standard,255.46
2822,James Rossi,james.rossi.2822@customer.co,France,2023-02-23,Basic,718.01
2823,Ethan Kim,ethan.kim.2823@shopmail.io,Italy,2018-02-24,Basic,385.60
2824,Emma Smith,emma.smith.2824@inbox.net,United States,2019-04-13,Standard,99.39
2825,Sofia Singh,sofia.singh.2825@customer.co,United States,2019-01-29,Basic,278.60
2826,James Patel,james.patel.2826@mail.example.com,United States,2023-08-27,Standard,416.45
2827,James Garcia,james.garcia.2827@customer.co,Netherlands,2021-10-09,Standard,328.43
2828,Ethan Singh,ethan.singh.2828@customer.co,Canada,2023-09-11,Basic,503.18
2829,Olivia Martin,olivia.martin.2829@shopmail.io,United Kingdom,2021-03-07,Standard,241.76
2830,Ethan Brown,ethan.brown.2830@shopmail.io,Spain,2022-08-20,Standard,115.58
2831,Priya Brown,priya.brown.2831@shopmail.io,United States,2020-04-30,Basic,337.94
2832,Maria Singh,maria.singh.2832@customer.co,Germany,2023-10-25,Standard,510.38
2833,Chen Mueller,chen.mueller.2833@shopmail.io,Netherlands,2025-07-06,Standard,48.58
2834,Chen Mueller,chen.mueller.2834@shopmail.io,United States,2024-02-15,Premium,965.50
2835,Noah Lee,noah.lee.2835@mail.example.com,Australia,2018-12-19,Premium,84.85
2836,Ethan Smith,ethan.smith.2836@shopmail.io,Netherlands,2019-04-15,Standard,184.74
2837,Noah Lee,noah.lee.2837@shopmail.io,India,2024-09-16,Standard,159.83
2838,Lucas Khan,lucas.khan.2838@mail.example.com,Spain,2022-12-22,Basic,713.48
2839,Olivia Patel,olivia.patel.2839@mail.example.com,Germany,2023-11-28,Basic,452.79
2840,Priya Kim,priya.kim.2840@shopmail.io,Italy,2025-08-29,Standard,705.96
2841,James Rossi,james.rossi.2841@shopmail.io,Netherlands,2022-09-05,Basic,105.78
2842,Noah Patel,noah.patel.2842@mail.example.com,Spain,2018-12-04,Standard,213.47
2843,Chen Garcia,chen.garcia.2843@customer.co,Netherlands,2020-11-16,Standard,220.46
2844,Isabella Singh,isabella.singh.2844@shopmail.io,Italy,2023-01-09,Basic,332.98
2845,Ethan Taylor,ethan.taylor.2845@mail.example.com,Canada,2019-07-28,Standard,79.95
2846,Priya Brown,priya.brown.2846@customer.co,United States,2019-03-02,Standard,230.57
2847,Noah Khan,noah.khan.2847@inbox.net,Netherlands,2022-06-19,Standard,196.96
2848,Arjun Dubois,arjun.dubois.2848@shopmail.io,India,2020-08-25,Premium,305.77
2849,Noah Taylor,noah.taylor.2849@mail.example.com,India,2025-03-05,Standard,347.95
2850,Chen Singh,chen.singh.2850@inbox.net,India,2022-11-17,Basic,143.25
2851,Emma Taylor,emma.taylor.2851@shopmail.io,Netherlands,2025-03-21,Basic,256.59
2852,Noah Patel,noah.patel.2852@shopmail.io,Spain,2025-03-09,Basic,661.88
2853,Ethan Lee,ethan.lee.2853@inbox.net,Canada,2024-07-06,Basic,279.40
2854,Ethan Kim,ethan.kim.2854@customer.co,Australia,2024-12-24,Basic,270.62
2855,Emma Singh,emma.singh.2855@mail.example.com,Spain,2020-02-09,Standard,514.84
2856,Mia Taylor,mia.taylor.2856@inbox.net,Australia,2023-06-01,Standard,97.43
2857,Olivia Rossi,olivia.rossi.2857@customer.co,India,2021-12-08,Premium,2774.95
2858,Isabella Patel,isabella.patel.2858@customer.co,Spain,2022-10-22,Standard,194.68
2859,James Smith,james.smith.2859@shopmail.io,Canada,2021-01-09,Basic,200.46
2860,Ethan Martin,ethan.martin.2860@inbox.net,Australia,2025-03-04,Standard,258.98
2861,Emma Smith,emma.smith.2861@shopmail.io,United States,2019-05-21,Standard,581.43
2862,Maria Martin,maria.martin.2862@mail.example.com,Netherlands,2021-02-01,Basic,338.38
2863,Chen Rossi,chen.rossi.2863@shopmail.io,Germany,2020-07-19,Basic,287.86
2864,Arjun Kim,arjun.kim.2864@mail.example.com,India,2019-11-20,Standard,155.94
2865,Mia Smith,mia.smith.2865@inbox.net,India,2019-07-23,Premium,164.78
2866,Liam Martin,liam.martin.2866@customer.co,United States,2021-08-30,Basic,224.08
2867,Emma Dubois,emma.dubois.2867@customer.co,Canada,2022-05-21,Basic,51.21
2868,Priya Rossi,priya.rossi.2868@inbox.net,Canada,2018-07-23,Standard,138.92
2869,Lucas Brown,lucas.brown.2869@customer.co,Canada,2022-03-07,Standard,241.72
2870,Aisha Mueller,aisha.mueller.2870@inbox.net,Spain,2024-01-07,Standard,93.42
2871,Priya Wilson,priya.wilson.2871@customer.co,Spain,2020-03-23,Standard,818.48
2872,Isabella Mueller,isabella.mueller.2872@customer.co,Spain,2022-10-24,Standard,1036.23
2873,Priya Garcia,priya.garcia.2873@inbox.net,Canada,2023-10-22,Basic,437.59
2874,Sofia Kim,sofia.kim.2874@mail.example.com,Spain,2024-10-30,Premium,226.19
2875,Liam Kim,liam.kim.2875@shopmail.io,Canada,2021-05-16,Premium,596.20
2876,Aisha Wilson,aisha.wilson.2876@customer.co,Spain,2018-05-10,Basic,193.20
2877,Sofia Smith,sofia.smith.2877@mail.example.com,Australia,2018-05-11,Basic,439.42
2878,Ethan Garcia,ethan.garcia.2878@mail.example.com,United States,2023-02-19,Standard,207.90
2879,Aisha Mueller,aisha.mueller.2879@inbox.net,Germany,2024-08-14,Premium,230.94
2880,Sofia Mueller,sofia.mueller.2880@inbox.net,Germany,2021-10-04,Standard,267.18
2881,Olivia Nguyen,olivia.nguyen.2881@customer.co,France,2021-11-07,Premium,91.12
2882,Aisha Dubois,aisha.dubois.2882@shopmail.io,France,2023-07-07,Premium,983.45
2883,Ethan Wilson,ethan.wilson.2883@mail.example.com,United Kingdom,2019-08-06,Basic,190.12
2884,Aisha Lee,aisha.lee.2884@inbox.net,Canada,2019-09-03,Standard,120.05
2885,Olivia Brown,olivia.brown.2885@customer.co,United Kingdom,2018-07-29,Basic,200.11
2886,Olivia Nguyen,olivia.nguyen.2886@customer.co,Australia,2021-04-13,Standard,267.15
2887,Sofia Patel,sofia.patel.2887@customer.co,United Kingdom,2018-11-18,Standard,370.80
2888,Emma Lee,emma.lee.2888@customer.co,France,2023-02-02,Basic,51.02
2889,Lucas Smith,lucas.smith.2889@mail.example.com,India,2023-02-10,Basic,197.51
2890,Aisha Kim,aisha.kim.2890@inbox.net,Germany,2022-10-09,Standard,151.75
2891,Liam Dubois,liam.dubois.2891@inbox.net,India,2019-10-17,Premium,167.75
2892,James Rossi,james.rossi.2892@mail.example.com,Italy,2022-11-03,Standard,59.73
2893,Aisha Smith,aisha.smith.2893@customer.co,United Kingdom,2022-11-21,Basic,94.28
2894,Lucas Singh,lucas.singh.2894@customer.co,Italy,2024-08-14,Basic,187.09
2895,Olivia Garcia,olivia.garcia.2895@inbox.net,Netherlands,2020-07-21,Basic,49.70
2896,Priya Khan,priya.khan.2896@customer.co,France,2023-12-16,Premium,37.59
2897,Mia Taylor,mia.taylor.2897@mail.example.com,Canada,2025-04-17,Standard,68.57
2898,Chen Smith,chen.smith.2898@customer.co,Australia,2018-07-09,Premium,297.46
2899,Arjun Lee,arjun.lee.2899@mail.example.com,France,2020-11-11,Premium,49.25
2900,Chen Singh,chen.singh.2900@shopmail.io,Italy,2024-11-02,Standard,184.06
2901,Maria Patel,maria.patel.2901@mail.example.com,Spain,2020-04-11,Basic,164.41
2902,Priya Mueller,priya.mueller.2902@mail.example.com,United States,2025-04-29,Standard,565.40
2903,Arjun Garcia,arjun.garcia.2903@mail.example.com,Australia,2018-03-06,Standard,306.92
2904,Noah Garcia,noah.garcia.2904@inbox.net,Italy,2019-06-03,Standard,48.53
2905,Noah Dubois,noah.dubois.2905@inbox.net,France,2019-10-25,Basic,193.44
2906,Olivia Patel,olivia.patel.2906@mail.example.com,Spain,2023-06-27,Basic,68.25
2907,Aisha Wilson,aisha.wilson.2907@shopmail.io,India,2024-05-12,Standard,76.74
2908,Mia Patel,mia.patel.2908@inbox.net,Netherlands,2019-04-12,Basic,191.43
2909,Isabella Smith,isabella.smith.2909@inbox.net,United States,2022-12-16,Standard,323.89
2910,Priya Mueller,priya.mueller.2910@mail.example.com,Australia,2020-03-15,Standard,344.28
2911,James Mueller,james.mueller.2911@inbox.net,Spain,2020-09-26,Standard,147.06
2912,Olivia Singh,olivia.singh.2912@customer.co,Spain,2022-06-26,Standard,459.09
2913,Emma Khan,emma.khan.2913@customer.co,United States,2024-10-12,Standard,47.97
2914,Isabella Martin,isabella.martin.2914@inbox.net,Australia,2021-05-03,Basic,91.11
2915,Priya Patel,priya.patel.2915@inbox.net,Spain,2023-08-31,Standard,366.44
2916,Maria Smith,maria.smith.2916@shopmail.io,Netherlands,2019-12-08,Premium,112.05
2917,Maria Smith,maria.smith.2917@customer.co,India,2018-09-04,Basic,174.46
2918,Maria Taylor,maria.taylor.2918@customer.co,France,2019-12-13,Standard,272.40
2919,James Khan,james.khan.2919@inbox.net,Spain,2019-05-13,Standard,52.08
2920,Lucas Khan,lucas.khan.2920@mail.example.com,Netherlands,2020-10-02,Standard,106.84
2921,Lucas Brown,lucas.brown.2921@customer.co,Netherlands,2022-10-21,Standard,222.36
2922,Emma Garcia,emma.garcia.2922@mail.example.com,Netherlands,2018-02-06,Premium,75.21
2923,Emma Patel,emma.patel.2923@mail.example.com,Spain,2024-10-20,Standard,148.50
2924,Sofia Patel,sofia.patel.2924@mail.example.com,United Kingdom,2024-07-20,Premium,216.99
2925,Isabella Patel,isabella.patel.2925@customer.co,Australia,2022-09-18,Standard,440.82
2926,Ethan Singh,ethan.singh.2926@mail.example.com,Italy,2020-02-02,Premium,196.97
2927,Emma Brown,emma.brown.2927@mail.example.com,Spain,2023-08-12,Standard,127.31
2928,Noah Khan,noah.khan.2928@inbox.net,United Kingdom,2019-07-05,Premium,191.40
2929,Lucas Brown,lucas.brown.2929@shopmail.io,United States,2022-03-05,Basic,118.38
2930,Sofia Singh,sofia.singh.2930@inbox.net,Canada,2018-07-10,Standard,72.98
2931,Chen Martin,chen.martin.2931@inbox.net,United Kingdom,2021-05-21,Premium,405.21
2932,Liam Khan,liam.khan.2932@shopmail.io,France,2018-01-04,Standard,177.29
2933,Liam Lee,liam.lee.2933@mail.example.com,Canada,2019-12-15,Premium,501.77
2934,Priya Lee,priya.lee.2934@mail.example.com,Italy,2022-06-14,Premium,101.18
2935,Olivia Martin,olivia.martin.2935@inbox.net,United States,2020-10-22,Standard,607.50
2936,Noah Nguyen,noah.nguyen.2936@inbox.net,United States,2020-06-05,Standard,712.45
2937,Noah Taylor,noah.taylor.2937@shopmail.io,India,2020-07-18,Standard,165.67
2938,Lucas Wilson,lucas.wilson.2938@mail.example.com,Germany,2023-05-31,Premium,363.64
2939,Mia Smith,mia.smith.2939@mail.example.com,Canada,2018-07-24,Standard,295.14
2940,Noah Martin,noah.martin.2940@shopmail.io,Canada,2023-05-20,Basic,262.82
2941,Maria Taylor,maria.taylor.2941@inbox.net,United States,2023-05-22,Premium,801.49
2942,Sofia Lee,sofia.lee.2942@customer.co,Italy,2023-05-09,Standard,511.60
2943,Mia Mueller,mia.mueller.2943@customer.co,Germany,2019-07-07,Standard,205.24
2944,Maria Singh,maria.singh.2944@customer.co,India,2021-12-28,Premium,30.84
2945,Olivia Martin,olivia.martin.2945@mail.example.com,India,2018-11-12,Premium,398.54
2946,Emma Kim,emma.kim.2946@shopmail.io,United Kingdom,2022-07-29,Standard,394.48
2947,Aisha Wilson,aisha.wilson.2947@shopmail.io,India,2019-02-28,Premium,184.40
2948,Noah Rossi,noah.rossi.2948@mail.example.com,United Kingdom,2024-06-08,Standard,192.51
2949,Arjun Dubois,arjun.dubois.2949@mail.example.com,India,2023-12-13,Standard,1304.21
2950,Chen Martin,chen.martin.2950@mail.example.com,Netherlands,2018-11-11,Premium,674.12
2951,Noah Singh,noah.singh.2951@mail.example.com,India,2020-06-27,Standard,926.70
2952,Isabella Martin,isabella.martin.2952@customer.co,Canada,2024-06-27,Premium,125.44
2953,James Khan,james.khan.2953@mail.example.com,France,2023-05-05,Basic,127.28
2954,Priya Garcia,priya.garcia.2954@customer.co,Spain,2020-07-10,Standard,422.16
2955,Sofia Martin,sofia.martin.2955@shopmail.io,Netherlands,2021-02-14,Standard,361.69
2956,Lucas Kim,lucas.kim.2956@shopmail.io,Australia,2024-04-03,Standard,55.87
2957,Mia Dubois,mia.dubois.2957@inbox.net,India,2020-01-06,Premium,558.64
2958,Mia Dubois,mia.dubois.2958@shopmail.io,India,2018-06-02,Premium,344.13
2959,Maria Martin,maria.martin.2959@customer.co,Canada,2019-02-05,Standard,98.38
2960,Arjun Kim,arjun.kim.2960@mail.example.com,Australia,2022-05-15,Basic,273.27
2961,Aisha Khan,aisha.khan.2961@customer.co,Italy,2018-07-08,Premium,683.39
2962,Priya Rossi,priya.rossi.2962@inbox.net,Germany,2025-01-22,Standard,346.48
2963,Liam Dubois,liam.dubois.2963@shopmail.io,United Kingdom,2023-03-03,Basic,344.32
2964,Emma Lee,emma.lee.2964@mail.example.com,India,2022-06-29,Basic,71.83
2965,Olivia Patel,olivia.patel.2965@inbox.net,United States,2023-05-13,Premium,132.03
2966,Lucas Garcia,lucas.garcia.2966@mail.example.com,Germany,2021-06-05,Premium,509.68
2967,Chen Lee,chen.lee.2967@shopmail.io,United States,2022-08-14,Premium,89.01
2968,Priya Dubois,priya.dubois.2968@customer.co,United States,2019-01-21,Standard,431.00
2969,Mia Taylor,mia.taylor.2969@shopmail.io,Canada,2024-03-14,Premium,429.43
2970,Arjun Wilson,arjun.wilson.2970@shopmail.io,Canada,2020-09-29,Standard,493.04
2971,Isabella Wilson,isabella.wilson.2971@mail.example.com,United Kingdom,2025-06-30,Basic,215.18
2972,Lucas Taylor,lucas.taylor.2972@customer.co,United States,2024-11-14,Standard,99.55
2973,Isabella Rossi,isabella.rossi.2973@mail.example.com,France,2023-03-30,Standard,163.30
2974,James Nguyen,james.nguyen.2974@customer.co,United Kingdom,2025-02-07,Standard,319.65
2975,Ethan Smith,ethan.smith.2975@mail.example.com,United Kingdom,2018-04-22,Standard,505.29
2976,Priya Kim,priya.kim.2976@shopmail.io,United States,2025-02-10,Standard,174.52
2977,Chen Kim,chen.kim.2977@inbox.net,Italy,2019-12-11,Standard,407.82
2978,Isabella Garcia,isabella.garcia.2978@mail.example.com,Italy,2020-10-21,Standard,111.08
2979,Maria Wilson,maria.wilson.2979@shopmail.io,Canada,2019-06-04,Premium,66.13
2980,Liam Lee,liam.lee.2980@shopmail.io,Canada,2022-08-07,Standard,215.77
2981,Aisha Kim,aisha.kim.2981@shopmail.io,France,2020-11-20,Basic,411.33
2982,Aisha Singh,aisha.singh.2982@customer.co,United States,2023-09-11,Standard,45.97
2983,Noah Khan,noah.khan.2983@shopmail.io,Spain,2019-12-25,Basic,411.32
2984,Noah Rossi,noah.rossi.2984@inbox.net,Canada,2020-04-16,Basic,274.21
2985,Sofia Wilson,sofia.wilson.2985@customer.co,Italy,2021-01-19,Basic,288.08
2986,Mia Dubois,mia.dubois.2986@inbox.net,Canada,2021-08-31,Standard,400.24
2987,Aisha Nguyen,aisha.nguyen.2987@customer.co,United States,2020-11-25,Standard,589.74
2988,Emma Patel,emma.patel.2988@customer.co,Canada,2019-07-13,Basic,252.59
2989,Olivia Taylor,olivia.taylor.2989@customer.co,Italy,2025-03-27,Basic,141.95
2990,Noah Lee,noah.lee.2990@customer.co,Netherlands,2018-03-09,Standard,745.38
2991,Noah Martin,noah.martin.2991@mail.example.com,India,2024-07-21,Premium,1631.80
2992,James Patel,james.patel.2992@mail.example.com,United States,2020-05-30,Basic,1498.23
2993,Isabella Taylor,isabella.taylor.2993@inbox.net,India,2021-08-27,Standard,102.86
2994,James Lee,james.lee.2994@mail.example.com,United Kingdom,2022-04-24,Standard,275.55
2995,Emma Lee,emma.lee.2995@shopmail.io,France,2021-03-09,Standard,334.37
2996,Lucas Kim,lucas.kim.2996@inbox.net,Italy,2023-10-20,Basic,48.79
2997,Sofia Smith,sofia.smith.2997@shopmail.io,Netherlands,2021-11-06,Basic,166.86
2998,Liam Smith,liam.smith.2998@shopmail.io,Australia,2022-12-31,Premium,206.48
2999,Maria Mueller,maria.mueller.2999@shopmail.io,Spain,2021-08-18,Basic,495.76
3000,Arjun Martin,arjun.martin.3000@inbox.net,Canada,2023-10-08,Basic,217.09
3001,Isabella Patel,isabella.patel.3001@customer.co,Italy,2020-09-28,Standard,394.04
3002,Isabella Martin,isabella.martin.3002@inbox.net,France,2021-08-16,Standard,266.62
3003,Olivia Nguyen,olivia.nguyen.3003@mail.example.com,Germany,2022-12-05,Standard,340.35
3004,Olivia Rossi,olivia.rossi.3004@customer.co,Spain,2022-02-19,Standard,296.30
3005,Chen Dubois,chen.dubois.3005@inbox.net,Netherlands,2018-07-19,Basic,415.13
3006,Mia Kim,mia.kim.3006@shopmail.io,India,2020-06-02,Standard,216.36
3007,Liam Mueller,liam.mueller.3007@inbox.net,Spain,2024-09-14,Standard,91.96
3008,Noah Martin,noah.martin.3008@mail.example.com,Germany,2020-03-14,Basic,165.40
3009,Aisha Nguyen,aisha.nguyen.3009@mail.example.com,Netherlands,2020-06-19,Standard,199.25
3010,Arjun Patel,arjun.patel.3010@inbox.net,Netherlands,2022-10-20,Basic,31.84
3011,Chen Lee,chen.lee.3011@inbox.net,Netherlands,2024-01-14,Standard,126.24
3012,Sofia Martin,sofia.martin.3012@inbox.net,Netherlands,2020-12-21,Premium,1383.60
3013,Isabella Singh,isabella.singh.3013@customer.co,France,2021-03-14,Basic,873.87
3014,Arjun Taylor,arjun.taylor.3014@shopmail.io,Netherlands,2023-02-26,Basic,113.46
3015,Isabella Mueller,isabella.mueller.3015@inbox.net,India,2024-04-02,Basic,514.98
3016,Emma Mueller,emma.mueller.3016@customer.co,United Kingdom,2021-06-16,Premium,583.64
3017,Ethan Singh,ethan.singh.3017@inbox.net,France,2025-04-23,Standard,181.28
3018,Isabella Kim,isabella.kim.3018@mail.example.com,Italy,2021-02-11,Premium,434.46
3019,Lucas Smith,lucas.smith.3019@shopmail.io,France,2021-04-04,Basic,186.43
3020,Lucas Mueller,lucas.mueller.3020@customer.co,India,2022-02-05,Standard,566.58
3021,Aisha Nguyen,aisha.nguyen.3021@mail.example.com,United States,2018-05-31,Basic,103.26
3022,Liam Singh,liam.singh.3022@customer.co,India,2018-11-15,Premium,693.17
3023,Maria Rossi,maria.rossi.3023@inbox.net,Australia,2018-11-26,Standard,333.84
3024,Maria Taylor,maria.taylor.3024@inbox.net,Canada,2022-07-04,Premium,710.95
3025,Noah Patel,noah.patel.3025@mail.example.com,Spain,2025-03-18,Standard,151.12
3026,Isabella Lee,isabella.lee.3026@inbox.net,India,2025-07-12,Standard,760.50
3027,Priya Wilson,priya.wilson.3027@mail.example.com,Australia,2019-06-30,Basic,60.53
3028,Sofia Brown,sofia.brown.3028@mail.example.com,Canada,2019-11-04,Standard,305.04
3029,Lucas Kim,lucas.kim.3029@customer.co,United States,2021-07-16,Standard,427.06
3030,Liam Wilson,liam.wilson.3030@shopmail.io,Germany,2018-10-02,Standard,114.25
3031,Liam Smith,liam.smith.3031@inbox.net,India,2018-05-13,Standard,159.64
3032,Liam Singh,liam.singh.3032@mail.example.com,Canada,2023-02-02,Standard,464.63
3033,Lucas Martin,lucas.martin.3033@customer.co,Germany,2018-01-11,Standard,105.93
3034,Aisha Nguyen,aisha.nguyen.3034@inbox.net,France,2022-01-03,Standard,47.16
3035,Maria Taylor,maria.taylor.3035@inbox.net,India,2021-06-24,Basic,677.48
3036,Mia Wilson,mia.wilson.3036@mail.example.com,France,2022-02-10,Basic,237.04
3037,Maria Taylor,maria.taylor.3037@customer.co,France,2020-12-31,Standard,85.97
3038,Mia Brown,mia.brown.3038@shopmail.io,Italy,2023-11-30,Basic,257.60
3039,Isabella Taylor,isabella.taylor.3039@customer.co,Australia,2024-12-25,Standard,145.84
3040,Isabella Rossi,isabella.rossi.3040@mail.example.com,Germany,2024-03-19,Premium,284.98
3041,Noah Nguyen,noah.nguyen.3041@mail.example.com,India,2023-03-03,Standard,307.63
3042,Sofia Khan,sofia.khan.3042@mail.example.com,Italy,2020-06-21,Standard,149.59
3043,Liam Taylor,liam.taylor.3043@mail.example.com,United States,2020-03-14,Basic,304.39
3044,Olivia Patel,olivia.patel.3044@shopmail.io,Italy,2019-12-10,Basic,454.72
3045,Liam Dubois,liam.dubois.3045@inbox.net,France,2018-08-02,Premium,1995.12
3046,Arjun Rossi,arjun.rossi.3046@shopmail.io,Canada,2019-01-07,Basic,151.02
3047,Maria Mueller,maria.mueller.3047@customer.co,Australia,2022-01-24,Basic,115.22
3048,Aisha Wilson,aisha.wilson.3048@shopmail.io,United States,2021-06-12,Premium,112.99
3049,Liam Smith,liam.smith.3049@mail.example.com,United States,2024-11-30,Standard,280.68
3050,Mia Martin,mia.martin.3050@customer.co,Australia,2023-02-14,Standard,306.23
3051,Noah Martin,noah.martin.3051@customer.co,Australia,2021-05-28,Basic,168.78
3052,Maria Khan,maria.khan.3052@customer.co,Australia,2019-09-18,Standard,96.63
3053,James Brown,james.brown.3053@mail.example.com,United States,2022-09-14,Standard,54.48
3054,Maria Dubois,maria.dubois.3054@mail.example.com,United States,2018-08-30,Standard,156.17
3055,Mia Khan,mia.khan.3055@shopmail.io,Germany,2025-06-13,Basic,1417.65
3056,Liam Garcia,liam.garcia.3056@inbox.net,Spain,2019-05-31,Basic,80.44
3057,Chen Lee,chen.lee.3057@inbox.net,Germany,2025-04-17,Premium,474.21
3058,Isabella Brown,isabella.brown.3058@shopmail.io,United States,2023-12-08,Basic,284.85
3059,Aisha Lee,aisha.lee.3059@mail.example.com,United States,2018-02-15,Standard,1075.68
3060,Sofia Rossi,sofia.rossi.3060@customer.co,Netherlands,2019-06-15,Standard,449.39
3061,Isabella Garcia,isabella.garcia.3061@shopmail.io,Germany,2018-05-05,Standard,199.48
3062,James Lee,james.lee.3062@customer.co,Italy,2023-07-14,Standard,530.27
3063,Lucas Garcia,lucas.garcia.3063@mail.example.com,Germany,2024-11-03,Standard,111.18
3064,Sofia Patel,sofia.patel.3064@mail.example.com,Australia,2025-08-04,Standard,53.38
3065,Olivia Dubois,olivia.dubois.3065@shopmail.io,Spain,2022-06-25,Basic,476.48
3066,James Khan,james.khan.3066@customer.co,Canada,2023-05-09,Standard,139.58
3067,Liam Singh,liam.singh.3067@mail.example.com,Spain,2024-07-21,Basic,283.44
3068,Olivia Nguyen,olivia.nguyen.3068@mail.example.com,United Kingdom,2022-05-13,Standard,577.14
3069,Sofia Lee,sofia.lee.3069@inbox.net,Spain,2023-09-15,Basic,219.48
3070,Mia Taylor,mia.taylor.3070@shopmail.io,United Kingdom,2020-04-23,Standard,544.32
3071,Noah Lee,noah.lee.3071@shopmail.io,Italy,2018-04-05,Basic,214.62
3072,Mia Patel,mia.patel.3072@customer.co,Netherlands,2024-08-10,Basic,264.43
3073,Liam Lee,liam.lee.3073@mail.example.com,France,2021-09-10,Basic,272.58
3074,Maria Khan,maria.khan.3074@shopmail.io,Italy,2021-04-02,Basic,177.19
3075,Liam Patel,liam.patel.3075@mail.example.com,Australia,2020-08-13,Standard,391.46
3076,Liam Singh,liam.singh.3076@mail.example.com,India,2023-04-27,Premium,140.12
3077,Aisha Lee,aisha.lee.3077@shopmail.io,India,2023-07-15,Premium,338.93
3078,James Khan,james.khan.3078@inbox.net,Australia,2022-04-06,Standard,171.92
3079,Lucas Lee,lucas.lee.3079@shopmail.io,Germany,2023-11-23,Premium,571.53
3080,Mia Garcia,mia.garcia.3080@shopmail.io,Australia,2020-05-08,Basic,123.55
3081,James Brown,james.brown.3081@customer.co,India,2023-06-10,Basic,253.18
3082,Mia Brown,mia.brown.3082@inbox.net,Canada,2021-08-19,Standard,246.76
3083,Isabella Taylor,isabella.taylor.3083@inbox.net,Australia,2019-08-24,Standard,448.13
3084,Maria Kim,maria.kim.3084@customer.co,Italy,2025-01-18,Standard,168.69
3085,Chen Dubois,chen.dubois.3085@inbox.net,Canada,2018-12-23,Standard,308.60
3086,Priya Patel,priya.patel.3086@shopmail.io,India,2022-12-23,Basic,133.56
3087,Sofia Khan,sofia.khan.3087@inbox.net,India,2020-11-19,Premium,360.00
3088,Sofia Kim,sofia.kim.3088@mail.example.com,Australia,2025-03-11,Standard,133.70
3089,Noah Mueller,noah.mueller.3089@inbox.net,France,2018-02-02,Basic,321.58
3090,Mia Khan,mia.khan.3090@shopmail.io,United States,2019-03-28,Premium,640.98
3091,Noah Khan,noah.khan.3091@shopmail.io,Germany,2021-02-24,Premium,155.73
3092,Chen Garcia,chen.garcia.3092@shopmail.io,Canada,2025-06-07,Standard,1353.01
3093,Ethan Garcia,ethan.garcia.3093@customer.co,India,2025-05-06,Standard,214.96
3094,Lucas Smith,lucas.smith.3094@shopmail.io,France,2021-05-13,Basic,596.32
3095,Olivia Smith,olivia.smith.3095@inbox.net,India,2023-06-14,Premium,218.96
3096,Maria Dubois,maria.dubois.3096@mail.example.com,Australia,2020-09-30,Standard,139.50
3097,Ethan Garcia,ethan.garcia.3097@inbox.net,Germany,2023-07-24,Basic,237.71
3098,Chen Smith,chen.smith.3098@customer.co,Italy,2024-06-06,Standard,430.87
3099,Maria Patel,maria.patel.3099@customer.co,India,2022-12-26,Standard,88.74
3100,Lucas Lee,lucas.lee.3100@mail.example.com,Germany,2018-12-17,Basic,94.31
3101,Mia Dubois,mia.dubois.3101@shopmail.io,Spain,2020-10-04,Basic,960.76
3102,Arjun Smith,arjun.smith.3102@shopmail.io,United Kingdom,2019-10-13,Standard,147.79
3103,Noah Garcia,noah.garcia.3103@inbox.net,Netherlands,2025-03-11,Standard,91.17
3104,Olivia Mueller,olivia.mueller.3104@mail.example.com,Netherlands,2021-11-07,Standard,188.86
3105,Maria Lee,maria.lee.3105@mail.example.com,Italy,2023-08-30,Basic,298.72
3106,Maria Singh,maria.singh.3106@customer.co,Canada,2019-01-29,Standard,198.31
3107,Isabella Mueller,isabella.mueller.3107@mail.example.com,India,2021-02-02,Standard,137.18
3108,Ethan Taylor,ethan.taylor.3108@customer.co,Italy,2023-05-04,Premium,1077.83
3109,Liam Singh,liam.singh.3109@mail.example.com,Netherlands,2018-03-18,Standard,96.24
3110,Sofia Nguyen,sofia.nguyen.3110@shopmail.io,Canada,2020-06-30,Standard,380.10
3111,Isabella Brown,isabella.brown.3111@inbox.net,Italy,2019-12-17,Standard,311.15
3112,Chen Martin,chen.martin.3112@mail.example.com,Netherlands,2022-07-17,Premium,397.81
3113,Lucas Kim,lucas.kim.3113@inbox.net,Netherlands,2019-05-27,Standard,124.77
3114,James Lee,james.lee.3114@customer.co,Netherlands,2023-02-07,Premium,112.66
3115,Arjun Kim,arjun.kim.3115@mail.example.com,Canada,2024-01-07,Basic,302.86
3116,Emma Garcia,emma.garcia.3116@customer.co,India,2020-11-08,Premium,766.93
3117,Maria Kim,maria.kim.3117@inbox.net,Canada,2019-01-26,Standard,521.41
3118,Noah Taylor,noah.taylor.3118@customer.co,Germany,2020-08-31,Standard,359.00
3119,Arjun Garcia,arjun.garcia.3119@mail.example.com,Italy,2021-11-10,Standard,655.07
3120,Emma Martin,emma.martin.3120@mail.example.com,India,2022-07-07,Standard,500.78
3121,James Garcia,james.garcia.3121@shopmail.io,India,2019-11-18,Basic,98.88
3122,Aisha Kim,aisha.kim.3122@inbox.net,United Kingdom,2020-11-08,Basic,174.93
3123,Lucas Singh,lucas.singh.3123@shopmail.io,Canada,2019-05-25,Standard,226.29
3124,Olivia Nguyen,olivia.nguyen.3124@customer.co,Australia,2022-07-07,Basic,252.62
3125,James Patel,james.patel.3125@mail.example.com,United Kingdom,2022-12-01,Standard,128.03
3126,Lucas Smith,lucas.smith.3126@customer.co,Italy,2018-05-17,Basic,188.28
3127,Emma Taylor,emma.taylor.3127@customer.co,Australia,2025-08-16,Standard,2679.57
3128,Maria Brown,maria.brown.3128@shopmail.io,Spain,2024-07-25,Basic,92.19
3129,Noah Singh,noah.singh.3129@shopmail.io,Australia,2025-07-22,Standard,532.25
3130,Isabella Nguyen,isabella.nguyen.3130@mail.example.com,Netherlands,2019-06-09,Basic,280.24
3131,Chen Taylor,chen.taylor.3131@shopmail.io,France,2021-11-15,Standard,173.30
3132,Arjun Patel,arjun.patel.3132@shopmail.io,United States,2024-10-08,Basic,288.94
3133,Emma Dubois,emma.dubois.3133@shopmail.io,India,2022-07-18,Basic,69.37
3134,Arjun Lee,arjun.lee.3134@inbox.net,Netherlands,2018-09-14,Basic,100.60
3135,Lucas Mueller,lucas.mueller.3135@customer.co,India,2022-02-03,Standard,197.35
3136,Olivia Wilson,olivia.wilson.3136@customer.co,Germany,2025-07-04,Premium,611.15
3137,Noah Kim,noah.kim.3137@customer.co,United Kingdom,2019-08-03,Basic,221.89
3138,Mia Taylor,mia.taylor.3138@mail.example.com,United Kingdom,2019-06-02,Basic,258.66
3139,Priya Garcia,priya.garcia.3139@customer.co,Germany,2021-08-13,Basic,398.81
3140,Arjun Garcia,arjun.garcia.3140@shopmail.io,Australia,2024-12-09,Basic,234.80
3141,Arjun Mueller,arjun.mueller.3141@customer.co,Canada,2022-03-27,Standard,411.58
3142,Mia Nguyen,mia.nguyen.3142@customer.co,Canada,2021-03-19,Basic,60.53
3143,Mia Patel,mia.patel.3143@customer.co,United Kingdom,2020-05-25,Premium,328.90
3144,Noah Dubois,noah.dubois.3144@customer.co,Germany,2018-08-26,Standard,248.56
3145,Aisha Taylor,aisha.taylor.3145@shopmail.io,Netherlands,2022-10-23,Basic,304.55
3146,Olivia Mueller,olivia.mueller.3146@inbox.net,United Kingdom,2020-12-01,Basic,402.50
3147,Noah Lee,noah.lee.3147@shopmail.io,Australia,2020-12-29,Premium,328.26
3148,James Dubois,james.dubois.3148@shopmail.io,India,2018-02-16,Premium,145.34
3149,Aisha Smith,aisha.smith.3149@customer.co,Netherlands,2023-06-01,Standard,577.29
3150,James Martin,james.martin.3150@shopmail.io,Netherlands,2022-03-26,Standard,238.43
3151,Chen Martin,chen.martin.3151@inbox.net,United Kingdom,2025-02-20,Standard,75.25
3152,Noah Garcia,noah.garcia.3152@inbox.net,Spain,2018-07-22,Basic,244.34
3153,Priya Mueller,priya.mueller.3153@mail.example.com,France,2025-07-12,Premium,171.60
3154,Chen Brown,chen.brown.3154@customer.co,Italy,2022-10-25,Basic,690.60
3155,Emma Mueller,emma.mueller.3155@customer.co,France,2024-10-31,Premium,316.95
3156,Priya Smith,priya.smith.3156@inbox.net,United States,2020-07-28,Standard,3754.19
3157,Liam Garcia,liam.garcia.3157@inbox.net,United States,2019-05-21,Standard,314.53
3158,Olivia Patel,olivia.patel.3158@shopmail.io,India,2024-02-10,Basic,162.95
3159,Chen Rossi,chen.rossi.3159@shopmail.io,United Kingdom,2021-09-22,Standard,780.69
3160,Mia Kim,mia.kim.3160@customer.co,Germany,2022-07-03,Premium,1025.03
3161,Isabella Smith,isabella.smith.3161@mail.example.com,Spain,2023-09-21,Premium,70.89
3162,Emma Nguyen,emma.nguyen.3162@shopmail.io,France,2022-02-16,Basic,250.39
3163,Olivia Kim,olivia.kim.3163@mail.example.com,United States,2022-07-31,Basic,426.86
3164,Sofia Singh,sofia.singh.3164@customer.co,India,2024-06-08,Standard,234.76
3165,Aisha Khan,aisha.khan.3165@shopmail.io,United Kingdom,2021-05-31,Standard,196.73
3166,James Dubois,james.dubois.3166@customer.co,Australia,2023-10-04,Basic,166.68
3167,Priya Rossi,priya.rossi.3167@shopmail.io,Australia,2024-10-05,Basic,268.28
3168,Emma Patel,emma.patel.3168@mail.example.com,France,2018-05-14,Standard,228.67
3169,Sofia Brown,sofia.brown.3169@inbox.net,United States,2021-09-13,Standard,179.49
3170,Maria Brown,maria.brown.3170@customer.co,France,2020-09-06,Standard,1441.62
3171,Emma Brown,emma.brown.3171@inbox.net,Netherlands,2023-03-19,Standard,74.24
3172,Arjun Lee,arjun.lee.3172@shopmail.io,Canada,2021-08-22,Standard,91.39
3173,Priya Wilson,priya.wilson.3173@shopmail.io,United Kingdom,2025-03-02,Basic,372.78
3174,Isabella Singh,isabella.singh.3174@customer.co,Italy,2022-09-18,Basic,109.15
3175,Lucas Wilson,lucas.wilson.3175@inbox.net,Canada,2021-10-25,Basic,113.89
3176,Maria Khan,maria.khan.3176@mail.example.com,Italy,2021-05-28,Premium,432.84
3177,Lucas Wilson,lucas.wilson.3177@mail.example.com,Spain,2019-01-15,Basic,363.26
3178,Sofia Brown,sofia.brown.3178@inbox.net,United States,2023-02-07,Premium,179.95
3179,Ethan Khan,ethan.khan.3179@customer.co,Netherlands,2022-08-21,Basic,565.84
3180,Arjun Patel,arjun.patel.3180@inbox.net,Australia,2021-04-02,Premium,290.59
3181,Priya Martin,priya.martin.3181@inbox.net,Germany,2019-11-13,Standard,189.43
3182,Noah Lee,noah.lee.3182@mail.example.com,France,2024-07-03,Standard,160.33
3183,James Rossi,james.rossi.3183@customer.co,India,2018-02-16,Standard,672.62
3184,Arjun Brown,arjun.brown.3184@inbox.net,United Kingdom,2020-06-13,Standard,332.72
3185,Olivia Garcia,olivia.garcia.3185@inbox.net,Netherlands,2023-02-12,Basic,512.11
3186,Emma Rossi,emma.rossi.3186@inbox.net,Germany,2022-03-22,Standard,597.13
3187,Aisha Singh,aisha.singh.3187@inbox.net,United Kingdom,2025-07-07,Standard,44.48
3188,Isabella Patel,isabella.patel.3188@customer.co,United Kingdom,2019-06-17,Premium,218.75
3189,Olivia Rossi,olivia.rossi.3189@shopmail.io,Germany,2020-08-07,Standard,315.01
3190,Aisha Lee,aisha.lee.3190@shopmail.io,Italy,2024-08-11,Basic,46.08
3191,Mia Kim,mia.kim.3191@mail.example.com,India,2024-05-07,Standard,112.07
3192,Liam Martin,liam.martin.3192@customer.co,Germany,2020-02-21,Standard,634.14
3193,Sofia Singh,sofia.singh.3193@customer.co,United Kingdom,2019-07-14,Standard,125.14
3194,Olivia Nguyen,olivia.nguyen.3194@inbox.net,Canada,2020-11-05,Standard,333.86
3195,Olivia Dubois,olivia.dubois.3195@customer.co,France,2019-03-13,Basic,151.46
3196,Maria Rossi,maria.rossi.3196@mail.example.com,Canada,2019-11-14,Standard,521.75
3197,Sofia Nguyen,sofia.nguyen.3197@mail.example.com,Australia,2020-10-11,Basic,796.09
3198,Emma Brown,emma.brown.3198@customer.co,United States,2023-05-19,Basic,179.11
3199,Olivia Wilson,olivia.wilson.3199@inbox.net,Spain,2022-06-14,Basic,196.15
3200,James Lee,james.lee.3200@shopmail.io,Germany,2019-05-17,Premium,98.65
3201,Aisha Dubois,aisha.dubois.3201@mail.example.com,Italy,2021-08-28,Premium,186.33
3202,Olivia Brown,olivia.brown.3202@inbox.net,Italy,2023-11-19,Basic,749.08
3203,Isabella Singh,isabella.singh.3203@mail.example.com,Canada,2019-10-08,Premium,700.71
3204,Isabella Mueller,isabella.mueller.3204@mail.example.com,Netherlands,2025-06-23,Standard,400.86
3205,Ethan Brown,ethan.brown.3205@mail.example.com,Netherlands,2018-01-19,Standard,146.54
3206,James Nguyen,james.nguyen.3206@customer.co,Australia,2018-11-21,Premium,64.65
3207,Chen Smith,chen.smith.3207@mail.example.com,United Kingdom,2023-06-27,Premium,50.58
3208,Sofia Mueller,sofia.mueller.3208@inbox.net,Italy,2019-07-18,Standard,145.33
3209,Priya Wilson,priya.wilson.3209@inbox.net,Australia,2025-04-17,Standard,210.84
3210,Lucas Smith,lucas.smith.3210@inbox.net,Canada,2021-02-03,Basic,175.27
3211,Chen Wilson,chen.wilson.3211@inbox.net,Spain,2021-10-31,Premium,566.04
3212,Liam Martin,liam.martin.3212@shopmail.io,Spain,2020-06-04,Standard,249.84
3213,Noah Taylor,noah.taylor.3213@inbox.net,Italy,2019-09-21,Basic,113.99
3214,Aisha Garcia,aisha.garcia.3214@mail.example.com,Italy,2025-02-10,Standard,266.82
3215,Emma Smith,emma.smith.3215@inbox.net,Germany,2018-04-24,Premium,192.89
3216,Ethan Garcia,ethan.garcia.3216@shopmail.io,Spain,2021-12-16,Standard,271.19
3217,Chen Kim,chen.kim.3217@mail.example.com,Canada,2024-06-14,Standard,80.93
3218,Priya Wilson,priya.wilson.3218@shopmail.io,Italy,2019-02-27,Premium,233.07
3219,Sofia Taylor,sofia.taylor.3219@customer.co,United Kingdom,2018-11-13,Basic,326.24
3220,Noah Wilson,noah.wilson.3220@customer.co,Italy,2019-11-07,Standard,316.53
3221,James Dubois,james.dubois.3221@customer.co,Germany,2021-05-09,Basic,35.76
3222,Olivia Khan,olivia.khan.3222@inbox.net,Germany,2021-11-17,Standard,132.81
3223,Ethan Patel,ethan.patel.3223@shopmail.io,Canada,2025-04-29,Standard,299.79
3224,Ethan Khan,ethan.khan.3224@inbox.net,Netherlands,2023-05-21,Basic,368.22
3225,Chen Dubois,chen.dubois.3225@shopmail.io,Australia,2021-05-31,Basic,114.00
3226,Ethan Dubois,ethan.dubois.3226@inbox.net,Australia,2023-05-06,Standard,240.83
3227,Maria Nguyen,maria.nguyen.3227@mail.example.com,Germany,2024-11-17,Basic,111.04
3228,Mia Rossi,mia.rossi.3228@mail.example.com,Canada,2019-05-29,Premium,435.11
3229,Liam Singh,liam.singh.3229@mail.example.com,United States,2024-05-13,Standard,217.58
3230,Liam Smith,liam.smith.3230@shopmail.io,Netherlands,2022-08-28,Standard,205.97
3231,Chen Mueller,chen.mueller.3231@shopmail.io,Germany,2022-02-08,Basic,160.05
3232,Liam Rossi,liam.rossi.3232@shopmail.io,United States,2024-09-04,Premium,82.19
3233,Isabella Patel,isabella.patel.3233@mail.example.com,United Kingdom,2025-08-12,Basic,37.66
3234,Sofia Garcia,sofia.garcia.3234@shopmail.io,India,2021-06-26,Standard,374.00
3235,Mia Patel,mia.patel.3235@mail.example.com,United States,2025-02-10,Standard,626.29
3236,Maria Taylor,maria.taylor.3236@customer.co,Netherlands,2021-06-08,Standard,137.17
3237,Chen Garcia,chen.garcia.3237@customer.co,Italy,2022-09-06,Standard,762.17
3238,Priya Brown,priya.brown.3238@mail.example.com,Australia,2020-10-17,Basic,232.98
3239,Arjun Rossi,arjun.rossi.3239@shopmail.io,Canada,2023-03-20,Premium,110.03
3240,Lucas Khan,lucas.khan.3240@shopmail.io,Germany,2024-10-14,Standard,190.25
3241,Ethan Smith,ethan.smith.3241@inbox.net,Canada,2023-01-31,Standard,526.56
3242,Noah Patel,noah.patel.3242@inbox.net,Spain,2023-06-26,Basic,325.25
3243,Aisha Wilson,aisha.wilson.3243@mail.example.com,Canada,2019-12-23,Basic,176.85
3244,Priya Kim,priya.kim.3244@mail.example.com,India,2022-12-20,Premium,367.89
3245,Sofia Khan,sofia.khan.3245@shopmail.io,Canada,2020-08-04,Basic,538.93
3246,Priya Rossi,priya.rossi.3246@shopmail.io,Italy,2020-01-21,Standard,92.80
3247,Isabella Martin,isabella.martin.3247@shopmail.io,Australia,2023-02-14,Standard,255.07
3248,Aisha Kim,aisha.kim.3248@shopmail.io,France,2018-03-22,Basic,401.96
3249,Mia Singh,mia.singh.3249@shopmail.io,United States,2020-01-11,Standard,135.56
3250,Aisha Brown,aisha.brown.3250@inbox.net,Canada,2018-03-30,Standard,427.91
3251,Priya Rossi,priya.rossi.3251@customer.co,United States,2021-08-20,Standard,131.59
3252,Mia Patel,mia.patel.3252@inbox.net,United Kingdom,2022-02-06,Standard,65.80
3253,Sofia Nguyen,sofia.nguyen.3253@customer.co,United States,2021-01-24,Standard,242.40
3254,Chen Garcia,chen.garcia.3254@customer.co,India,2021-06-05,Basic,936.86
3255,Maria Patel,maria.patel.3255@shopmail.io,Spain,2018-05-26,Standard,429.40
3256,Emma Khan,emma.khan.3256@customer.co,United States,2021-12-01,Standard,524.43
3257,Lucas Martin,lucas.martin.3257@customer.co,United Kingdom,2024-11-30,Standard,476.16
3258,Lucas Wilson,lucas.wilson.3258@customer.co,Australia,2023-07-26,Standard,155.19
3259,Maria Dubois,maria.dubois.3259@shopmail.io,Canada,2022-08-05,Basic,216.83
3260,Aisha Smith,aisha.smith.3260@shopmail.io,United Kingdom,2025-07-12,Basic,168.41
3261,Priya Wilson,priya.wilson.3261@mail.example.com,United States,2023-02-20,Standard,213.73
3262,Noah Patel,noah.patel.3262@inbox.net,Spain,2022-01-08,Standard,180.17
3263,Priya Lee,priya.lee.3263@customer.co,France,2020-06-02,Standard,132.87
3264,Lucas Brown,lucas.brown.3264@mail.example.com,United States,2020-06-05,Premium,457.21
3265,Ethan Garcia,ethan.garcia.3265@mail.example.com,Spain,2024-08-29,Standard,253.91
3266,Aisha Smith,aisha.smith.3266@mail.example.com,India,2020-09-22,Standard,711.45
3267,Olivia Taylor,olivia.taylor.3267@customer.co,United Kingdom,2023-12-01,Premium,825.65
3268,Arjun Lee,arjun.lee.3268@customer.co,United States,2025-05-30,Standard,186.77
3269,Ethan Brown,ethan.brown.3269@shopmail.io,India,2023-05-15,Standard,179.67
3270,Chen Taylor,chen.taylor.3270@inbox.net,Germany,2018-01-08,Premium,236.54
3271,Lucas Lee,lucas.lee.3271@customer.co,Netherlands,2019-09-25,Basic,49.08
3272,Priya Kim,priya.kim.3272@inbox.net,Spain,2020-07-03,Standard,184.24
3273,Lucas Martin,lucas.martin.3273@mail.example.com,India,2024-10-08,Basic,61.18
3274,Emma Dubois,emma.dubois.3274@customer.co,United Kingdom,2025-03-12,Standard,352.09
3275,Liam Nguyen,liam.nguyen.3275@inbox.net,United Kingdom,2020-12-01,Basic,294.58
3276,Noah Singh,noah.singh.3276@inbox.net,Netherlands,2022-03-07,Standard,79.18
3277,Maria Wilson,maria.wilson.3277@inbox.net,United States,2021-12-09,Standard,107.70
3278,Priya Rossi,priya.rossi.3278@customer.co,France,2019-01-02,Basic,426.56
3279,Olivia Smith,olivia.smith.3279@shopmail.io,United States,2018-05-13,Basic,320.71
3280,Chen Nguyen,chen.nguyen.3280@shopmail.io,France,2023-04-08,Standard,740.92
3281,Lucas Singh,lucas.singh.3281@mail.example.com,India,2023-07-22,Standard,81.74
3282,Lucas Taylor,lucas.taylor.3282@inbox.net,United Kingdom,2022-03-01,Standard,284.38
3283,Liam Taylor,liam.taylor.3283@shopmail.io,Australia,2021-04-03,Standard,56.87
3284,Sofia Nguyen,sofia.nguyen.3284@mail.example.com,Spain,2018-05-30,Premium,97.28
3285,Priya Rossi,priya.rossi.3285@inbox.net,India,2025-01-28,Standard,267.12
3286,Emma Kim,emma.kim.3286@mail.example.com,India,2020-05-28,Standard,234.36
3287,James Kim,james.kim.3287@shopmail.io,United States,2018-04-23,Basic,402.13
3288,James Rossi,james.rossi.3288@customer.co,Italy,2020-07-14,Premium,155.94
3289,James Singh,james.singh.3289@inbox.net,Australia,2021-01-16,Standard,339.83
3290,Noah Khan,noah.khan.3290@shopmail.io,Australia,2019-02-13,Standard,252.82
3291,Olivia Rossi,olivia.rossi.3291@inbox.net,Australia,2025-02-01,Basic,120.26
3292,Noah Smith,noah.smith.3292@inbox.net,Netherlands,2019-02-23,Premium,87.86
3293,Chen Nguyen,chen.nguyen.3293@mail.example.com,Canada,2019-02-23,Premium,162.01
3294,Mia Taylor,mia.taylor.3294@mail.example.com,Spain,2019-04-16,Basic,91.01
3295,Arjun Garcia,arjun.garcia.3295@customer.co,Canada,2023-06-14,Standard,82.89
3296,Priya Rossi,priya.rossi.3296@inbox.net,United Kingdom,2021-08-29,Premium,361.26
3297,Chen Singh,chen.singh.3297@customer.co,Canada,2021-05-25,Standard,142.32
3298,Chen Smith,chen.smith.3298@shopmail.io,Canada,2024-01-08,Premium,426.08
3299,Olivia Wilson,olivia.wilson.3299@inbox.net,France,2023-03-08,Standard,367.66
3300,Maria Mueller,maria.mueller.3300@mail.example.com,Spain,2018-05-10,Standard,163.14
3301,Lucas Garcia,lucas.garcia.3301@mail.example.com,Canada,2019-05-13,Standard,164.55
3302,Ethan Khan,ethan.khan.3302@mail.example.com,United States,2020-12-16,Standard,270.93
3303,Emma Dubois,emma.dubois.3303@mail.example.com,United Kingdom,2024-07-04,Basic,79.72
3304,Isabella Khan,isabella.khan.3304@inbox.net,Italy,2019-08-09,Standard,1989.69
3305,Mia Mueller,mia.mueller.3305@shopmail.io,Canada,2018-09-17,Basic,185.25
3306,James Kim,james.kim.3306@mail.example.com,Spain,2019-03-01,Standard,168.19
3307,Maria Wilson,maria.wilson.3307@mail.example.com,Australia,2018-12-18,Basic,269.21
3308,Lucas Martin,lucas.martin.3308@mail.example.com,Canada,2021-07-01,Standard,183.57
3309,Emma Smith,emma.smith.3309@customer.co,United States,2022-05-02,Standard,185.70
3310,Emma Patel,emma.patel.3310@shopmail.io,United Kingdom,2018-03-31,Standard,547.40
3311,Aisha Patel,aisha.patel.3311@inbox.net,Canada,2021-07-13,Standard,1448.99
3312,Emma Garcia,emma.garcia.3312@inbox.net,Italy,2021-01-05,Basic,120.31
3313,Isabella Smith,isabella.smith.3313@inbox.net,Canada,2020-11-23,Standard,162.39
3314,Ethan Lee,ethan.lee.3314@mail.example.com,Italy,2020-07-29,Standard,826.65
3315,Aisha Rossi,aisha.rossi.3315@customer.co,United Kingdom,2020-02-01,Premium,55.92
3316,Arjun Lee,arjun.lee.3316@inbox.net,Netherlands,2021-12-07,Standard,199.76
3317,Aisha Patel,aisha.patel.3317@inbox.net,France,2018-12-25,Basic,275.59
3318,Priya Wilson,priya.wilson.3318@inbox.net,Australia,2021-04-24,Premium,60.75
3319,Noah Khan,noah.khan.3319@inbox.net,Canada,2018-03-29,Premium,163.32
3320,James Mueller,james.mueller.3320@customer.co,Spain,2022-03-31,Standard,685.85
3321,Isabella Lee,isabella.lee.3321@customer.co,Spain,2018-10-12,Standard,707.15
3322,Emma Smith,emma.smith.3322@mail.example.com,United States,2023-02-11,Basic,39.90
3323,Isabella Singh,isabella.singh.3323@shopmail.io,Netherlands,2021-07-06,Premium,77.95
3324,Ethan Dubois,ethan.dubois.3324@mail.example.com,Netherlands,2023-12-02,Standard,145.38
3325,Maria Patel,maria.patel.3325@mail.example.com,United States,2021-02-12,Basic,397.07
3326,Ethan Smith,ethan.smith.3326@mail.example.com,Australia,2021-09-30,Premium,111.80
3327,Arjun Rossi,arjun.rossi.3327@customer.co,Italy,2022-07-26,Standard,164.92
3328,Lucas Dubois,lucas.dubois.3328@mail.example.com,Netherlands,2025-08-16,Standard,535.53
3329,James Wilson,james.wilson.3329@mail.example.com,United States,2021-06-28,Standard,151.03
3330,Ethan Martin,ethan.martin.3330@inbox.net,Australia,2020-05-28,Basic,294.86
3331,Lucas Brown,lucas.brown.3331@mail.example.com,Netherlands,2020-06-05,Basic,355.17
3332,Ethan Wilson,ethan.wilson.3332@customer.co,Spain,2023-07-22,Standard,78.02
3333,Lucas Martin,lucas.martin.3333@customer.co,France,2024-12-21,Premium,523.58
3334,Chen Wilson,chen.wilson.3334@mail.example.com,Canada,2018-11-17,Standard,638.44
3335,Mia Kim,mia.kim.3335@inbox.net,Italy,2022-05-19,Standard,153.08
3336,Emma Dubois,emma.dubois.3336@mail.example.com,Netherlands,2020-07-26,Premium,84.27
3337,Arjun Nguyen,arjun.nguyen.3337@mail.example.com,India,2024-08-03,Standard,134.09
3338,Olivia Rossi,olivia.rossi.3338@inbox.net,United States,2019-02-21,Premium,191.58
3339,Liam Lee,liam.lee.3339@mail.example.com,France,2024-09-20,Basic,334.67
3340,Lucas Kim,lucas.kim.3340@mail.example.com,Spain,2022-06-07,Standard,46.63
3341,Noah Martin,noah.martin.3341@mail.example.com,Australia,2018-04-08,Standard,120.69
3342,Ethan Dubois,ethan.dubois.3342@mail.example.com,United States,2018-12-07,Premium,705.39
3343,Arjun Nguyen,arjun.nguyen.3343@inbox.net,France,2024-04-20,Standard,114.96
3344,Liam Khan,liam.khan.3344@mail.example.com,Germany,2018-12-26,Standard,657.84
3345,Arjun Kim,arjun.kim.3345@shopmail.io,France,2023-12-15,Premium,417.18
3346,Arjun Mueller,arjun.mueller.3346@mail.example.com,Spain,2022-07-17,Standard,163.99
3347,Emma Garcia,emma.garcia.3347@mail.example.com,Netherlands,2025-08-01,Premium,157.64
3348,Mia Singh,mia.singh.3348@shopmail.io,United States,2022-08-10,Basic,256.76
3349,Aisha Khan,aisha.khan.3349@customer.co,United Kingdom,2023-05-23,Premium,410.65
3350,Noah Patel,noah.patel.3350@mail.example.com,Germany,2020-02-16,Standard,454.61
3351,Noah Mueller,noah.mueller.3351@shopmail.io,India,2023-09-07,Basic,388.90
3352,Aisha Nguyen,aisha.nguyen.3352@inbox.net,India,2021-01-26,Basic,287.41
3353,James Wilson,james.wilson.3353@mail.example.com,Italy,2020-07-23,Standard,100.28
3354,Priya Garcia,priya.garcia.3354@shopmail.io,Netherlands,2024-07-16,Basic,485.12
3355,Liam Rossi,liam.rossi.3355@shopmail.io,Germany,2021-07-06,Basic,446.63
3356,Chen Dubois,chen.dubois.3356@customer.co,France,2025-01-23,Standard,397.01
3357,Noah Khan,noah.khan.3357@mail.example.com,United Kingdom,2021-06-20,Basic,275.16
3358,Isabella Kim,isabella.kim.3358@mail.example.com,Australia,2024-04-20,Standard,220.53
3359,Emma Singh,emma.singh.3359@mail.example.com,India,2019-11-15,Premium,113.75
3360,Isabella Singh,isabella.singh.3360@shopmail.io,United States,2020-12-27,Standard,963.47
3361,Noah Kim,noah.kim.3361@inbox.net,India,2018-04-03,Standard,128.87
3362,Aisha Garcia,aisha.garcia.3362@mail.example.com,Germany,2024-12-24,Premium,247.87
3363,Sofia Nguyen,sofia.nguyen.3363@inbox.net,France,2023-02-09,Standard,3056.43
3364,Mia Khan,mia.khan.3364@inbox.net,Italy,2021-07-17,Standard,304.18
3365,Isabella Nguyen,isabella.nguyen.3365@mail.example.com,United Kingdom,2018-09-21,Premium,132.51
3366,Emma Lee,emma.lee.3366@mail.example.com,France,2023-12-02,Standard,35.91
3367,Noah Garcia,noah.garcia.3367@inbox.net,United Kingdom,2019-02-28,Basic,160.24
3368,Chen Nguyen,chen.nguyen.3368@shopmail.io,France,2018-05-06,Basic,36.30
3369,Isabella Smith,isabella.smith.3369@shopmail.io,Canada,2025-02-24,Standard,468.07
3370,Olivia Garcia,olivia.garcia.3370@shopmail.io,United Kingdom,2019-12-05,Standard,73.94
3371,Priya Singh,priya.singh.3371@customer.co,Spain,2021-11-30,Standard,209.48
3372,Chen Garcia,chen.garcia.3372@customer.co,Germany,2024-02-10,Premium,227.84
3373,Emma Mueller,emma.mueller.3373@inbox.net,France,2025-01-21,Basic,73.30
3374,Noah Nguyen,noah.nguyen.3374@customer.co,Australia,2019-01-10,Premium,461.94
3375,Priya Martin,priya.martin.3375@customer.co,Germany,2019-06-12,Premium,136.56
3376,Noah Dubois,noah.dubois.3376@mail.example.com,Germany,2025-05-03,Premium,126.43
3377,Olivia Kim,olivia.kim.3377@shopmail.io,Canada,2020-03-19,Premium,1313.17
3378,Emma Nguyen,emma.nguyen.3378@mail.example.com,Italy,2019-04-04,Basic,375.29
3379,Arjun Brown,arjun.brown.3379@inbox.net,Italy,2022-04-29,Basic,126.19
3380,Arjun Taylor,arjun.taylor.3380@mail.example.com,United States,2022-05-15,Standard,35.81
3381,Maria Brown,maria.brown.3381@customer.co,Spain,2018-04-23,Standard,349.95
3382,Maria Nguyen,maria.nguyen.3382@shopmail.io,Italy,2022-08-19,Basic,95.80
3383,Arjun Martin,arjun.martin.3383@customer.co,United States,2025-05-03,Premium,103.05
3384,Ethan Khan,ethan.khan.3384@mail.example.com,France,2019-05-16,Standard,343.91
3385,Sofia Wilson,sofia.wilson.3385@shopmail.io,Germany,2019-06-30,Premium,185.79
3386,Priya Khan,priya.khan.3386@shopmail.io,Netherlands,2025-04-07,Basic,592.62
3387,Emma Lee,emma.lee.3387@mail.example.com,Canada,2023-07-29,Standard,184.44
3388,Noah Garcia,noah.garcia.3388@customer.co,United States,2019-03-13,Basic,694.95
3389,Maria Patel,maria.patel.3389@customer.co,Spain,2022-11-19,Basic,1944.76
3390,Arjun Garcia,arjun.garcia.3390@shopmail.io,India,2018-06-15,Standard,457.40
3391,Aisha Patel,aisha.patel.3391@shopmail.io,United States,2020-11-09,Basic,116.26
3392,Mia Nguyen,mia.nguyen.3392@mail.example.com,Italy,2023-04-13,Basic,307.38
3393,Maria Wilson,maria.wilson.3393@shopmail.io,Australia,2021-09-07,Standard,67.03
3394,Lucas Khan,lucas.khan.3394@shopmail.io,United States,2021-08-28,Standard,536.29
3395,Lucas Khan,lucas.khan.3395@inbox.net,Italy,2024-10-23,Standard,202.65
3396,Arjun Patel,arjun.patel.3396@shopmail.io,United States,2021-06-05,Premium,112.56
3397,Isabella Nguyen,isabella.nguyen.3397@customer.co,Australia,2025-08-28,Standard,780.67
3398,Maria Patel,maria.patel.3398@inbox.net,United States,2019-03-23,Basic,564.90
3399,Mia Nguyen,mia.nguyen.3399@inbox.net,United States,2018-02-01,Standard,393.60
3400,Mia Taylor,mia.taylor.3400@mail.example.com,Germany,2025-07-13,Premium,204.71
3401,Olivia Lee,olivia.lee.3401@shopmail.io,United States,2023-07-24,Standard,259.35
3402,Liam Brown,liam.brown.3402@inbox.net,Italy,2024-08-31,Basic,905.15
3403,Chen Singh,chen.singh.3403@inbox.net,United States,2020-06-21,Premium,561.36
3404,Aisha Taylor,aisha.taylor.3404@shopmail.io,Spain,2022-02-06,Standard,1926.17
3405,Lucas Lee,lucas.lee.3405@inbox.net,Spain,2025-04-24,Basic,303.90
3406,Maria Taylor,maria.taylor.3406@inbox.net,India,2020-09-21,Basic,158.59
3407,James Martin,james.martin.3407@inbox.net,France,2023-07-27,Basic,318.86
3408,Ethan Mueller,ethan.mueller.3408@inbox.net,Canada,2021-06-22,Standard,166.53
3409,Liam Patel,liam.patel.3409@shopmail.io,India,2019-07-09,Basic,85.62
3410,Noah Lee,noah.lee.3410@customer.co,Netherlands,2021-12-23,Basic,131.41
3411,Ethan Patel,ethan.patel.3411@shopmail.io,Italy,2023-10-14,Standard,148.18
3412,Sofia Lee,sofia.lee.3412@inbox.net,Australia,2023-09-05,Standard,214.40
3413,Arjun Nguyen,arjun.nguyen.3413@mail.example.com,India,2023-05-08,Standard,242.90
3414,Olivia Mueller,olivia.mueller.3414@mail.example.com,Netherlands,2020-05-12,Basic,140.05
3415,James Singh,james.singh.3415@mail.example.com,France,2021-07-19,Standard,81.96
3416,Priya Smith,priya.smith.3416@shopmail.io,France,2020-03-19,Standard,96.51
3417,Lucas Martin,lucas.martin.3417@shopmail.io,India,2024-07-10,Standard,165.53
3418,Ethan Rossi,ethan.rossi.3418@mail.example.com,Germany,2020-07-07,Standard,622.70
3419,Maria Khan,maria.khan.3419@shopmail.io,Netherlands,2020-09-01,Basic,447.40
3420,Sofia Martin,sofia.martin.3420@inbox.net,Germany,2020-12-11,Standard,188.07
3421,Ethan Martin,ethan.martin.3421@customer.co,Netherlands,2023-06-19,Premium,138.78
3422,Maria Mueller,maria.mueller.3422@shopmail.io,Australia,2021-07-09,Standard,949.17
3423,Sofia Nguyen,sofia.nguyen.3423@mail.example.com,France,2022-09-09,Standard,194.34
3424,Liam Mueller,liam.mueller.3424@inbox.net,India,2019-04-01,Basic,614.83
3425,Isabella Garcia,isabella.garcia.3425@mail.example.com,Germany,2023-05-11,Premium,813.01
3426,Priya Martin,priya.martin.3426@mail.example.com,Netherlands,2022-07-18,Basic,77.76
3427,Maria Dubois,maria.dubois.3427@mail.example.com,Australia,2022-05-01,Premium,263.43
3428,Liam Mueller,liam.mueller.3428@mail.example.com,Canada,2022-02-28,Standard,349.32
3429,Sofia Nguyen,sofia.nguyen.3429@shopmail.io,India,2020-05-19,Basic,176.10
3430,Lucas Nguyen,lucas.nguyen.3430@customer.co,France,2020-08-08,Standard,244.51
3431,Priya Garcia,priya.garcia.3431@mail.example.com,Canada,2025-08-10,Standard,449.24
3432,Arjun Brown,arjun.brown.3432@shopmail.io,India,2024-05-05,Premium,267.14
3433,Noah Martin,noah.martin.3433@inbox.net,Italy,2018-03-13,Standard,408.02
3434,Chen Lee,chen.lee.3434@customer.co,United States,2022-06-29,Premium,82.99
3435,Maria Singh,maria.singh.3435@mail.example.com,France,2024-07-20,Basic,328.86
3436,Arjun Kim,arjun.kim.3436@inbox.net,Germany,2019-04-15,Standard,324.45
3437,Noah Garcia,noah.garcia.3437@shopmail.io,France,2024-08-06,Basic,266.99
3438,Lucas Lee,lucas.lee.3438@inbox.net,Italy,2019-08-24,Basic,57.23
3439,Maria Smith,maria.smith.3439@shopmail.io,Germany,2022-09-08,Basic,118.14
3440,James Wilson,james.wilson.3440@shopmail.io,Netherlands,2022-12-26,Premium,494.48
3441,Lucas Mueller,lucas.mueller.3441@customer.co,Netherlands,2024-01-27,Premium,428.48
3442,Olivia Dubois,olivia.dubois.3442@shopmail.io,United States,2022-06-28,Standard,88.99
3443,Aisha Garcia,aisha.garcia.3443@mail.example.com,United Kingdom,2019-11-17,Premium,896.16
3444,Noah Rossi,noah.rossi.3444@inbox.net,Australia,2023-08-24,Standard,514.60
3445,Ethan Nguyen,ethan.nguyen.3445@mail.example.com,Italy,2022-09-04,Premium,683.71
3446,Arjun Martin,arjun.martin.3446@customer.co,Netherlands,2019-09-30,Basic,1434.09
3447,Lucas Lee,lucas.lee.3447@customer.co,Netherlands,2020-06-09,Standard,473.87
3448,Emma Taylor,emma.taylor.3448@customer.co,United States,2022-12-14,Standard,124.27
3449,James Khan,james.khan.3449@inbox.net,Netherlands,2023-02-20,Standard,313.98
3450,Isabella Wilson,isabella.wilson.3450@inbox.net,Germany,2024-02-14,Premium,220.16
3451,Liam Garcia,liam.garcia.3451@shopmail.io,India,2018-10-19,Standard,54.57
3452,Lucas Lee,lucas.lee.3452@mail.example.com,Australia,2020-03-13,Basic,135.29
3453,Arjun Singh,arjun.singh.3453@customer.co,India,2022-06-18,Premium,254.17
3454,Olivia Taylor,olivia.taylor.3454@inbox.net,India,2021-06-05,Premium,65.21
3455,Emma Wilson,emma.wilson.3455@inbox.net,Italy,2023-11-16,Standard,201.54
3456,Aisha Dubois,aisha.dubois.3456@customer.co,Germany,2024-03-30,Premium,37.46
3457,Priya Nguyen,priya.nguyen.3457@mail.example.com,India,2018-03-15,Standard,140.59
3458,Maria Rossi,maria.rossi.3458@mail.example.com,Netherlands,2018-01-05,Standard,74.22
3459,Lucas Taylor,lucas.taylor.3459@mail.example.com,Australia,2019-11-30,Basic,401.13
3460,James Singh,james.singh.3460@customer.co,France,2020-07-10,Standard,231.57
3461,Noah Taylor,noah.taylor.3461@inbox.net,Germany,2025-04-08,Standard,539.32
3462,Mia Mueller,mia.mueller.3462@mail.example.com,United Kingdom,2018-05-24,Standard,345.96
3463,Mia Wilson,mia.wilson.3463@shopmail.io,United States,2022-03-05,Standard,275.59
3464,James Garcia,james.garcia.3464@shopmail.io,Italy,2019-12-21,Standard,141.19
3465,James Patel,james.patel.3465@inbox.net,Australia,2025-01-01,Premium,459.76
3466,Isabella Rossi,isabella.rossi.3466@customer.co,France,2024-09-20,Standard,457.46
3467,Noah Nguyen,noah.nguyen.3467@customer.co,Canada,2019-11-16,Standard,455.54
3468,Sofia Garcia,sofia.garcia.3468@customer.co,Germany,2018-08-19,Standard,462.25
3469,Liam Patel,liam.patel.3469@customer.co,United Kingdom,2020-02-08,Standard,139.82
3470,Aisha Singh,aisha.singh.3470@inbox.net,India,2023-12-26,Basic,479.38
3471,Maria Martin,maria.martin.3471@customer.co,Australia,2023-07-27,Standard,31.69
3472,Isabella Patel,isabella.patel.3472@mail.example.com,Australia,2023-11-04,Basic,211.81
3473,Liam Rossi,liam.rossi.3473@customer.co,Italy,2024-11-12,Basic,250.67
3474,James Taylor,james.taylor.3474@mail.example.com,Australia,2022-12-25,Premium,246.04
3475,Liam Mueller,liam.mueller.3475@inbox.net,France,2020-01-19,Standard,302.16
3476,Liam Nguyen,liam.nguyen.3476@mail.example.com,United Kingdom,2018-08-21,Basic,352.35
3477,Mia Martin,mia.martin.3477@inbox.net,Spain,2024-11-02,Standard,570.22
3478,Olivia Lee,olivia.lee.3478@shopmail.io,United Kingdom,2020-09-21,Basic,178.57
3479,Sofia Wilson,sofia.wilson.3479@mail.example.com,Netherlands,2020-03-24,Standard,50.88
3480,Priya Mueller,priya.mueller.3480@inbox.net,Germany,2018-02-05,Standard,149.32
3481,Sofia Wilson,sofia.wilson.3481@inbox.net,Spain,2019-02-22,Standard,264.17
3482,Lucas Rossi,lucas.rossi.3482@customer.co,Netherlands,2021-06-03,Premium,70.95
3483,Noah Smith,noah.smith.3483@mail.example.com,Netherlands,2024-02-22,Standard,1456.79
3484,Mia Mueller,mia.mueller.3484@inbox.net,Germany,2023-08-07,Standard,89.17
3485,Sofia Taylor,sofia.taylor.3485@shopmail.io,India,2023-01-01,Premium,50.74
3486,Arjun Wilson,arjun.wilson.3486@inbox.net,Italy,2024-01-29,Standard,808.82
3487,Olivia Singh,olivia.singh.3487@customer.co,Netherlands,2021-04-22,Basic,177.28
3488,Maria Kim,maria.kim.3488@shopmail.io,Italy,2020-05-22,Standard,63.17
3489,Noah Dubois,noah.dubois.3489@customer.co,United Kingdom,2024-07-09,Basic,182.54
3490,Aisha Mueller,aisha.mueller.3490@mail.example.com,Germany,2021-02-15,Standard,102.86
3491,Arjun Taylor,arjun.taylor.3491@inbox.net,Australia,2022-07-26,Standard,120.07
3492,Maria Dubois,maria.dubois.3492@inbox.net,Germany,2019-06-26,Basic,748.85
3493,Lucas Dubois,lucas.dubois.3493@mail.example.com,Australia,2020-08-08,Standard,183.48
3494,Maria Brown,maria.brown.3494@customer.co,France,2020-10-13,Premium,409.51
3495,James Kim,james.kim.3495@inbox.net,United Kingdom,2024-01-09,Basic,1109.79
3496,Noah Lee,noah.lee.3496@customer.co,India,2020-02-10,Standard,141.91
3497,Arjun Patel,arjun.patel.3497@shopmail.io,Spain,2018-02-28,Basic,57.56
3498,Emma Taylor,emma.taylor.3498@mail.example.com,India,2022-09-01,Basic,285.57
3499,Maria Nguyen,maria.nguyen.3499@customer.co,Spain,2022-07-02,Standard,117.73
3500,Noah Kim,noah.kim.3500@mail.example.com,Spain,2018-04-28,Standard,58.42
3501,Chen Lee,chen.lee.3501@shopmail.io,United Kingdom,2019-12-03,Basic,330.60
3502,Mia Lee,mia.lee.3502@mail.example.com,Australia,2024-11-17,Standard,269.75
3503,Liam Brown,liam.brown.3503@customer.co,Germany,2024-01-08,Standard,455.66
3504,Olivia Dubois,olivia.dubois.3504@customer.co,Netherlands,2018-05-28,Premium,430.86
3505,Sofia Garcia,sofia.garcia.3505@shopmail.io,Italy,2024-01-23,Premium,116.68
3506,Olivia Wilson,olivia.wilson.3506@shopmail.io,United States,2020-05-01,Basic,461.07
3507,Arjun Brown,arjun.brown.3507@shopmail.io,Netherlands,2023-05-23,Basic,1197.60
3508,Olivia Brown,olivia.brown.3508@shopmail.io,Spain,2023-03-11,Premium,390.90
3509,Lucas Brown,lucas.brown.3509@inbox.net,Netherlands,2024-04-17,Basic,350.32
3510,Aisha Wilson,aisha.wilson.3510@customer.co,Australia,2025-02-20,Standard,326.32
3511,Lucas Nguyen,lucas.nguyen.3511@shopmail.io,Germany,2023-01-30,Standard,167.84
3512,Emma Lee,emma.lee.3512@shopmail.io,Australia,2023-12-14,Basic,104.23
3513,Sofia Martin,sofia.martin.3513@shopmail.io,Germany,2024-03-05,Standard,397.79
3514,Sofia Wilson,sofia.wilson.3514@customer.co,Germany,2020-11-08,Basic,109.42
3515,James Khan,james.khan.3515@customer.co,India,2023-11-05,Basic,118.48
3516,Ethan Martin,ethan.martin.3516@inbox.net,Spain,2024-01-11,Basic,178.25
3517,Arjun Patel,arjun.patel.3517@customer.co,India,2025-03-26,Standard,336.07
3518,Emma Kim,emma.kim.3518@customer.co,Canada,2023-10-11,Standard,141.21
3519,Priya Dubois,priya.dubois.3519@shopmail.io,France,2020-02-07,Basic,443.15
3520,Lucas Garcia,lucas.garcia.3520@customer.co,Spain,2023-03-21,Standard,115.89
3521,Mia Martin,mia.martin.3521@customer.co,Australia,2024-07-14,Standard,495.51
3522,Arjun Rossi,arjun.rossi.3522@customer.co,United States,2023-06-23,Standard,170.57
3523,Noah Smith,noah.smith.3523@mail.example.com,Germany,2018-07-13,Standard,288.20
3524,Aisha Wilson,aisha.wilson.3524@mail.example.com,France,2023-08-29,Basic,272.41
3525,Emma Patel,emma.patel.3525@shopmail.io,Australia,2022-10-04,Basic,168.40
3526,Olivia Rossi,olivia.rossi.3526@mail.example.com,United States,2024-01-25,Premium,802.54
3527,Priya Smith,priya.smith.3527@inbox.net,Canada,2020-03-20,Basic,193.38
3528,Sofia Brown,sofia.brown.3528@inbox.net,Germany,2023-09-27,Standard,55.78
3529,Isabella Singh,isabella.singh.3529@inbox.net,Italy,2022-02-16,Premium,163.73
3530,Emma Martin,emma.martin.3530@inbox.net,Australia,2024-05-16,Basic,339.34
3531,Sofia Rossi,sofia.rossi.3531@shopmail.io,India,2019-07-03,Standard,30.32
3532,Ethan Martin,ethan.martin.3532@customer.co,Canada,2018-11-01,Standard,218.85
3533,Olivia Kim,olivia.kim.3533@mail.example.com,India,2025-04-16,Standard,364.73
3534,Sofia Patel,sofia.patel.3534@mail.example.com,Canada,2022-03-13,Basic,412.15
3535,Emma Mueller,emma.mueller.3535@shopmail.io,United States,2025-06-16,Basic,188.05
3536,Chen Singh,chen.singh.3536@shopmail.io,Canada,2018-08-21,Standard,232.34
3537,Aisha Wilson,aisha.wilson.3537@mail.example.com,Germany,2021-03-11,Basic,340.93
3538,Mia Mueller,mia.mueller.3538@inbox.net,France,2021-04-01,Premium,475.89
3539,Priya Wilson,priya.wilson.3539@mail.example.com,Australia,2025-05-27,Basic,50.98
3540,Chen Nguyen,chen.nguyen.3540@mail.example.com,Canada,2023-05-14,Standard,136.77
3541,Ethan Dubois,ethan.dubois.3541@customer.co,India,2018-02-03,Standard,159.63
3542,Maria Taylor,maria.taylor.3542@shopmail.io,Canada,2023-08-20,Basic,832.52
3543,Lucas Nguyen,lucas.nguyen.3543@inbox.net,Germany,2023-03-07,Standard,87.87
3544,Noah Taylor,noah.taylor.3544@shopmail.io,United Kingdom,2019-04-23,Standard,138.78
3545,Chen Smith,chen.smith.3545@shopmail.io,Spain,2018-12-09,Basic,989.29
3546,Aisha Smith,aisha.smith.3546@mail.example.com,Germany,2024-12-06,Premium,293.50
3547,Olivia Rossi,olivia.rossi.3547@mail.example.com,Italy,2022-04-05,Premium,278.95
3548,Priya Brown,priya.brown.3548@mail.example.com,Italy,2024-08-14,Standard,193.27
3549,James Taylor,james.taylor.3549@inbox.net,Spain,2020-04-27,Premium,327.02
3550,Maria Singh,maria.singh.3550@inbox.net,Netherlands,2018-08-09,Basic,128.66
3551,Liam Dubois,liam.dubois.3551@inbox.net,United Kingdom,2018-02-16,Basic,326.57
3552,Arjun Lee,arjun.lee.3552@mail.example.com,Spain,2023-05-17,Standard,284.39
3553,Liam Smith,liam.smith.3553@mail.example.com,France,2021-01-20,Standard,989.24
3554,Isabella Mueller,isabella.mueller.3554@mail.example.com,Canada,2023-10-28,Standard,24.53
3555,Emma Khan,emma.khan.3555@shopmail.io,Australia,2025-04-28,Standard,189.64
3556,Emma Garcia,emma.garcia.3556@shopmail.io,United Kingdom,2022-06-04,Standard,1525.62
3557,James Wilson,james.wilson.3557@mail.example.com,United Kingdom,2025-04-25,Premium,242.32
3558,Arjun Lee,arjun.lee.3558@inbox.net,United States,2020-02-09,Basic,419.75
3559,Isabella Wilson,isabella.wilson.3559@mail.example.com,India,2022-06-23,Standard,118.39
3560,Arjun Singh,arjun.singh.3560@inbox.net,Italy,2022-06-14,Premium,142.49
3561,Noah Lee,noah.lee.3561@shopmail.io,France,2023-03-05,Standard,434.64
3562,James Smith,james.smith.3562@mail.example.com,United States,2024-07-03,Standard,398.44
3563,Emma Wilson,emma.wilson.3563@inbox.net,France,2020-10-19,Basic,176.71
3564,Chen Kim,chen.kim.3564@inbox.net,Canada,2021-03-14,Standard,76.30
3565,Mia Martin,mia.martin.3565@shopmail.io,France,2023-04-02,Standard,255.81
3566,Sofia Rossi,sofia.rossi.3566@shopmail.io,Spain,2021-08-24,Basic,615.31
3567,Mia Taylor,mia.taylor.3567@customer.co,Canada,2021-12-29,Basic,111.49
3568,Sofia Wilson,sofia.wilson.3568@inbox.net,United States,2020-05-29,Premium,294.79
3569,Mia Mueller,mia.mueller.3569@inbox.net,Netherlands,2024-02-01,Standard,38.63
3570,Olivia Dubois,olivia.dubois.3570@shopmail.io,Germany,2020-09-12,Standard,350.36
3571,Olivia Smith,olivia.smith.3571@inbox.net,Australia,2023-10-27,Premium,385.36
3572,Liam Brown,liam.brown.3572@inbox.net,Canada,2019-02-07,Standard,573.44
3573,Noah Kim,noah.kim.3573@customer.co,Germany,2024-06-13,Standard,122.98
3574,Emma Singh,emma.singh.3574@customer.co,United States,2023-10-02,Standard,108.98
3575,Maria Patel,maria.patel.3575@customer.co,Netherlands,2020-01-01,Basic,50.56
3576,Olivia Patel,olivia.patel.3576@mail.example.com,United Kingdom,2022-08-24,Basic,649.85
3577,Olivia Brown,olivia.brown.3577@shopmail.io,India,2018-04-01,Premium,73.49
3578,Isabella Nguyen,isabella.nguyen.3578@customer.co,Canada,2019-12-20,Standard,362.58
3579,Lucas Brown,lucas.brown.3579@customer.co,France,2023-08-10,Standard,121.00
3580,Emma Patel,emma.patel.3580@customer.co,Australia,2021-02-24,Basic,413.87
3581,Sofia Wilson,sofia.wilson.3581@mail.example.com,United States,2020-08-03,Standard,757.27
3582,James Wilson,james.wilson.3582@shopmail.io,Germany,2023-07-27,Premium,309.93
3583,Isabella Garcia,isabella.garcia.3583@inbox.net,Canada,2019-05-30,Basic,686.41
3584,Lucas Patel,lucas.patel.3584@shopmail.io,India,2023-12-13,Standard,925.00
3585,Aisha Taylor,aisha.taylor.3585@inbox.net,United States,2024-07-26,Standard,485.16
3586,Aisha Mueller,aisha.mueller.3586@inbox.net,Australia,2018-05-16,Premium,490.60
3587,Olivia Patel,olivia.patel.3587@customer.co,United States,2020-09-12,Premium,164.97
3588,Liam Wilson,liam.wilson.3588@inbox.net,Netherlands,2018-05-19,Standard,153.28
3589,James Martin,james.martin.3589@customer.co,United Kingdom,2021-06-02,Standard,123.37
3590,Isabella Garcia,isabella.garcia.3590@inbox.net,India,2024-06-17,Standard,185.38
3591,Sofia Mueller,sofia.mueller.3591@customer.co,India,2019-06-19,Premium,1359.34
3592,Emma Nguyen,emma.nguyen.3592@mail.example.com,Netherlands,2020-04-18,Premium,45.90
3593,Liam Mueller,liam.mueller.3593@customer.co,Italy,2020-01-25,Standard,334.04
3594,Aisha Nguyen,aisha.nguyen.3594@shopmail.io,Germany,2022-09-27,Standard,1101.36
3595,Liam Dubois,liam.dubois.3595@mail.example.com,United States,2019-01-06,Basic,410.29
3596,Emma Smith,emma.smith.3596@customer.co,Netherlands,2022-07-18,Standard,476.49
3597,Maria Martin,maria.martin.3597@customer.co,Spain,2021-02-28,Basic,103.16
3598,Maria Martin,maria.martin.3598@shopmail.io,Australia,2021-12-07,Basic,112.69
3599,Isabella Garcia,isabella.garcia.3599@shopmail.io,Spain,2023-04-17,Basic,145.49
3600,Lucas Nguyen,lucas.nguyen.3600@mail.example.com,France,2018-07-17,Basic,407.55
3601,Mia Garcia,mia.garcia.3601@inbox.net,Netherlands,2019-01-28,Standard,176.01
3602,Arjun Patel,arjun.patel.3602@mail.example.com,Spain,2023-04-04,Standard,498.37
3603,James Lee,james.lee.3603@mail.example.com,Netherlands,2024-06-20,Basic,424.83
3604,Maria Patel,maria.patel.3604@inbox.net,Canada,2020-11-08,Basic,115.91
3605,Noah Martin,noah.martin.3605@inbox.net,Australia,2021-05-27,Standard,466.05
3606,Chen Martin,chen.martin.3606@customer.co,Germany,2020-09-14,Basic,667.24
3607,Emma Martin,emma.martin.3607@inbox.net,United States,2018-08-20,Standard,1352.14
3608,Emma Taylor,emma.taylor.3608@shopmail.io,Germany,2021-10-01,Standard,132.98
3609,Mia Patel,mia.patel.3609@mail.example.com,Spain,2019-11-01,Premium,864.36
3610,Isabella Garcia,isabella.garcia.3610@inbox.net,India,2022-08-15,Standard,310.32
3611,Lucas Smith,lucas.smith.3611@shopmail.io,Spain,2020-05-30,Premium,84.07
3612,Arjun Rossi,arjun.rossi.3612@customer.co,India,2025-07-01,Standard,199.61
3613,Olivia Garcia,olivia.garcia.3613@mail.example.com,Netherlands,2018-07-11,Basic,583.01
3614,Isabella Kim,isabella.kim.3614@inbox.net,India,2024-07-03,Standard,546.82
3615,Aisha Garcia,aisha.garcia.3615@mail.example.com,Italy,2023-10-10,Premium,1820.66
3616,Aisha Mueller,aisha.mueller.3616@inbox.net,Netherlands,2021-06-01,Standard,362.57
3617,Olivia Singh,olivia.singh.3617@inbox.net,Canada,2025-07-20,Basic,214.54
3618,Arjun Mueller,arjun.mueller.3618@inbox.net,Netherlands,2022-06-07,Basic,189.02
3619,Sofia Lee,sofia.lee.3619@mail.example.com,Netherlands,2024-07-28,Standard,526.12
3620,Liam Singh,liam.singh.3620@mail.example.com,France,2021-06-12,Standard,56.78
3621,Sofia Khan,sofia.khan.3621@shopmail.io,India,2024-11-09,Premium,135.44
3622,Aisha Smith,aisha.smith.3622@customer.co,Australia,2019-12-05,Standard,531.24
3623,Mia Nguyen,mia.nguyen.3623@mail.example.com,India,2020-07-19,Basic,407.11
3624,Sofia Patel,sofia.patel.3624@customer.co,Netherlands,2022-06-26,Standard,132.74
3625,Lucas Singh,lucas.singh.3625@shopmail.io,Netherlands,2025-02-05,Standard,42.00
3626,Ethan Rossi,ethan.rossi.3626@inbox.net,Italy,2020-05-05,Basic,39.67
3627,Aisha Garcia,aisha.garcia.3627@customer.co,India,2019-10-15,Standard,82.41
3628,Isabella Khan,isabella.khan.3628@shopmail.io,Netherlands,2025-07-24,Standard,155.44
3629,Chen Garcia,chen.garcia.3629@shopmail.io,France,2023-04-16,Standard,276.40
3630,Arjun Khan,arjun.khan.3630@customer.co,Germany,2025-05-06,Basic,333.87
3631,Aisha Mueller,aisha.mueller.3631@mail.example.com,Spain,2023-10-09,Basic,52.66
3632,Aisha Taylor,aisha.taylor.3632@mail.example.com,Germany,2022-01-14,Standard,135.00
3633,Priya Singh,priya.singh.3633@inbox.net,France,2022-12-07,Basic,291.50
3634,Maria Rossi,maria.rossi.3634@mail.example.com,Netherlands,2022-09-21,Standard,530.81
3635,Ethan Lee,ethan.lee.3635@customer.co,Canada,2021-05-23,Standard,313.92
3636,Lucas Wilson,lucas.wilson.3636@shopmail.io,Netherlands,2024-12-17,Standard,82.56
3637,Priya Garcia,priya.garcia.3637@customer.co,Italy,2020-04-16,Standard,753.64
3638,Liam Martin,liam.martin.3638@mail.example.com,France,2024-10-06,Basic,265.32
3639,Emma Rossi,emma.rossi.3639@shopmail.io,France,2018-11-25,Basic,146.59
3640,Lucas Nguyen,lucas.nguyen.3640@customer.co,Italy,2025-07-24,Premium,78.88
3641,Noah Nguyen,noah.nguyen.3641@mail.example.com,Germany,2021-09-20,Basic,813.80
3642,James Brown,james.brown.3642@mail.example.com,India,2025-03-31,Standard,268.00
3643,Emma Kim,emma.kim.3643@customer.co,Italy,2024-06-21,Basic,241.05
3644,Priya Taylor,priya.taylor.3644@mail.example.com,United States,2020-08-04,Standard,75.28
3645,Olivia Nguyen,olivia.nguyen.3645@shopmail.io,Germany,2019-02-27,Premium,98.05
3646,Sofia Nguyen,sofia.nguyen.3646@inbox.net,Canada,2020-04-23,Standard,55.82
3647,Ethan Lee,ethan.lee.3647@customer.co,Italy,2021-03-29,Basic,95.34
3648,James Kim,james.kim.3648@customer.co,India,2022-01-23,Standard,91.44
3649,Noah Khan,noah.khan.3649@mail.example.com,Spain,2023-07-03,Standard,201.19
3650,Aisha Smith,aisha.smith.3650@shopmail.io,Netherlands,2020-04-15,Premium,350.67
3651,Noah Lee,noah.lee.3651@inbox.net,France,2020-02-01,Standard,174.92
3652,Chen Martin,chen.martin.3652@shopmail.io,Italy,2018-09-25,Standard,697.28
3653,Noah Lee,noah.lee.3653@mail.example.com,Italy,2018-02-12,Standard,646.09
3654,Liam Taylor,liam.taylor.3654@shopmail.io,India,2021-06-21,Standard,75.63
3655,Liam Dubois,liam.dubois.3655@shopmail.io,Netherlands,2023-10-07,Basic,571.72
3656,Sofia Rossi,sofia.rossi.3656@mail.example.com,Italy,2020-03-21,Standard,682.88
3657,Emma Patel,emma.patel.3657@mail.example.com,United States,2021-03-15,Basic,567.47
3658,Sofia Khan,sofia.khan.3658@inbox.net,Italy,2021-05-14,Standard,151.86
3659,Liam Dubois,liam.dubois.3659@mail.example.com,Australia,2019-06-20,Standard,127.37
3660,Olivia Rossi,olivia.rossi.3660@mail.example.com,Spain,2020-02-23,Premium,162.40
3661,Emma Taylor,emma.taylor.3661@mail.example.com,Italy,2023-12-06,Basic,149.73
3662,Mia Khan,mia.khan.3662@shopmail.io,Canada,2021-12-24,Standard,127.49
3663,James Rossi,james.rossi.3663@mail.example.com,India,2019-10-09,Basic,251.95
3664,Lucas Nguyen,lucas.nguyen.3664@inbox.net,Canada,2022-05-30,Premium,117.78
3665,Isabella Rossi,isabella.rossi.3665@customer.co,Canada,2023-12-05,Basic,26.75
3666,Noah Rossi,noah.rossi.3666@mail.example.com,France,2023-08-29,Standard,104.85
3667,Emma Patel,emma.patel.3667@customer.co,India,2024-12-22,Premium,264.99
3668,Liam Brown,liam.brown.3668@mail.example.com,France,2023-05-08,Standard,940.30
3669,Noah Mueller,noah.mueller.3669@mail.example.com,United Kingdom,2022-10-12,Standard,198.50
3670,Maria Garcia,maria.garcia.3670@inbox.net,Australia,2021-12-09,Premium,879.92
3671,Olivia Khan,olivia.khan.3671@mail.example.com,Italy,2025-03-01,Standard,257.33
3672,James Smith,james.smith.3672@shopmail.io,France,2020-06-06,Basic,164.90
3673,Sofia Garcia,sofia.garcia.3673@inbox.net,United States,2019-02-16,Basic,163.24
3674,Arjun Kim,arjun.kim.3674@customer.co,Netherlands,2020-03-01,Standard,444.82
3675,Isabella Taylor,isabella.taylor.3675@customer.co,Spain,2018-08-13,Premium,72.64
3676,Noah Martin,noah.martin.3676@mail.example.com,France,2022-07-02,Basic,700.82
3677,Priya Khan,priya.khan.3677@mail.example.com,Italy,2019-01-24,Basic,91.03
3678,Priya Wilson,priya.wilson.3678@inbox.net,Spain,2022-11-30,Basic,526.72
3679,Maria Taylor,maria.taylor.3679@mail.example.com,Spain,2018-02-16,Standard,310.52
3680,Priya Mueller,priya.mueller.3680@customer.co,United States,2023-07-02,Standard,767.13
3681,Mia Dubois,mia.dubois.3681@shopmail.io,France,2019-07-30,Basic,284.30
3682,Maria Khan,maria.khan.3682@shopmail.io,United States,2024-04-23,Premium,277.40
3683,Arjun Wilson,arjun.wilson.3683@shopmail.io,Netherlands,2025-08-01,Basic,93.31
3684,Maria Dubois,maria.dubois.3684@customer.co,India,2019-09-25,Basic,241.92
3685,Lucas Singh,lucas.singh.3685@mail.example.com,Germany,2022-08-25,Standard,79.30
3686,Isabella Martin,isabella.martin.3686@customer.co,United Kingdom,2022-10-25,Premium,91.08
3687,Sofia Singh,sofia.singh.3687@inbox.net,United States,2025-03-19,Standard,145.98
3688,Maria Taylor,maria.taylor.3688@shopmail.io,Italy,2024-10-29,Premium,1370.42
3689,Mia Kim,mia.kim.3689@inbox.net,Italy,2019-07-10,Premium,124.13
3690,James Brown,james.brown.3690@customer.co,Italy,2022-10-30,Basic,39.31
3691,Olivia Lee,olivia.lee.3691@inbox.net,Spain,2018-07-18,Standard,374.67
3692,Liam Nguyen,liam.nguyen.3692@inbox.net,United States,2024-01-26,Premium,64.09
3693,Lucas Patel,lucas.patel.3693@mail.example.com,Spain,2020-08-25,Standard,244.53
3694,Liam Brown,liam.brown.3694@customer.co,United States,2022-07-13,Standard,115.86
3695,James Rossi,james.rossi.3695@mail.example.com,India,2019-06-24,Standard,502.10
3696,Lucas Singh,lucas.singh.3696@shopmail.io,Italy,2025-02-24,Standard,173.53
3697,Olivia Dubois,olivia.dubois.3697@customer.co,Germany,2024-10-27,Basic,271.04
3698,Liam Patel,liam.patel.3698@customer.co,Italy,2022-01-10,Standard,474.67
3699,Emma Dubois,emma.dubois.3699@shopmail.io,Australia,2020-02-20,Basic,2294.94
3700,Priya Khan,priya.khan.3700@inbox.net,Italy,2018-12-17,Standard,149.78
3701,Mia Rossi,mia.rossi.3701@customer.co,Netherlands,2019-07-24,Basic,154.08
3702,Olivia Lee,olivia.lee.3702@inbox.net,Spain,2021-08-04,Standard,230.58
3703,Ethan Dubois,ethan.dubois.3703@inbox.net,India,2018-12-14,Premium,164.86
3704,Maria Khan,maria.khan.3704@inbox.net,India,2018-02-02,Standard,41.54
3705,Isabella Kim,isabella.kim.3705@inbox.net,Spain,2024-09-01,Standard,255.07
3706,Mia Lee,mia.lee.3706@mail.example.com,United Kingdom,2022-06-10,Basic,389.55
3707,Sofia Brown,sofia.brown.3707@customer.co,United States,2019-10-10,Premium,243.14
3708,Maria Dubois,maria.dubois.3708@shopmail.io,Australia,2019-08-30,Standard,58.95
3709,Liam Garcia,liam.garcia.3709@inbox.net,United States,2018-01-03,Basic,175.37
3710,Olivia Nguyen,olivia.nguyen.3710@inbox.net,United Kingdom,2023-01-28,Basic,265.35
3711,Chen Patel,chen.patel.3711@shopmail.io,United States,2025-01-07,Standard,505.53
3712,Sofia Dubois,sofia.dubois.3712@mail.example.com,France,2019-05-03,Basic,153.43
3713,Olivia Mueller,olivia.mueller.3713@shopmail.io,Canada,2025-06-12,Standard,205.08
3714,Chen Kim,chen.kim.3714@mail.example.com,Italy,2018-12-15,Premium,714.62
3715,Mia Garcia,mia.garcia.3715@shopmail.io,United Kingdom,2021-02-09,Basic,890.21
3716,Mia Martin,mia.martin.3716@inbox.net,Spain,2020-06-30,Standard,610.20
3717,Liam Martin,liam.martin.3717@inbox.net,Netherlands,2024-08-20,Basic,1141.74
3718,Isabella Taylor,isabella.taylor.3718@shopmail.io,United Kingdom,2020-06-07,Premium,197.68
3719,Emma Rossi,emma.rossi.3719@mail.example.com,United States,2025-08-21,Basic,256.47
3720,Ethan Brown,ethan.brown.3720@inbox.net,France,2025-08-14,Premium,164.13
3721,Sofia Nguyen,sofia.nguyen.3721@customer.co,Germany,2022-09-05,Standard,223.09
3722,Aisha Khan,aisha.khan.3722@shopmail.io,France,2023-07-17,Basic,260.53
3723,Arjun Lee,arjun.lee.3723@shopmail.io,Australia,2020-04-09,Premium,87.38
3724,Sofia Patel,sofia.patel.3724@shopmail.io,Spain,2018-04-14,Premium,221.70
3725,Sofia Smith,sofia.smith.3725@shopmail.io,Spain,2023-04-17,Basic,143.03
3726,Chen Smith,chen.smith.3726@inbox.net,India,2018-07-01,Basic,210.06
3727,Olivia Garcia,olivia.garcia.3727@inbox.net,United Kingdom,2025-06-17,Standard,614.13
3728,Chen Smith,chen.smith.3728@shopmail.io,India,2024-03-25,Standard,185.67
3729,Sofia Rossi,sofia.rossi.3729@shopmail.io,India,2019-06-10,Premium,120.78
3730,Maria Lee,maria.lee.3730@mail.example.com,Canada,2020-12-14,Standard,235.69
3731,Aisha Smith,aisha.smith.3731@inbox.net,Canada,2021-12-14,Standard,150.68
3732,Lucas Singh,lucas.singh.3732@inbox.net,United Kingdom,2019-05-17,Standard,519.63
3733,Priya Wilson,priya.wilson.3733@customer.co,Italy,2023-01-21,Standard,149.18
3734,Chen Rossi,chen.rossi.3734@mail.example.com,United States,2020-04-23,Standard,287.96
3735,Isabella Lee,isabella.lee.3735@inbox.net,Australia,2024-02-02,Standard,120.94
3736,Lucas Nguyen,lucas.nguyen.3736@mail.example.com,Netherlands,2023-09-28,Basic,543.48
3737,Noah Smith,noah.smith.3737@shopmail.io,Netherlands,2024-10-22,Basic,109.99
3738,Liam Kim,liam.kim.3738@shopmail.io,France,2019-04-27,Standard,275.84
3739,Chen Garcia,chen.garcia.3739@mail.example.com,Netherlands,2018-02-26,Premium,518.17
3740,Liam Singh,liam.singh.3740@shopmail.io,India,2024-03-25,Standard,114.10
3741,Emma Mueller,emma.mueller.3741@mail.example.com,Netherlands,2018-03-15,Standard,449.37
3742,Aisha Brown,aisha.brown.3742@shopmail.io,Germany,2024-03-01,Standard,375.84
3743,Arjun Garcia,arjun.garcia.3743@shopmail.io,Spain,2022-08-29,Premium,307.35
3744,Arjun Taylor,arjun.taylor.3744@inbox.net,Germany,2022-10-14,Premium,271.33
3745,Liam Martin,liam.martin.3745@mail.example.com,Canada,2022-01-15,Basic,289.69
3746,Priya Rossi,priya.rossi.3746@mail.example.com,India,2022-07-01,Basic,218.38
3747,Priya Brown,priya.brown.3747@shopmail.io,United Kingdom,2020-01-15,Premium,151.31
3748,Aisha Mueller,aisha.mueller.3748@mail.example.com,United Kingdom,2023-11-04,Standard,272.01
3749,Priya Mueller,priya.mueller.3749@shopmail.io,Canada,2020-01-13,Basic,460.06
3750,Maria Smith,maria.smith.3750@mail.example.com,Netherlands,2018-03-19,Basic,465.40
3751,Liam Taylor,liam.taylor.3751@customer.co,Spain,2025-01-05,Basic,512.55
3752,Lucas Nguyen,lucas.nguyen.3752@shopmail.io,Netherlands,2024-06-08,Standard,171.00
3753,Isabella Kim,isabella.kim.3753@customer.co,Italy,2023-07-27,Basic,63.15
3754,Chen Singh,chen.singh.3754@inbox.net,Australia,2024-05-15,Standard,201.23
3755,Aisha Nguyen,aisha.nguyen.3755@customer.co,United Kingdom,2023-06-12,Basic,214.90
3756,Liam Rossi,liam.rossi.3756@mail.example.com,Spain,2025-04-26,Premium,95.90
3757,Olivia Khan,olivia.khan.3757@shopmail.io,France,2020-04-01,Standard,203.87
3758,Ethan Rossi,ethan.rossi.3758@customer.co,Spain,2018-01-01,Premium,160.15
3759,Liam Mueller,liam.mueller.3759@mail.example.com,Canada,2024-07-24,Premium,244.45
3760,Ethan Smith,ethan.smith.3760@inbox.net,United Kingdom,2022-04-24,Premium,699.79
3761,Isabella Wilson,isabella.wilson.3761@mail.example.com,Canada,2025-01-19,Basic,129.61
3762,Isabella Lee,isabella.lee.3762@inbox.net,France,2023-12-13,Standard,633.60
3763,Priya Dubois,priya.dubois.3763@inbox.net,Netherlands,2025-06-22,Premium,87.88
3764,Aisha Brown,aisha.brown.3764@shopmail.io,France,2023-02-20,Standard,210.24
3765,Chen Brown,chen.brown.3765@inbox.net,Italy,2024-05-06,Standard,315.51
3766,Emma Garcia,emma.garcia.3766@inbox.net,United Kingdom,2025-06-15,Basic,1082.21
3767,Arjun Khan,arjun.khan.3767@shopmail.io,Germany,2023-06-26,Standard,134.83
3768,Emma Smith,emma.smith.3768@mail.example.com,Netherlands,2025-07-31,Premium,350.61
3769,Emma Kim,emma.kim.3769@inbox.net,Spain,2021-10-25,Standard,128.03
3770,Noah Taylor,noah.taylor.3770@inbox.net,United Kingdom,2018-05-24,Standard,280.82
3771,Mia Khan,mia.khan.3771@customer.co,Spain,2022-03-31,Standard,384.93
3772,Emma Wilson,emma.wilson.3772@shopmail.io,France,2022-08-10,Basic,1003.59
3773,Liam Mueller,liam.mueller.3773@shopmail.io,Netherlands,2022-06-09,Basic,90.19
3774,Arjun Singh,arjun.singh.3774@customer.co,Australia,2023-10-24,Standard,174.50
3775,Emma Lee,emma.lee.3775@customer.co,Netherlands,2018-11-17,Basic,197.74
3776,Sofia Nguyen,sofia.nguyen.3776@inbox.net,Canada,2021-08-02,Basic,427.20
3777,Priya Smith,priya.smith.3777@shopmail.io,Italy,2025-04-05,Basic,175.29
3778,James Taylor,james.taylor.3778@inbox.net,Australia,2020-07-18,Basic,649.52
3779,Priya Rossi,priya.rossi.3779@customer.co,Canada,2024-03-19,Standard,482.55
3780,Arjun Smith,arjun.smith.3780@shopmail.io,Spain,2020-06-03,Basic,238.69
3781,Aisha Martin,aisha.martin.3781@shopmail.io,Italy,2019-05-11,Standard,982.03
3782,Aisha Brown,aisha.brown.3782@mail.example.com,Canada,2018-04-30,Standard,86.36
3783,Emma Kim,emma.kim.3783@inbox.net,France,2019-12-25,Standard,151.91
3784,Isabella Martin,isabella.martin.3784@inbox.net,Italy,2022-11-04,Standard,188.24
3785,Aisha Kim,aisha.kim.3785@inbox.net,Canada,2022-06-03,Basic,730.47
3786,Arjun Brown,arjun.brown.3786@inbox.net,Canada,2019-04-02,Basic,35.66
3787,Sofia Rossi,sofia.rossi.3787@mail.example.com,United States,2018-12-30,Premium,432.83
3788,James Garcia,james.garcia.3788@mail.example.com,Italy,2021-09-05,Standard,206.58
3789,Maria Brown,maria.brown.3789@inbox.net,Netherlands,2024-05-06,Standard,259.74
3790,Priya Singh,priya.singh.3790@mail.example.com,India,2018-12-24,Standard,141.80
3791,Liam Mueller,liam.mueller.3791@customer.co,Canada,2023-04-22,Standard,41.32
3792,Olivia Rossi,olivia.rossi.3792@inbox.net,United States,2020-01-31,Standard,792.08
3793,Isabella Singh,isabella.singh.3793@customer.co,India,2023-04-11,Premium,184.83
3794,James Singh,james.singh.3794@mail.example.com,Germany,2024-09-22,Premium,1189.61
3795,Chen Kim,chen.kim.3795@shopmail.io,Italy,2019-03-26,Basic,209.99
3796,Chen Kim,chen.kim.3796@customer.co,United Kingdom,2020-04-28,Standard,105.44
3797,Mia Dubois,mia.dubois.3797@mail.example.com,Australia,2023-08-31,Standard,191.72
3798,Isabella Smith,isabella.smith.3798@customer.co,United Kingdom,2018-05-03,Standard,491.49
3799,Arjun Brown,arjun.brown.3799@shopmail.io,Spain,2025-08-20,Standard,208.23
3800,Priya Mueller,priya.mueller.3800@shopmail.io,United States,2020-07-22,Standard,468.41
3801,Liam Taylor,liam.taylor.3801@customer.co,Canada,2025-08-10,Basic,188.79
3802,James Wilson,james.wilson.3802@shopmail.io,Spain,2018-08-25,Standard,168.24
3803,Ethan Smith,ethan.smith.3803@shopmail.io,India,2020-11-15,Premium,756.83
3804,Aisha Martin,aisha.martin.3804@customer.co,Italy,2023-08-21,Basic,166.30
3805,Arjun Mueller,arjun.mueller.3805@customer.co,Italy,2020-06-02,Basic,300.23
3806,James Kim,james.kim.3806@mail.example.com,Australia,2019-09-25,Basic,322.46
3807,Noah Rossi,noah.rossi.3807@inbox.net,India,2020-03-13,Standard,1850.04
3808,Aisha Smith,aisha.smith.3808@shopmail.io,Australia,2022-06-25,Basic,415.79
3809,Sofia Mueller,sofia.mueller.3809@customer.co,Canada,2018-09-04,Basic,339.69
3810,Isabella Garcia,isabella.garcia.3810@mail.example.com,Germany,2025-01-16,Standard,151.68
3811,Ethan Nguyen,ethan.nguyen.3811@mail.example.com,United States,2021-04-11,Standard,678.57
3812,Chen Kim,chen.kim.3812@mail.example.com,Italy,2020-08-30,Premium,27.76
3813,Mia Smith,mia.smith.3813@inbox.net,France,2023-10-16,Basic,156.24
3814,Sofia Singh,sofia.singh.3814@shopmail.io,Italy,2023-11-23,Basic,235.99
3815,Lucas Garcia,lucas.garcia.3815@customer.co,France,2023-11-26,Standard,556.53
3816,Arjun Patel,arjun.patel.3816@shopmail.io,India,2021-01-29,Standard,53.84
3817,Arjun Garcia,arjun.garcia.3817@customer.co,Netherlands,2022-09-12,Standard,46.30
3818,Isabella Taylor,isabella.taylor.3818@customer.co,Italy,2018-06-18,Basic,311.24
3819,Aisha Smith,aisha.smith.3819@customer.co,Canada,2020-12-08,Basic,100.00
3820,Lucas Taylor,lucas.taylor.3820@mail.example.com,Australia,2018-05-05,Standard,129.81
3821,Olivia Rossi,olivia.rossi.3821@customer.co,United States,2020-08-30,Premium,138.86
3822,Mia Nguyen,mia.nguyen.3822@customer.co,Australia,2021-12-14,Premium,673.04
3823,Ethan Martin,ethan.martin.3823@customer.co,Spain,2023-09-24,Basic,628.41
3824,Maria Wilson,maria.wilson.3824@shopmail.io,Netherlands,2022-12-02,Premium,367.51
3825,Isabella Nguyen,isabella.nguyen.3825@inbox.net,Netherlands,2021-01-17,Standard,478.34
3826,Sofia Rossi,sofia.rossi.3826@mail.example.com,Germany,2020-06-07,Basic,55.71
3827,Olivia Singh,olivia.singh.3827@shopmail.io,Netherlands,2024-09-07,Premium,121.19
3828,Emma Rossi,emma.rossi.3828@customer.co,Australia,2024-09-22,Premium,237.22
3829,Liam Taylor,liam.taylor.3829@inbox.net,Canada,2019-03-09,Basic,351.20
3830,Noah Brown,noah.brown.3830@inbox.net,Netherlands,2019-04-26,Premium,354.29
3831,Chen Nguyen,chen.nguyen.3831@mail.example.com,India,2021-05-18,Standard,215.14
3832,Maria Khan,maria.khan.3832@shopmail.io,Netherlands,2022-06-16,Premium,382.57
3833,Sofia Kim,sofia.kim.3833@mail.example.com,United States,2021-10-20,Basic,155.07
3834,Liam Nguyen,liam.nguyen.3834@customer.co,Italy,2021-10-09,Standard,148.24
3835,Mia Wilson,mia.wilson.3835@mail.example.com,India,2024-04-05,Standard,219.31
3836,Priya Kim,priya.kim.3836@inbox.net,India,2023-09-16,Standard,114.27
3837,James Taylor,james.taylor.3837@customer.co,Italy,2019-01-11,Basic,464.59
3838,James Taylor,james.taylor.3838@mail.example.com,Netherlands,2018-12-30,Standard,373.42
3839,Sofia Dubois,sofia.dubois.3839@shopmail.io,United Kingdom,2025-01-07,Standard,231.02
3840,Lucas Rossi,lucas.rossi.3840@inbox.net,United States,2024-11-28,Standard,133.62
3841,Priya Kim,priya.kim.3841@customer.co,United States,2018-12-27,Basic,364.39
3842,James Nguyen,james.nguyen.3842@mail.example.com,United Kingdom,2019-03-19,Standard,383.19
3843,Sofia Wilson,sofia.wilson.3843@mail.example.com,United States,2024-11-08,Standard,85.28
3844,Lucas Kim,lucas.kim.3844@inbox.net,France,2023-08-10,Standard,732.41
3845,Ethan Smith,ethan.smith.3845@inbox.net,Spain,2019-11-26,Premium,107.36
3846,Priya Patel,priya.patel.3846@customer.co,Netherlands,2023-10-30,Standard,341.84
3847,Maria Khan,maria.khan.3847@shopmail.io,Canada,2019-07-08,Basic,473.32
3848,Lucas Smith,lucas.smith.3848@shopmail.io,Canada,2020-02-03,Standard,97.74
3849,Lucas Khan,lucas.khan.3849@inbox.net,Canada,2021-01-30,Standard,164.81
3850,Arjun Smith,arjun.smith.3850@shopmail.io,Netherlands,2024-09-20,Standard,314.97
3851,Arjun Brown,arjun.brown.3851@customer.co,Spain,2019-01-16,Standard,169.38
3852,Priya Martin,priya.martin.3852@customer.co,Italy,2024-05-09,Standard,143.65
3853,Chen Mueller,chen.mueller.3853@customer.co,India,2024-11-02,Standard,225.54
3854,Aisha Khan,aisha.khan.3854@customer.co,Australia,2022-11-26,Standard,354.74
3855,Noah Mueller,noah.mueller.3855@shopmail.io,India,2024-07-17,Standard,137.17
3856,Isabella Smith,isabella.smith.3856@mail.example.com,United Kingdom,2025-06-01,Basic,188.14
3857,Olivia Garcia,olivia.garcia.3857@shopmail.io,Germany,2020-12-26,Basic,404.16
3858,Noah Taylor,noah.taylor.3858@customer.co,United States,2022-05-04,Standard,231.00
3859,Priya Martin,priya.martin.3859@customer.co,Spain,2021-08-31,Premium,254.59
3860,Emma Taylor,emma.taylor.3860@customer.co,Netherlands,2025-06-06,Standard,166.64
3861,Noah Lee,noah.lee.3861@inbox.net,Spain,2025-08-04,Basic,560.19
3862,James Smith,james.smith.3862@shopmail.io,India,2025-02-22,Basic,55.38
3863,Lucas Singh,lucas.singh.3863@customer.co,France,2022-08-24,Standard,157.54
3864,Mia Kim,mia.kim.3864@customer.co,India,2021-12-25,Premium,83.07
3865,Aisha Dubois,aisha.dubois.3865@inbox.net,Netherlands,2020-10-21,Standard,178.90
3866,Emma Martin,emma.martin.3866@customer.co,United Kingdom,2025-01-30,Premium,202.37
3867,Ethan Patel,ethan.patel.3867@mail.example.com,Australia,2022-08-02,Standard,274.61
3868,Sofia Lee,sofia.lee.3868@mail.example.com,Canada,2020-02-08,Premium,262.00
3869,Mia Garcia,mia.garcia.3869@inbox.net,India,2022-08-10,Basic,435.31
3870,Lucas Kim,lucas.kim.3870@mail.example.com,Canada,2019-06-12,Premium,236.59
3871,Aisha Kim,aisha.kim.3871@inbox.net,United States,2018-06-06,Standard,290.61
3872,Sofia Garcia,sofia.garcia.3872@inbox.net,Canada,2024-07-05,Premium,111.74
3873,Arjun Khan,arjun.khan.3873@shopmail.io,Netherlands,2018-03-19,Standard,288.76
3874,Lucas Garcia,lucas.garcia.3874@mail.example.com,Canada,2020-06-01,Standard,293.76
3875,Sofia Dubois,sofia.dubois.3875@customer.co,United Kingdom,2020-06-23,Basic,225.45
3876,James Brown,james.brown.3876@shopmail.io,United Kingdom,2022-07-03,Premium,285.58
3877,Olivia Rossi,olivia.rossi.3877@inbox.net,France,2019-09-27,Standard,402.77
3878,James Mueller,james.mueller.3878@shopmail.io,United Kingdom,2020-01-06,Standard,320.62
3879,Noah Brown,noah.brown.3879@shopmail.io,France,2022-07-04,Standard,211.43
3880,Maria Dubois,maria.dubois.3880@inbox.net,Germany,2020-10-23,Standard,163.36
3881,Emma Nguyen,emma.nguyen.3881@shopmail.io,United States,2025-07-25,Standard,100.99
3882,Aisha Brown,aisha.brown.3882@inbox.net,Australia,2019-04-07,Standard,235.28
3883,James Smith,james.smith.3883@inbox.net,Spain,2023-06-20,Basic,111.73
3884,James Brown,james.brown.3884@inbox.net,Netherlands,2024-09-18,Standard,73.85
3885,Aisha Khan,aisha.khan.3885@shopmail.io,Italy,2020-07-29,Premium,41.56
3886,Isabella Martin,isabella.martin.3886@customer.co,United Kingdom,2022-09-11,Basic,158.46
3887,Sofia Singh,sofia.singh.3887@shopmail.io,Germany,2019-03-20,Basic,898.26
3888,Lucas Taylor,lucas.taylor.3888@customer.co,India,2023-12-05,Standard,136.06
3889,Isabella Nguyen,isabella.nguyen.3889@mail.example.com,Germany,2018-05-22,Standard,644.78
3890,Liam Patel,liam.patel.3890@customer.co,Spain,2023-08-29,Basic,306.04
3891,James Khan,james.khan.3891@customer.co,India,2022-02-04,Standard,110.68
3892,Lucas Kim,lucas.kim.3892@mail.example.com,Australia,2023-05-29,Standard,150.71
3893,Lucas Khan,lucas.khan.3893@mail.example.com,United States,2024-06-24,Standard,147.42
3894,Arjun Taylor,arjun.taylor.3894@inbox.net,United States,2025-03-05,Basic,135.51
3895,Priya Garcia,priya.garcia.3895@customer.co,Netherlands,2018-09-09,Premium,181.16
3896,Maria Wilson,maria.wilson.3896@shopmail.io,Spain,2025-08-17,Premium,2244.74
3897,Arjun Khan,arjun.khan.3897@mail.example.com,Netherlands,2025-03-14,Standard,1366.40
3898,Arjun Wilson,arjun.wilson.3898@inbox.net,Italy,2022-12-26,Standard,203.63
3899,Sofia Smith,sofia.smith.3899@shopmail.io,United States,2018-10-11,Standard,76.46
3900,James Lee,james.lee.3900@mail.example.com,India,2024-10-20,Standard,83.46
3901,Isabella Taylor,isabella.taylor.3901@shopmail.io,India,2021-03-23,Premium,337.71
3902,Priya Singh,priya.singh.3902@customer.co,United States,2022-04-29,Premium,525.61
3903,Sofia Martin,sofia.martin.3903@customer.co,Germany,2021-09-30,Basic,2894.89
3904,Ethan Kim,ethan.kim.3904@inbox.net,India,2022-02-19,Basic,203.51
3905,James Rossi,james.rossi.3905@inbox.net,Germany,2025-04-26,Standard,283.76
3906,Lucas Garcia,lucas.garcia.3906@inbox.net,United States,2019-06-12,Standard,451.77
3907,Mia Wilson,mia.wilson.3907@mail.example.com,United Kingdom,2024-04-17,Standard,132.09
3908,Noah Taylor,noah.taylor.3908@mail.example.com,Italy,2025-04-13,Basic,493.09
3909,Maria Rossi,maria.rossi.3909@mail.example.com,Netherlands,2018-07-20,Standard,416.23
3910,James Wilson,james.wilson.3910@shopmail.io,Spain,2018-04-09,Premium,48.75
3911,Sofia Dubois,sofia.dubois.3911@inbox.net,Netherlands,2023-07-04,Basic,515.93
3912,Arjun Singh,arjun.singh.3912@shopmail.io,United Kingdom,2019-03-07,Basic,207.94
3913,Ethan Nguyen,ethan.nguyen.3913@inbox.net,Canada,2022-11-13,Standard,549.43
3914,James Singh,james.singh.3914@mail.example.com,Italy,2019-11-17,Standard,131.42
3915,Chen Smith,chen.smith.3915@shopmail.io,Italy,2025-06-08,Standard,680.82
3916,Emma Khan,emma.khan.3916@shopmail.io,Australia,2018-07-03,Standard,277.98
3917,James Singh,james.singh.3917@inbox.net,Netherlands,2020-02-14,Standard,162.39
3918,Sofia Taylor,sofia.taylor.3918@inbox.net,Canada,2023-08-07,Premium,373.20
3919,Emma Rossi,emma.rossi.3919@customer.co,Spain,2021-06-11,Standard,891.14
3920,Aisha Taylor,aisha.taylor.3920@inbox.net,United Kingdom,2019-12-28,Standard,169.13
3921,Sofia Garcia,sofia.garcia.3921@mail.example.com,India,2020-11-07,Basic,820.42
3922,Noah Lee,noah.lee.3922@shopmail.io,France,2022-02-22,Standard,187.92
3923,Aisha Lee,aisha.lee.3923@inbox.net,Spain,2020-06-06,Premium,308.33
3924,James Nguyen,james.nguyen.3924@inbox.net,Australia,2020-08-08,Standard,266.68
3925,Aisha Nguyen,aisha.nguyen.3925@mail.example.com,Germany,2024-09-16,Basic,58.92
3926,Priya Mueller,priya.mueller.3926@mail.example.com,United Kingdom,2020-02-03,Basic,566.02
3927,Olivia Garcia,olivia.garcia.3927@customer.co,Australia,2019-05-16,Standard,799.84
3928,Emma Kim,emma.kim.3928@shopmail.io,United Kingdom,2022-12-10,Standard,144.51
3929,Priya Singh,priya.singh.3929@customer.co,Netherlands,2022-03-10,Standard,620.66
3930,Arjun Khan,arjun.khan.3930@inbox.net,Netherlands,2023-05-31,Standard,99.02
3931,Isabella Wilson,isabella.wilson.3931@shopmail.io,Canada,2020-05-17,Standard,227.87
3932,Liam Lee,liam.lee.3932@mail.example.com,United Kingdom,2021-09-15,Standard,161.61
3933,Emma Nguyen,emma.nguyen.3933@inbox.net,Germany,2018-07-25,Premium,813.68
3934,Ethan Mueller,ethan.mueller.3934@customer.co,Netherlands,2025-03-21,Standard,362.85
3935,Sofia Brown,sofia.brown.3935@mail.example.com,India,2024-01-04,Premium,296.22
3936,Noah Dubois,noah.dubois.3936@customer.co,Australia,2018-03-09,Basic,231.76
3937,Noah Rossi,noah.rossi.3937@mail.example.com,United States,2018-10-04,Basic,320.60
3938,James Mueller,james.mueller.3938@inbox.net,Canada,2024-12-23,Premium,227.66
3939,Aisha Nguyen,aisha.nguyen.3939@mail.example.com,United Kingdom,2023-11-19,Standard,278.96
3940,Isabella Patel,isabella.patel.3940@mail.example.com,France,2019-09-30,Standard,938.96
3941,Isabella Wilson,isabella.wilson.3941@customer.co,France,2023-12-06,Basic,295.23
3942,Liam Khan,liam.khan.3942@customer.co,Netherlands,2018-06-03,Standard,300.29
3943,Arjun Kim,arjun.kim.3943@mail.example.com,India,2021-03-18,Standard,202.50
3944,Arjun Dubois,arjun.dubois.3944@customer.co,Australia,2021-03-08,Basic,138.12
3945,Noah Garcia,noah.garcia.3945@shopmail.io,Australia,2020-10-23,Premium,147.77
3946,Isabella Brown,isabella.brown.3946@shopmail.io,Italy,2021-03-11,Standard,334.92
3947,James Singh,james.singh.3947@customer.co,France,2021-02-05,Basic,87.36
3948,Noah Brown,noah.brown.3948@mail.example.com,India,2018-07-27,Basic,85.64
3949,Isabella Khan,isabella.khan.3949@mail.example.com,United States,2022-12-14,Standard,473.87
3950,Ethan Khan,ethan.khan.3950@mail.example.com,Canada,2025-02-03,Standard,195.32
3951,Isabella Martin,isabella.martin.3951@inbox.net,Australia,2022-06-24,Premium,70.01
3952,Maria Brown,maria.brown.3952@customer.co,United Kingdom,2023-12-06,Standard,566.70
3953,Lucas Dubois,lucas.dubois.3953@shopmail.io,India,2022-05-25,Standard,125.97
3954,Sofia Martin,sofia.martin.3954@mail.example.com,Australia,2022-11-01,Basic,115.79
3955,Lucas Khan,lucas.khan.3955@mail.example.com,Australia,2023-04-24,Basic,277.85
3956,Olivia Garcia,olivia.garcia.3956@customer.co,Italy,2020-01-01,Standard,343.88
3957,Chen Patel,chen.patel.3957@mail.example.com,Canada,2019-10-18,Basic,987.48
3958,Ethan Rossi,ethan.rossi.3958@mail.example.com,Canada,2018-01-29,Basic,171.52
3959,Isabella Patel,isabella.patel.3959@inbox.net,Italy,2024-07-08,Standard,251.75
3960,Aisha Rossi,aisha.rossi.3960@shopmail.io,United States,2019-05-10,Premium,560.15
3961,Arjun Garcia,arjun.garcia.3961@mail.example.com,Germany,2018-07-31,Basic,75.80
3962,Ethan Dubois,ethan.dubois.3962@inbox.net,India,2022-01-30,Standard,165.54
3963,Ethan Mueller,ethan.mueller.3963@shopmail.io,Italy,2019-05-26,Standard,332.72
3964,Aisha Lee,aisha.lee.3964@mail.example.com,India,2021-07-02,Standard,538.59
3965,Liam Martin,liam.martin.3965@mail.example.com,Spain,2025-05-05,Standard,69.75
3966,James Dubois,james.dubois.3966@shopmail.io,France,2019-02-24,Premium,101.54
3967,Sofia Brown,sofia.brown.3967@shopmail.io,Canada,2020-01-20,Basic,258.69
3968,Olivia Mueller,olivia.mueller.3968@customer.co,India,2019-12-15,Basic,41.73
3969,Noah Singh,noah.singh.3969@inbox.net,United States,2023-01-10,Basic,89.05
3970,Emma Brown,emma.brown.3970@shopmail.io,Italy,2024-01-02,Premium,653.75
3971,Emma Lee,emma.lee.3971@inbox.net,Netherlands,2019-07-04,Basic,548.13
3972,Maria Smith,maria.smith.3972@mail.example.com,United States,2020-09-14,Standard,83.40
3973,Arjun Kim,arjun.kim.3973@mail.example.com,United States,2025-07-20,Standard,563.23
3974,Arjun Khan,arjun.khan.3974@shopmail.io,Canada,2023-03-08,Basic,437.55
3975,Isabella Garcia,isabella.garcia.3975@mail.example.com,India,2025-06-22,Standard,125.72
3976,Olivia Rossi,olivia.rossi.3976@inbox.net,France,2024-07-07,Standard,314.01
3977,Olivia Nguyen,olivia.nguyen.3977@shopmail.io,Spain,2024-06-19,Standard,79.51
3978,Aisha Dubois,aisha.dubois.3978@shopmail.io,Netherlands,2024-02-28,Standard,67.72
3979,Priya Brown,priya.brown.3979@mail.example.com,Canada,2020-01-10,Standard,38.29
3980,Priya Dubois,priya.dubois.3980@shopmail.io,United Kingdom,2023-11-05,Standard,678.46
3981,Ethan Rossi,ethan.rossi.3981@inbox.net,Italy,2024-08-26,Standard,32.28
3982,Chen Lee,chen.lee.3982@inbox.net,United States,2021-11-18,Premium,139.11
3983,James Wilson,james.wilson.3983@inbox.net,Netherlands,2022-03-16,Standard,1004.97
3984,James Martin,james.martin.3984@inbox.net,France,2021-11-20,Standard,319.49
3985,Emma Brown,emma.brown.3985@mail.example.com,France,2024-02-18,Standard,395.08
3986,Mia Smith,mia.smith.3986@customer.co,Spain,2021-02-18,Basic,590.63
3987,Lucas Nguyen,lucas.nguyen.3987@shopmail.io,France,2018-05-22,Standard,290.35
3988,Lucas Nguyen,lucas.nguyen.3988@inbox.net,France,2025-05-25,Standard,195.15
3989,Lucas Nguyen,lucas.nguyen.3989@inbox.net,Canada,2021-11-04,Premium,62.63
3990,Maria Lee,maria.lee.3990@mail.example.com,Australia,2018-05-05,Standard,53.30
3991,Liam Patel,liam.patel.3991@shopmail.io,Germany,2020-08-29,Standard,230.67
3992,Liam Garcia,liam.garcia.3992@inbox.net,United States,2020-03-24,Standard,1435.79
3993,Mia Wilson,mia.wilson.3993@inbox.net,United Kingdom,2023-11-26,Standard,81.45
3994,Arjun Rossi,arjun.rossi.3994@customer.co,Netherlands,2025-08-25,Standard,277.31
3995,Arjun Martin,arjun.martin.3995@inbox.net,France,2018-10-16,Standard,158.38
3996,Maria Mueller,maria.mueller.3996@mail.example.com,United States,2024-01-01,Standard,554.62
3997,Olivia Brown,olivia.brown.3997@customer.co,Italy,2020-11-28,Premium,35.23
3998,Priya Wilson,priya.wilson.3998@customer.co,United Kingdom,2025-08-07,Premium,133.70
3999,James Dubois,james.dubois.3999@mail.example.com,Netherlands,2018-07-06,Premium,112.26
4000,Chen Taylor,chen.taylor.4000@inbox.net,Spain,2022-12-31,Standard,203.47
4001,Priya Khan,priya.khan.4001@mail.example.com,France,2025-06-15,Standard,304.49
4002,Chen Smith,chen.smith.4002@customer.co,France,2020-04-19,Standard,441.25
4003,Liam Mueller,liam.mueller.4003@mail.example.com,United States,2021-04-20,Premium,91.74
4004,Arjun Brown,arjun.brown.4004@customer.co,Australia,2023-02-08,Premium,142.72
4005,Ethan Mueller,ethan.mueller.4005@shopmail.io,Germany,2025-08-13,Premium,863.94
4006,Aisha Rossi,aisha.rossi.4006@inbox.net,Germany,2025-05-14,Basic,114.94
4007,Maria Singh,maria.singh.4007@inbox.net,Spain,2023-02-03,Standard,928.78
4008,Emma Brown,emma.brown.4008@mail.example.com,France,2023-08-11,Standard,213.71
4009,Emma Singh,emma.singh.4009@mail.example.com,Spain,2024-06-08,Standard,128.07
4010,Aisha Rossi,aisha.rossi.4010@customer.co,Spain,2023-05-06,Standard,305.57
4011,Aisha Smith,aisha.smith.4011@customer.co,Spain,2022-08-06,Standard,121.06
4012,Mia Taylor,mia.taylor.4012@customer.co,United Kingdom,2024-01-15,Basic,196.82
4013,Olivia Dubois,olivia.dubois.4013@inbox.net,Canada,2025-08-06,Standard,227.33
4014,James Kim,james.kim.4014@inbox.net,Australia,2023-09-20,Standard,455.57
4015,Sofia Rossi,sofia.rossi.4015@customer.co,France,2025-06-03,Premium,366.95
4016,Noah Martin,noah.martin.4016@customer.co,Italy,2020-02-23,Premium,188.06
4017,Isabella Kim,isabella.kim.4017@customer.co,Canada,2018-05-08,Standard,196.60
4018,Noah Kim,noah.kim.4018@inbox.net,Spain,2025-05-13,Standard,98.98
4019,Liam Garcia,liam.garcia.4019@customer.co,Australia,2020-06-16,Premium,570.48
4020,Priya Nguyen,priya.nguyen.4020@inbox.net,Netherlands,2023-04-01,Standard,79.66
4021,Lucas Taylor,lucas.taylor.4021@shopmail.io,Germany,2019-03-10,Basic,318.74
4022,Isabella Dubois,isabella.dubois.4022@customer.co,Netherlands,2018-10-06,Premium,65.13
4023,Maria Khan,maria.khan.4023@customer.co,Netherlands,2024-01-11,Premium,159.36
4024,Lucas Smith,lucas.smith.4024@inbox.net,United Kingdom,2023-11-08,Basic,155.40
4025,Noah Mueller,noah.mueller.4025@customer.co,Canada,2023-08-01,Basic,104.55
4026,James Martin,james.martin.4026@mail.example.com,United States,2019-04-27,Standard,277.52
4027,Olivia Singh,olivia.singh.4027@customer.co,Canada,2020-07-07,Standard,84.19
4028,Isabella Khan,isabella.khan.4028@inbox.net,India,2023-12-12,Premium,147.36
4029,Ethan Rossi,ethan.rossi.4029@mail.example.com,France,2025-03-02,Basic,327.09
4030,Isabella Smith,isabella.smith.4030@mail.example.com,Netherlands,2022-12-17,Standard,896.86
4031,Ethan Rossi,ethan.rossi.4031@shopmail.io,Canada,2022-07-13,Basic,244.86
4032,Arjun Rossi,arjun.rossi.4032@mail.example.com,United Kingdom,2025-08-17,Premium,229.77
4033,Aisha Smith,aisha.smith.4033@customer.co,Australia,2022-04-02,Premium,153.71
4034,Arjun Nguyen,arjun.nguyen.4034@customer.co,Italy,2018-11-27,Premium,392.50
4035,Mia Wilson,mia.wilson.4035@shopmail.io,Germany,2021-12-21,Standard,682.75
4036,Mia Brown,mia.brown.4036@customer.co,France,2022-04-06,Basic,234.21
4037,Chen Nguyen,chen.nguyen.4037@mail.example.com,United Kingdom,2021-10-10,Premium,311.88
4038,Liam Patel,liam.patel.4038@mail.example.com,India,2018-02-17,Standard,1128.88
4039,Emma Patel,emma.patel.4039@mail.example.com,United States,2022-01-16,Standard,177.23
4040,Arjun Garcia,arjun.garcia.4040@shopmail.io,India,2022-11-28,Premium,632.27
4041,Priya Kim,priya.kim.4041@customer.co,Germany,2021-07-18,Basic,194.28
4042,Isabella Brown,isabella.brown.4042@customer.co,Italy,2024-05-27,Premium,408.30
4043,Lucas Rossi,lucas.rossi.4043@mail.example.com,Spain,2021-02-01,Standard,423.47
4044,Arjun Wilson,arjun.wilson.4044@customer.co,Spain,2019-09-24,Standard,45.48
4045,Noah Taylor,noah.taylor.4045@mail.example.com,Canada,2024-11-11,Premium,332.58
4046,Ethan Wilson,ethan.wilson.4046@shopmail.io,Germany,2020-03-09,Basic,187.19
4047,Sofia Taylor,sofia.taylor.4047@mail.example.com,France,2025-07-05,Standard,138.63
4048,Lucas Dubois,lucas.dubois.4048@mail.example.com,Australia,2018-04-25,Standard,456.05
4049,Mia Khan,mia.khan.4049@mail.example.com,Italy,2025-01-26,Standard,70.80
4050,Arjun Singh,arjun.singh.4050@customer.co,Germany,2022-01-06,Basic,99.16
4051,Chen Mueller,chen.mueller.4051@customer.co,Canada,2021-01-25,Basic,227.81
4052,Ethan Brown,ethan.brown.4052@inbox.net,Canada,2018-08-05,Standard,277.00
4053,James Brown,james.brown.4053@shopmail.io,India,2021-05-04,Premium,514.25
4054,Olivia Brown,olivia.brown.4054@customer.co,France,2023-07-29,Premium,451.00
4055,Emma Rossi,emma.rossi.4055@customer.co,India,2018-03-26,Standard,136.40
4056,Ethan Patel,ethan.patel.4056@customer.co,France,2024-10-06,Premium,89.39
4057,Noah Smith,noah.smith.4057@shopmail.io,Germany,2025-02-02,Premium,197.96
4058,Lucas Mueller,lucas.mueller.4058@shopmail.io,Australia,2025-06-30,Standard,222.40
4059,Mia Khan,mia.khan.4059@inbox.net,United States,2020-06-10,Premium,235.18
4060,Chen Nguyen,chen.nguyen.4060@customer.co,France,2025-07-23,Premium,1453.89
4061,Priya Rossi,priya.rossi.4061@shopmail.io,Netherlands,2024-03-30,Standard,554.65
4062,Ethan Nguyen,ethan.nguyen.4062@inbox.net,Italy,2020-12-19,Premium,677.07
4063,Ethan Brown,ethan.brown.4063@customer.co,Italy,2021-12-21,Basic,80.17
4064,Arjun Singh,arjun.singh.4064@shopmail.io,United Kingdom,2023-07-13,Basic,456.67
4065,Lucas Wilson,lucas.wilson.4065@shopmail.io,Netherlands,2019-03-13,Standard,611.84
4066,Olivia Kim,olivia.kim.4066@mail.example.com,Germany,2020-05-23,Premium,52.69
4067,Ethan Kim,ethan.kim.4067@inbox.net,United Kingdom,2023-03-06,Standard,317.71
4068,Noah Dubois,noah.dubois.4068@customer.co,United States,2021-02-13,Basic,842.95
4069,Lucas Dubois,lucas.dubois.4069@shopmail.io,Spain,2022-03-28,Standard,314.05
4070,Aisha Taylor,aisha.taylor.4070@shopmail.io,United States,2023-05-08,Premium,438.63
4071,Isabella Lee,isabella.lee.4071@shopmail.io,Spain,2019-07-07,Standard,385.33
4072,Emma Khan,emma.khan.4072@customer.co,Germany,2020-04-24,Basic,197.99
4073,Ethan Kim,ethan.kim.4073@inbox.net,France,2019-06-30,Standard,87.47
4074,Lucas Singh,lucas.singh.4074@shopmail.io,United Kingdom,2021-11-12,Standard,125.20
4075,Maria Smith,maria.smith.4075@shopmail.io,United Kingdom,2020-11-20,Premium,176.89
4076,Aisha Dubois,aisha.dubois.4076@inbox.net,Australia,2020-06-06,Standard,488.02
4077,Arjun Singh,arjun.singh.4077@mail.example.com,United States,2021-12-29,Premium,702.95
4078,Chen Smith,chen.smith.4078@inbox.net,France,2018-05-05,Standard,267.01
4079,Priya Khan,priya.khan.4079@shopmail.io,France,2023-03-29,Standard,170.14
4080,Emma Wilson,emma.wilson.4080@mail.example.com,Canada,2023-10-20,Basic,511.17
4081,Sofia Smith,sofia.smith.4081@inbox.net,Australia,2024-10-20,Basic,781.95
4082,Priya Wilson,priya.wilson.4082@mail.example.com,Netherlands,2019-09-10,Basic,260.26
4083,Chen Smith,chen.smith.4083@shopmail.io,United Kingdom,2023-11-10,Standard,296.62
4084,Ethan Wilson,ethan.wilson.4084@customer.co,Italy,2022-08-21,Basic,169.12
4085,Isabella Smith,isabella.smith.4085@inbox.net,Australia,2019-04-16,Premium,747.33
4086,Emma Nguyen,emma.nguyen.4086@shopmail.io,United States,2024-03-06,Standard,300.99
4087,Olivia Taylor,olivia.taylor.4087@inbox.net,Australia,2018-02-18,Premium,2594.05
4088,Chen Khan,chen.khan.4088@mail.example.com,United States,2022-12-23,Basic,125.66
4089,Olivia Lee,olivia.lee.4089@inbox.net,Australia,2021-10-27,Standard,241.42
4090,Priya Taylor,priya.taylor.4090@customer.co,United States,2021-04-30,Standard,274.25
4091,Ethan Wilson,ethan.wilson.4091@inbox.net,Italy,2021-04-08,Basic,135.44
4092,Priya Brown,priya.brown.4092@customer.co,United Kingdom,2024-01-22,Premium,112.81
4093,Mia Patel,mia.patel.4093@shopmail.io,Spain,2021-01-12,Standard,320.91
4094,Isabella Lee,isabella.lee.4094@mail.example.com,Netherlands,2022-05-01,Standard,140.90
4095,Liam Lee,liam.lee.4095@customer.co,United Kingdom,2022-10-10,Premium,28.45
4096,Isabella Dubois,isabella.dubois.4096@inbox.net,Spain,2025-08-12,Basic,26.39
4097,Olivia Lee,olivia.lee.4097@customer.co,Spain,2021-07-12,Basic,195.21
4098,Emma Mueller,emma.mueller.4098@inbox.net,Netherlands,2025-03-10,Standard,114.37
4099,Chen Brown,chen.brown.4099@shopmail.io,Italy,2023-01-18,Standard,88.72
4100,Olivia Rossi,olivia.rossi.4100@mail.example.com,Germany,2021-02-15,Basic,117.03
4101,Ethan Kim,ethan.kim.4101@shopmail.io,Canada,2020-10-08,Basic,134.65
4102,Mia Singh,mia.singh.4102@inbox.net,Australia,2022-06-02,Standard,130.81
4103,Isabella Rossi,isabella.rossi.4103@shopmail.io,United States,2020-06-22,Premium,179.87
4104,Priya Martin,priya.martin.4104@customer.co,India,2023-06-05,Premium,376.10
4105,Chen Patel,chen.patel.4105@customer.co,Italy,2019-04-17,Premium,497.64
4106,Sofia Kim,sofia.kim.4106@inbox.net,India,2018-03-22,Premium,163.06
4107,James Rossi,james.rossi.4107@mail.example.com,France,2018-05-07,Standard,420.98
4108,Aisha Dubois,aisha.dubois.4108@customer.co,France,2019-05-28,Basic,93.65
4109,Ethan Taylor,ethan.taylor.4109@inbox.net,Netherlands,2018-04-24,Standard,486.47
4110,Lucas Singh,lucas.singh.4110@customer.co,India,2019-02-11,Basic,220.55
4111,Arjun Mueller,arjun.mueller.4111@mail.example.com,Canada,2024-08-18,Basic,131.04
4112,Maria Martin,maria.martin.4112@customer.co,France,2022-05-07,Basic,239.03
4113,Olivia Singh,olivia.singh.4113@inbox.net,France,2023-08-26,Premium,1479.15
4114,Mia Martin,mia.martin.4114@inbox.net,Canada,2018-01-26,Standard,168.36
4115,Lucas Nguyen,lucas.nguyen.4115@inbox.net,United Kingdom,2023-11-15,Standard,173.27
4116,Chen Mueller,chen.mueller.4116@customer.co,Germany,2023-06-27,Basic,381.79
4117,Olivia Nguyen,olivia.nguyen.4117@inbox.net,Germany,2022-09-10,Basic,309.21
4118,Aisha Martin,aisha.martin.4118@shopmail.io,Germany,2020-04-19,Standard,272.49
4119,Lucas Kim,lucas.kim.4119@shopmail.io,United Kingdom,2021-07-10,Standard,440.46
4120,Ethan Khan,ethan.khan.4120@shopmail.io,Germany,2025-06-03,Premium,181.12
4121,Lucas Smith,lucas.smith.4121@customer.co,India,2023-02-01,Standard,129.36
4122,Mia Khan,mia.khan.4122@customer.co,United Kingdom,2023-03-19,Standard,82.45
4123,Priya Martin,priya.martin.4123@mail.example.com,United Kingdom,2022-07-05,Standard,367.48
4124,Priya Wilson,priya.wilson.4124@inbox.net,Netherlands,2022-06-25,Basic,146.68
4125,Mia Nguyen,mia.nguyen.4125@customer.co,Netherlands,2022-06-03,Basic,399.37
4126,James Taylor,james.taylor.4126@customer.co,Australia,2020-01-28,Standard,101.85
4127,Maria Singh,maria.singh.4127@inbox.net,Spain,2019-07-05,Standard,112.85
4128,Ethan Taylor,ethan.taylor.4128@shopmail.io,United States,2022-11-01,Standard,167.20
4129,Maria Lee,maria.lee.4129@shopmail.io,Italy,2024-01-06,Standard,200.80
4130,Emma Khan,emma.khan.4130@customer.co,United States,2018-09-10,Standard,347.61
4131,Noah Khan,noah.khan.4131@inbox.net,France,2024-07-20,Standard,35.86
4132,James Kim,james.kim.4132@mail.example.com,France,2018-12-31,Premium,481.70
4133,Olivia Martin,olivia.martin.4133@shopmail.io,United States,2018-11-20,Premium,598.79
4134,Maria Dubois,maria.dubois.4134@mail.example.com,India,2021-12-19,Premium,486.25
4135,Liam Taylor,liam.taylor.4135@customer.co,Germany,2021-03-31,Standard,159.34
4136,Sofia Garcia,sofia.garcia.4136@customer.co,Australia,2023-02-06,Standard,83.34
4137,Lucas Taylor,lucas.taylor.4137@shopmail.io,Spain,2023-02-12,Standard,83.78
4138,Lucas Dubois,lucas.dubois.4138@inbox.net,India,2024-12-04,Premium,141.89
4139,Noah Dubois,noah.dubois.4139@customer.co,Spain,2022-11-27,Standard,330.57
4140,Priya Mueller,priya.mueller.4140@mail.example.com,United Kingdom,2024-09-23,Premium,115.84
4141,Ethan Martin,ethan.martin.4141@inbox.net,Italy,2021-06-09,Standard,354.32
4142,Priya Singh,priya.singh.4142@inbox.net,Spain,2021-03-09,Standard,1107.58
4143,Chen Brown,chen.brown.4143@inbox.net,France,2022-11-14,Standard,197.42
4144,Emma Rossi,emma.rossi.4144@mail.example.com,Italy,2018-08-27,Basic,578.17
4145,Priya Khan,priya.khan.4145@shopmail.io,United States,2020-02-09,Basic,97.66
4146,Olivia Lee,olivia.lee.4146@mail.example.com,Italy,2018-06-19,Standard,1650.18
4147,Priya Mueller,priya.mueller.4147@customer.co,Canada,2022-09-05,Basic,408.95
4148,Lucas Garcia,lucas.garcia.4148@inbox.net,France,2025-02-02,Premium,105.61
4149,Isabella Kim,isabella.kim.4149@shopmail.io,Canada,2020-02-12,Standard,684.95
4150,Lucas Garcia,lucas.garcia.4150@mail.example.com,Canada,2018-03-01,Standard,116.27
4151,Aisha Smith,aisha.smith.4151@customer.co,United Kingdom,2025-07-17,Standard,322.64
4152,Liam Dubois,liam.dubois.4152@customer.co,France,2021-11-20,Premium,123.10
4153,James Singh,james.singh.4153@shopmail.io,Germany,2023-10-13,Standard,413.28
4154,James Wilson,james.wilson.4154@inbox.net,United States,2019-07-27,Standard,981.45
4155,Liam Mueller,liam.mueller.4155@mail.example.com,Italy,2018-02-19,Premium,510.84
4156,Emma Singh,emma.singh.4156@customer.co,France,2019-06-14,Premium,271.19
4157,Isabella Wilson,isabella.wilson.4157@inbox.net,Australia,2021-11-06,Standard,307.42
4158,Liam Singh,liam.singh.4158@inbox.net,France,2021-10-14,Standard,209.76
4159,Sofia Mueller,sofia.mueller.4159@mail.example.com,Germany,2022-05-15,Standard,88.69
4160,Noah Brown,noah.brown.4160@shopmail.io,Italy,2019-06-07,Premium,499.33
4161,Ethan Mueller,ethan.mueller.4161@mail.example.com,Australia,2018-08-30,Premium,1339.83
4162,Mia Lee,mia.lee.4162@mail.example.com,India,2019-10-08,Premium,147.33
4163,Emma Rossi,emma.rossi.4163@customer.co,Spain,2020-01-12,Basic,281.58
4164,Mia Mueller,mia.mueller.4164@mail.example.com,Germany,2024-10-05,Basic,233.47
4165,Arjun Rossi,arjun.rossi.4165@inbox.net,Australia,2024-09-21,Basic,327.27
4166,Aisha Rossi,aisha.rossi.4166@mail.example.com,Canada,2020-01-11,Standard,172.36
4167,Maria Khan,maria.khan.4167@shopmail.io,United States,2022-05-23,Basic,175.89
4168,Arjun Lee,arjun.lee.4168@mail.example.com,Canada,2020-10-26,Basic,188.05
4169,Aisha Brown,aisha.brown.4169@customer.co,France,2019-10-19,Standard,143.66
4170,Lucas Khan,lucas.khan.4170@customer.co,Germany,2019-10-03,Standard,652.75
4171,Lucas Khan,lucas.khan.4171@inbox.net,Germany,2019-11-08,Basic,530.09
4172,Mia Dubois,mia.dubois.4172@customer.co,Germany,2023-03-07,Basic,184.90
4173,Olivia Smith,olivia.smith.4173@inbox.net,Spain,2021-08-02,Basic,266.38
4174,Priya Singh,priya.singh.4174@customer.co,France,2018-06-11,Premium,292.47
4175,James Smith,james.smith.4175@shopmail.io,Germany,2021-11-02,Standard,1261.00
4176,Olivia Martin,olivia.martin.4176@inbox.net,Australia,2021-03-07,Basic,358.05
4177,Noah Nguyen,noah.nguyen.4177@customer.co,Netherlands,2025-05-03,Standard,131.09
4178,James Kim,james.kim.4178@shopmail.io,Germany,2021-03-21,Standard,772.38
4179,Arjun Brown,arjun.brown.4179@inbox.net,Spain,2021-03-13,Standard,1283.44
4180,Arjun Khan,arjun.khan.4180@shopmail.io,Australia,2019-05-11,Premium,152.38
4181,Emma Nguyen,emma.nguyen.4181@inbox.net,India,2024-05-19,Standard,103.24
4182,Priya Brown,priya.brown.4182@inbox.net,Australia,2022-08-14,Standard,483.38
4183,James Smith,james.smith.4183@shopmail.io,France,2023-01-08,Basic,564.31
4184,Lucas Nguyen,lucas.nguyen.4184@customer.co,Spain,2020-11-15,Premium,286.40
4185,Priya Garcia,priya.garcia.4185@shopmail.io,Australia,2019-01-15,Premium,272.48
4186,Lucas Mueller,lucas.mueller.4186@customer.co,France,2023-01-31,Standard,228.89
4187,Priya Garcia,priya.garcia.4187@mail.example.com,Canada,2019-08-13,Standard,210.87
4188,Mia Brown,mia.brown.4188@shopmail.io,Netherlands,2019-09-28,Standard,224.78
4189,Chen Rossi,chen.rossi.4189@shopmail.io,Australia,2025-02-27,Standard,62.46
4190,Isabella Garcia,isabella.garcia.4190@customer.co,United States,2018-12-23,Standard,72.71
4191,Lucas Lee,lucas.lee.4191@shopmail.io,Spain,2020-12-02,Standard,974.69
4192,James Singh,james.singh.4192@customer.co,France,2024-10-07,Basic,507.91
4193,James Dubois,james.dubois.4193@customer.co,Netherlands,2022-07-09,Standard,261.67
4194,Emma Lee,emma.lee.4194@inbox.net,India,2022-05-26,Standard,247.52
4195,Noah Rossi,noah.rossi.4195@mail.example.com,Italy,2025-02-08,Standard,284.20
4196,Liam Kim,liam.kim.4196@customer.co,United States,2023-12-09,Standard,260.59
4197,Sofia Nguyen,sofia.nguyen.4197@shopmail.io,Italy,2023-05-07,Standard,131.58
4198,Isabella Garcia,isabella.garcia.4198@shopmail.io,Germany,2021-09-03,Standard,446.30
4199,Emma Martin,emma.martin.4199@customer.co,India,2024-01-23,Basic,233.84
4200,Arjun Martin,arjun.martin.4200@shopmail.io,France,2025-07-15,Standard,375.51
4201,Priya Kim,priya.kim.4201@mail.example.com,Australia,2019-02-15,Standard,208.81
4202,Mia Mueller,mia.mueller.4202@mail.example.com,India,2023-10-04,Standard,352.91
4203,Noah Garcia,noah.garcia.4203@inbox.net,Italy,2019-11-25,Standard,322.80
4204,Liam Mueller,liam.mueller.4204@customer.co,United Kingdom,2023-11-01,Standard,727.49
4205,Noah Rossi,noah.rossi.4205@customer.co,Canada,2018-07-12,Basic,216.03
4206,Arjun Taylor,arjun.taylor.4206@mail.example.com,Spain,2020-10-11,Basic,82.68
4207,Olivia Smith,olivia.smith.4207@inbox.net,India,2024-07-26,Premium,279.91
4208,Maria Khan,maria.khan.4208@shopmail.io,Italy,2024-03-07,Premium,240.72
4209,Isabella Smith,isabella.smith.4209@mail.example.com,United Kingdom,2022-04-29,Premium,324.61
4210,Aisha Patel,aisha.patel.4210@shopmail.io,France,2024-07-03,Standard,202.70
4211,Maria Nguyen,maria.nguyen.4211@inbox.net,France,2025-08-12,Premium,118.21
4212,Maria Mueller,maria.mueller.4212@shopmail.io,Netherlands,2018-07-06,Basic,286.07
4213,Chen Kim,chen.kim.4213@shopmail.io,United States,2019-04-06,Premium,307.00
4214,Chen Rossi,chen.rossi.4214@inbox.net,Netherlands,2025-02-16,Standard,86.56
4215,Sofia Brown,sofia.brown.4215@mail.example.com,Netherlands,2022-03-21,Basic,591.37
4216,Arjun Nguyen,arjun.nguyen.4216@customer.co,Spain,2020-09-03,Basic,129.87
4217,Liam Kim,liam.kim.4217@mail.example.com,Australia,2018-10-25,Basic,260.81
4218,Sofia Mueller,sofia.mueller.4218@mail.example.com,Netherlands,2025-01-09,Basic,121.02
4219,James Dubois,james.dubois.4219@inbox.net,Germany,2023-12-24,Basic,263.16
4220,Chen Dubois,chen.dubois.4220@mail.example.com,Germany,2020-04-19,Premium,81.75
4221,Chen Patel,chen.patel.4221@mail.example.com,Spain,2020-08-14,Standard,143.60
4222,Chen Lee,chen.lee.4222@inbox.net,Germany,2022-01-18,Basic,120.08
4223,Chen Lee,chen.lee.4223@customer.co,Canada,2019-11-10,Basic,95.01
4224,Olivia Dubois,olivia.dubois.4224@mail.example.com,United Kingdom,2018-12-08,Basic,116.32
4225,Noah Singh,noah.singh.4225@inbox.net,Spain,2022-08-13,Standard,95.88
4226,Lucas Garcia,lucas.garcia.4226@customer.co,Germany,2022-11-06,Basic,153.73
4227,Emma Kim,emma.kim.4227@customer.co,France,2025-03-09,Basic,273.11
4228,Arjun Smith,arjun.smith.4228@shopmail.io,United Kingdom,2024-10-27,Standard,355.35
4229,Olivia Mueller,olivia.mueller.4229@inbox.net,Australia,2021-08-02,Basic,97.77
4230,James Taylor,james.taylor.4230@inbox.net,Netherlands,2023-01-04,Standard,141.67
4231,James Kim,james.kim.4231@inbox.net,United States,2018-01-29,Basic,247.21
4232,Olivia Lee,olivia.lee.4232@mail.example.com,Australia,2023-09-20,Basic,158.70
4233,Aisha Nguyen,aisha.nguyen.4233@inbox.net,Italy,2022-12-19,Standard,658.78
4234,Aisha Dubois,aisha.dubois.4234@mail.example.com,Spain,2020-08-25,Basic,285.12
4235,Chen Smith,chen.smith.4235@inbox.net,France,2022-04-20,Standard,446.67
4236,Olivia Smith,olivia.smith.4236@mail.example.com,Germany,2021-05-25,Premium,289.61
4237,James Brown,james.brown.4237@customer.co,Netherlands,2018-11-15,Standard,79.72
4238,Lucas Patel,lucas.patel.4238@customer.co,Netherlands,2024-05-10,Standard,335.98
4239,Noah Dubois,noah.dubois.4239@mail.example.com,Germany,2020-11-08,Standard,208.29
4240,Arjun Smith,arjun.smith.4240@customer.co,Spain,2018-11-25,Standard,306.62
4241,Aisha Taylor,aisha.taylor.4241@mail.example.com,United Kingdom,2021-01-28,Basic,262.15
4242,Arjun Dubois,arjun.dubois.4242@inbox.net,Netherlands,2022-12-04,Standard,130.89
4243,Noah Dubois,noah.dubois.4243@inbox.net,United States,2019-01-30,Premium,431.91
4244,Emma Smith,emma.smith.4244@customer.co,Australia,2018-11-04,Standard,504.62
4245,Mia Dubois,mia.dubois.4245@customer.co,Australia,2020-07-31,Standard,407.68
4246,Liam Singh,liam.singh.4246@shopmail.io,Australia,2020-02-16,Standard,103.61
4247,Lucas Garcia,lucas.garcia.4247@shopmail.io,Spain,2021-01-01,Premium,1181.17
4248,Olivia Rossi,olivia.rossi.4248@inbox.net,Germany,2023-02-22,Standard,450.07
4249,Chen Rossi,chen.rossi.4249@customer.co,Netherlands,2025-01-12,Standard,537.01
4250,James Garcia,james.garcia.4250@inbox.net,India,2020-03-11,Basic,351.87
4251,Lucas Rossi,lucas.rossi.4251@customer.co,Canada,2019-07-09,Basic,159.64
4252,Priya Singh,priya.singh.4252@inbox.net,Australia,2019-06-21,Standard,274.61
4253,Lucas Kim,lucas.kim.4253@inbox.net,India,2019-11-12,Standard,287.98
4254,Isabella Garcia,isabella.garcia.4254@customer.co,United States,2022-05-19,Standard,149.63
4255,Priya Garcia,priya.garcia.4255@shopmail.io,Canada,2018-08-31,Premium,95.31
4256,Maria Mueller,maria.mueller.4256@shopmail.io,Canada,2021-11-07,Standard,109.43
4257,Chen Wilson,chen.wilson.4257@inbox.net,Germany,2020-06-08,Standard,124.30
4258,Aisha Nguyen,aisha.nguyen.4258@customer.co,United Kingdom,2025-04-26,Standard,163.15
4259,Liam Kim,liam.kim.4259@mail.example.com,United Kingdom,2023-03-29,Standard,174.65
4260,Sofia Mueller,sofia.mueller.4260@shopmail.io,United Kingdom,2025-01-31,Basic,128.83
4261,Olivia Taylor,olivia.taylor.4261@customer.co,India,2020-08-31,Basic,75.65
4262,Olivia Patel,olivia.patel.4262@mail.example.com,India,2021-01-23,Basic,51.78
4263,Isabella Singh,isabella.singh.4263@inbox.net,Canada,2019-12-31,Standard,134.49
4264,Ethan Rossi,ethan.rossi.4264@shopmail.io,Italy,2024-12-07,Basic,220.99
4265,Olivia Dubois,olivia.dubois.4265@mail.example.com,Australia,2020-09-09,Standard,569.41
4266,Arjun Smith,arjun.smith.4266@customer.co,United Kingdom,2023-12-07,Premium,183.72
4267,Aisha Wilson,aisha.wilson.4267@shopmail.io,United States,2021-10-23,Standard,463.94
4268,Emma Wilson,emma.wilson.4268@shopmail.io,United Kingdom,2018-04-16,Basic,125.57
4269,Lucas Taylor,lucas.taylor.4269@inbox.net,Spain,2025-03-06,Premium,506.93
4270,Priya Wilson,priya.wilson.4270@mail.example.com,United Kingdom,2021-01-05,Basic,585.73
4271,Priya Brown,priya.brown.4271@inbox.net,United Kingdom,2018-04-19,Premium,160.11
4272,Noah Khan,noah.khan.4272@inbox.net,Canada,2024-10-22,Basic,307.79
4273,Maria Dubois,maria.dubois.4273@inbox.net,Italy,2025-01-19,Basic,1825.20
4274,James Brown,james.brown.4274@customer.co,Netherlands,2018-12-09,Standard,123.18
4275,Sofia Rossi,sofia.rossi.4275@mail.example.com,Germany,2020-02-22,Premium,128.39
4276,Maria Brown,maria.brown.4276@shopmail.io,Germany,2019-04-08,Premium,325.10
4277,Mia Garcia,mia.garcia.4277@customer.co,Germany,2022-03-04,Premium,208.01
4278,James Wilson,james.wilson.4278@inbox.net,Spain,2020-12-06,Standard,193.90
4279,Chen Smith,chen.smith.4279@customer.co,Canada,2019-07-13,Basic,324.78
4280,Liam Brown,liam.brown.4280@shopmail.io,France,2023-12-25,Premium,198.06
4281,Mia Brown,mia.brown.4281@customer.co,Italy,2024-09-22,Premium,52.72
4282,Liam Singh,liam.singh.4282@shopmail.io,Netherlands,2024-10-29,Basic,505.03
4283,Olivia Garcia,olivia.garcia.4283@inbox.net,Italy,2023-04-06,Standard,95.26
4284,Priya Wilson,priya.wilson.4284@inbox.net,Netherlands,2022-11-15,Standard,324.63
4285,James Singh,james.singh.4285@shopmail.io,Italy,2021-01-21,Standard,292.90
4286,Lucas Lee,lucas.lee.4286@shopmail.io,Italy,2018-08-17,Standard,81.11
4287,Aisha Nguyen,aisha.nguyen.4287@shopmail.io,Spain,2021-12-27,Basic,222.86
4288,Isabella Taylor,isabella.taylor.4288@inbox.net,France,2022-01-03,Standard,220.58
4289,Liam Lee,liam.lee.4289@shopmail.io,United Kingdom,2018-08-22,Standard,216.44
4290,Maria Taylor,maria.taylor.4290@inbox.net,Canada,2025-05-08,Standard,155.91
4291,Liam Dubois,liam.dubois.4291@customer.co,United States,2023-08-18,Premium,514.54
4292,Sofia Khan,sofia.khan.4292@shopmail.io,Australia,2019-10-08,Standard,132.48
4293,Isabella Mueller,isabella.mueller.4293@customer.co,United States,2023-01-06,Standard,227.30
4294,Lucas Dubois,lucas.dubois.4294@customer.co,Netherlands,2020-07-04,Standard,361.91
4295,Emma Dubois,emma.dubois.4295@customer.co,Germany,2021-09-14,Basic,340.16
4296,Maria Garcia,maria.garcia.4296@customer.co,India,2023-02-19,Premium,68.51
4297,Isabella Rossi,isabella.rossi.4297@shopmail.io,Netherlands,2024-08-09,Basic,1549.18
4298,Isabella Lee,isabella.lee.4298@inbox.net,Australia,2019-10-26,Basic,357.88
4299,Aisha Khan,aisha.khan.4299@mail.example.com,Germany,2018-09-04,Standard,240.91
4300,Arjun Kim,arjun.kim.4300@mail.example.com,United States,2024-04-13,Standard,194.59
4301,Liam Khan,liam.khan.4301@shopmail.io,Canada,2019-08-11,Premium,271.83
4302,Noah Rossi,noah.rossi.4302@customer.co,United Kingdom,2020-04-06,Basic,230.21
4303,Priya Rossi,priya.rossi.4303@shopmail.io,Italy,2021-03-10,Basic,194.84
4304,Noah Patel,noah.patel.4304@mail.example.com,Canada,2018-09-01,Standard,823.68
4305,Olivia Nguyen,olivia.nguyen.4305@customer.co,India,2018-11-09,Premium,203.18
4306,Maria Taylor,maria.taylor.4306@shopmail.io,Spain,2020-01-06,Standard,255.51
4307,Priya Brown,priya.brown.4307@mail.example.com,Canada,2019-02-24,Basic,141.62
4308,Lucas Rossi,lucas.rossi.4308@customer.co,Canada,2021-02-26,Premium,420.61
4309,Maria Taylor,maria.taylor.4309@inbox.net,United States,2025-06-16,Standard,91.04
4310,Chen Lee,chen.lee.4310@shopmail.io,Netherlands,2024-03-16,Premium,292.88
4311,Olivia Smith,olivia.smith.4311@shopmail.io,India,2023-06-12,Basic,320.80
4312,Lucas Martin,lucas.martin.4312@inbox.net,Netherlands,2020-09-10,Basic,243.87
4313,Arjun Brown,arjun.brown.4313@customer.co,Australia,2021-05-08,Standard,665.93
4314,Sofia Rossi,sofia.rossi.4314@customer.co,France,2022-01-07,Basic,248.42
4315,Isabella Martin,isabella.martin.4315@customer.co,Australia,2020-04-21,Basic,199.57
4316,Aisha Wilson,aisha.wilson.4316@shopmail.io,France,2020-02-12,Premium,469.73
4317,Priya Dubois,priya.dubois.4317@mail.example.com,Canada,2025-05-06,Premium,118.40
4318,Olivia Nguyen,olivia.nguyen.4318@shopmail.io,India,2020-10-22,Standard,508.58
4319,James Brown,james.brown.4319@customer.co,United Kingdom,2021-05-01,Premium,182.87
4320,Liam Wilson,liam.wilson.4320@inbox.net,Canada,2024-04-22,Standard,222.10
4321,Aisha Martin,aisha.martin.4321@inbox.net,France,2018-08-12,Basic,366.44
4322,Chen Rossi,chen.rossi.4322@inbox.net,Germany,2021-11-13,Standard,215.09
4323,Chen Lee,chen.lee.4323@customer.co,Spain,2024-12-14,Premium,38.92
4324,Aisha Singh,aisha.singh.4324@shopmail.io,Spain,2020-12-19,Standard,104.41
4325,Olivia Khan,olivia.khan.4325@customer.co,Italy,2022-01-07,Standard,920.14
4326,Maria Brown,maria.brown.4326@customer.co,Australia,2022-06-01,Standard,141.72
4327,Priya Mueller,priya.mueller.4327@shopmail.io,France,2024-07-20,Basic,164.35
4328,James Smith,james.smith.4328@customer.co,Canada,2023-07-16,Standard,169.09
4329,Mia Smith,mia.smith.4329@inbox.net,Italy,2021-11-20,Basic,246.03
4330,Isabella Smith,isabella.smith.4330@mail.example.com,Italy,2025-08-13,Premium,367.38
4331,Isabella Kim,isabella.kim.4331@customer.co,United States,2019-06-10,Standard,62.40
4332,Mia Taylor,mia.taylor.4332@mail.example.com,Netherlands,2020-09-15,Standard,373.56
4333,Liam Martin,liam.martin.4333@inbox.net,United Kingdom,2020-06-26,Basic,106.22
4334,Priya Mueller,priya.mueller.4334@mail.example.com,India,2021-01-03,Premium,233.80
4335,Sofia Singh,sofia.singh.4335@shopmail.io,Spain,2025-06-23,Standard,124.45
4336,Arjun Kim,arjun.kim.4336@inbox.net,Spain,2021-10-18,Basic,1048.08
4337,Mia Patel,mia.patel.4337@inbox.net,Spain,2023-09-13,Basic,375.48
4338,Maria Nguyen,maria.nguyen.4338@customer.co,India,2025-08-06,Standard,212.21
4339,Noah Patel,noah.patel.4339@shopmail.io,India,2020-10-24,Basic,285.87
4340,Noah Lee,noah.lee.4340@mail.example.com,India,2019-04-23,Premium,284.21
4341,Arjun Dubois,arjun.dubois.4341@shopmail.io,Germany,2019-06-24,Premium,133.77
4342,Liam Dubois,liam.dubois.4342@shopmail.io,United Kingdom,2019-08-19,Standard,192.10
4343,Priya Martin,priya.martin.4343@customer.co,Spain,2022-05-08,Standard,446.00
4344,Ethan Singh,ethan.singh.4344@inbox.net,France,2018-12-16,Standard,265.57
4345,Ethan Brown,ethan.brown.4345@shopmail.io,India,2024-05-26,Basic,309.65
4346,Mia Wilson,mia.wilson.4346@mail.example.com,India,2020-10-22,Basic,124.94
4347,Chen Kim,chen.kim.4347@inbox.net,Italy,2018-02-10,Premium,89.41
4348,Maria Singh,maria.singh.4348@mail.example.com,Spain,2022-01-26,Standard,472.19
4349,Priya Nguyen,priya.nguyen.4349@shopmail.io,Germany,2020-02-29,Standard,187.86
4350,James Brown,james.brown.4350@customer.co,Netherlands,2023-02-06,Premium,212.05
4351,Sofia Brown,sofia.brown.4351@customer.co,United Kingdom,2018-01-08,Standard,70.99
4352,Isabella Mueller,isabella.mueller.4352@shopmail.io,Germany,2023-04-05,Basic,1211.58
4353,Aisha Smith,aisha.smith.4353@inbox.net,France,2021-08-23,Standard,109.39
4354,Chen Lee,chen.lee.4354@shopmail.io,United States,2020-09-21,Basic,66.83
4355,Arjun Taylor,arjun.taylor.4355@customer.co,Spain,2025-06-21,Premium,569.99
4356,Noah Garcia,noah.garcia.4356@mail.example.com,United Kingdom,2019-01-20,Standard,272.23
4357,Priya Dubois,priya.dubois.4357@mail.example.com,France,2025-02-24,Premium,480.31
4358,Noah Brown,noah.brown.4358@customer.co,Netherlands,2019-12-19,Standard,84.16
4359,Olivia Patel,olivia.patel.4359@customer.co,United States,2020-02-28,Standard,149.64
4360,Aisha Lee,aisha.lee.4360@mail.example.com,France,2023-07-03,Standard,334.23
4361,Sofia Kim,sofia.kim.4361@mail.example.com,France,2019-09-29,Standard,531.24
4362,Lucas Mueller,lucas.mueller.4362@customer.co,India,2023-01-24,Basic,46.93
4363,Arjun Patel,arjun.patel.4363@shopmail.io,United States,2022-02-21,Standard,76.77
4364,Noah Taylor,noah.taylor.4364@customer.co,Spain,2024-10-08,Standard,207.47
4365,Maria Taylor,maria.taylor.4365@shopmail.io,Spain,2023-08-22,Standard,682.28
4366,Mia Garcia,mia.garcia.4366@inbox.net,Netherlands,2022-08-22,Basic,69.38
4367,Liam Rossi,liam.rossi.4367@customer.co,Netherlands,2022-08-23,Premium,210.60
4368,Arjun Nguyen,arjun.nguyen.4368@shopmail.io,India,2019-03-21,Premium,474.53
4369,Arjun Rossi,arjun.rossi.4369@mail.example.com,Germany,2024-04-23,Standard,511.27
4370,Liam Taylor,liam.taylor.4370@customer.co,Australia,2023-02-20,Basic,286.25
4371,Emma Wilson,emma.wilson.4371@shopmail.io,Spain,2024-01-05,Basic,199.17
4372,Arjun Brown,arjun.brown.4372@mail.example.com,Italy,2019-01-06,Standard,91.39
4373,Lucas Nguyen,lucas.nguyen.4373@shopmail.io,Germany,2020-05-03,Standard,799.99
4374,Ethan Martin,ethan.martin.4374@shopmail.io,India,2018-03-04,Standard,995.21
4375,Mia Patel,mia.patel.4375@inbox.net,United States,2022-08-28,Standard,172.56
4376,Noah Patel,noah.patel.4376@mail.example.com,Spain,2023-07-12,Standard,179.84
4377,Olivia Smith,olivia.smith.4377@mail.example.com,United Kingdom,2019-10-09,Basic,467.44
4378,James Khan,james.khan.4378@inbox.net,India,2020-06-19,Basic,319.80
4379,Emma Garcia,emma.garcia.4379@customer.co,Canada,2023-08-24,Basic,116.53
4380,Aisha Dubois,aisha.dubois.4380@mail.example.com,Australia,2022-07-20,Standard,387.10
4381,Priya Wilson,priya.wilson.4381@inbox.net,Netherlands,2018-05-20,Standard,778.18
4382,Sofia Mueller,sofia.mueller.4382@mail.example.com,India,2020-10-26,Standard,206.45
4383,Lucas Rossi,lucas.rossi.4383@inbox.net,France,2025-05-31,Premium,141.41
4384,James Khan,james.khan.4384@mail.example.com,United States,2019-10-21,Standard,753.43
4385,Sofia Kim,sofia.kim.4385@shopmail.io,India,2022-09-15,Basic,72.54
4386,Chen Nguyen,chen.nguyen.4386@mail.example.com,United States,2024-04-27,Standard,241.53
4387,Sofia Taylor,sofia.taylor.4387@customer.co,Italy,2023-03-28,Premium,177.28
4388,Isabella Martin,isabella.martin.4388@customer.co,Canada,2022-05-27,Premium,708.03
4389,Emma Dubois,emma.dubois.4389@inbox.net,Canada,2020-09-26,Basic,143.64
4390,Arjun Brown,arjun.brown.4390@mail.example.com,Spain,2024-10-11,Basic,103.24
4391,Liam Patel,liam.patel.4391@inbox.net,Netherlands,2018-10-05,Standard,284.20
4392,Olivia Kim,olivia.kim.4392@shopmail.io,Australia,2025-01-25,Premium,264.11
4393,Maria Patel,maria.patel.4393@shopmail.io,Australia,2024-09-28,Premium,1222.66
4394,Liam Wilson,liam.wilson.4394@customer.co,United Kingdom,2020-01-14,Basic,278.13
4395,Sofia Rossi,sofia.rossi.4395@mail.example.com,France,2019-07-26,Standard,635.41
4396,Aisha Taylor,aisha.taylor.4396@inbox.net,India,2022-10-29,Standard,216.25
4397,James Lee,james.lee.4397@customer.co,United Kingdom,2020-04-07,Standard,45.23
4398,Isabella Wilson,isabella.wilson.4398@inbox.net,Spain,2020-06-11,Standard,389.55
4399,Olivia Singh,olivia.singh.4399@mail.example.com,Spain,2019-02-14,Standard,477.18
4400,Olivia Kim,olivia.kim.4400@inbox.net,United States,2020-01-09,Standard,453.17
4401,Noah Khan,noah.khan.4401@inbox.net,United Kingdom,2021-11-27,Standard,273.08
4402,Mia Mueller,mia.mueller.4402@shopmail.io,United Kingdom,2018-11-15,Standard,264.85
4403,Arjun Singh,arjun.singh.4403@inbox.net,India,2023-01-27,Standard,82.89
4404,Emma Patel,emma.patel.4404@shopmail.io,United States,2020-07-21,Standard,647.25
4405,James Dubois,james.dubois.4405@mail.example.com,Australia,2023-08-25,Premium,157.52
4406,Ethan Khan,ethan.khan.4406@mail.example.com,Italy,2025-03-20,Basic,204.13
4407,Chen Mueller,chen.mueller.4407@inbox.net,Australia,2021-10-31,Basic,143.03
4408,Isabella Dubois,isabella.dubois.4408@inbox.net,Netherlands,2020-11-25,Standard,119.53
4409,Lucas Nguyen,lucas.nguyen.4409@inbox.net,Australia,2019-12-29,Premium,400.23
4410,Sofia Singh,sofia.singh.4410@shopmail.io,Australia,2019-07-26,Basic,615.71
4411,Lucas Brown,lucas.brown.4411@mail.example.com,United Kingdom,2023-11-03,Standard,1034.71
4412,Sofia Patel,sofia.patel.4412@shopmail.io,France,2024-02-04,Basic,453.96
4413,Arjun Nguyen,arjun.nguyen.4413@inbox.net,Netherlands,2018-06-01,Premium,226.54
4414,Priya Nguyen,priya.nguyen.4414@mail.example.com,Italy,2024-02-09,Premium,101.34
4415,Aisha Taylor,aisha.taylor.4415@mail.example.com,Germany,2023-06-10,Basic,125.12
4416,Sofia Taylor,sofia.taylor.4416@customer.co,India,2020-04-10,Basic,82.84
4417,Lucas Kim,lucas.kim.4417@shopmail.io,Canada,2024-12-29,Basic,603.30
4418,Mia Nguyen,mia.nguyen.4418@customer.co,United Kingdom,2021-07-21,Premium,480.36
4419,Arjun Dubois,arjun.dubois.4419@shopmail.io,India,2020-02-27,Basic,1959.13
4420,Olivia Taylor,olivia.taylor.4420@customer.co,Germany,2023-03-16,Premium,651.74
4421,Maria Brown,maria.brown.4421@shopmail.io,Spain,2025-02-01,Premium,272.03
4422,Noah Rossi,noah.rossi.4422@inbox.net,Germany,2020-06-02,Basic,566.92
4423,Priya Singh,priya.singh.4423@customer.co,Netherlands,2024-04-13,Premium,360.10
4424,Isabella Singh,isabella.singh.4424@mail.example.com,Italy,2020-02-15,Basic,386.15
4425,Mia Patel,mia.patel.4425@customer.co,United Kingdom,2019-12-21,Basic,44.04
4426,Mia Martin,mia.martin.4426@inbox.net,Germany,2021-11-28,Standard,256.54
4427,Aisha Lee,aisha.lee.4427@customer.co,Canada,2018-09-21,Standard,245.53
4428,Arjun Taylor,arjun.taylor.4428@inbox.net,France,2018-04-25,Standard,109.69
4429,Aisha Dubois,aisha.dubois.4429@shopmail.io,Australia,2025-06-28,Basic,247.71
4430,Liam Wilson,liam.wilson.4430@inbox.net,Australia,2022-12-20,Standard,152.10
4431,Maria Brown,maria.brown.4431@shopmail.io,United Kingdom,2020-03-08,Basic,249.13
4432,Chen Khan,chen.khan.4432@shopmail.io,Spain,2022-07-29,Basic,166.54
4433,Mia Taylor,mia.taylor.4433@customer.co,Netherlands,2022-05-03,Standard,114.34
4434,James Lee,james.lee.4434@inbox.net,Germany,2023-11-03,Standard,120.38
4435,Ethan Khan,ethan.khan.4435@shopmail.io,India,2020-05-07,Standard,142.32
4436,Maria Brown,maria.brown.4436@shopmail.io,India,2019-09-16,Standard,205.98
4437,Olivia Khan,olivia.khan.4437@customer.co,Netherlands,2021-02-26,Premium,175.50
4438,Ethan Patel,ethan.patel.4438@shopmail.io,United States,2020-07-25,Standard,92.79
4439,Maria Smith,maria.smith.4439@shopmail.io,India,2022-11-03,Basic,374.46
4440,Chen Khan,chen.khan.4440@customer.co,Canada,2018-10-24,Basic,257.76
4441,Liam Khan,liam.khan.4441@inbox.net,Germany,2019-10-29,Premium,344.06
4442,Mia Rossi,mia.rossi.4442@mail.example.com,Spain,2021-07-02,Standard,366.54
4443,Olivia Brown,olivia.brown.4443@mail.example.com,Germany,2022-05-15,Premium,216.46
4444,Mia Smith,mia.smith.4444@inbox.net,Canada,2024-11-13,Standard,345.40
4445,Priya Nguyen,priya.nguyen.4445@inbox.net,Germany,2021-07-03,Premium,814.71
4446,Liam Patel,liam.patel.4446@customer.co,Australia,2023-04-12,Basic,179.98
4447,Arjun Dubois,arjun.dubois.4447@shopmail.io,Canada,2019-09-19,Standard,221.20
4448,Mia Kim,mia.kim.4448@customer.co,United States,2023-03-03,Basic,284.78
4449,Maria Khan,maria.khan.4449@customer.co,United States,2019-11-23,Premium,611.59
4450,Aisha Lee,aisha.lee.4450@inbox.net,Netherlands,2019-01-22,Standard,2086.47
4451,Liam Taylor,liam.taylor.4451@mail.example.com,Canada,2023-02-08,Standard,521.94
4452,Ethan Khan,ethan.khan.4452@shopmail.io,Italy,2024-03-12,Standard,41.69
4453,Lucas Garcia,lucas.garcia.4453@mail.example.com,Germany,2023-09-11,Standard,376.67
4454,Priya Dubois,priya.dubois.4454@mail.example.com,Spain,2024-07-30,Standard,138.61
4455,Arjun Lee,arjun.lee.4455@inbox.net,Spain,2018-01-15,Standard,94.16
4456,Maria Wilson,maria.wilson.4456@mail.example.com,Australia,2018-08-22,Premium,291.95
4457,Emma Martin,emma.martin.4457@mail.example.com,France,2024-09-26,Standard,366.56
4458,Liam Kim,liam.kim.4458@shopmail.io,Australia,2018-07-07,Premium,992.56
4459,Lucas Khan,lucas.khan.4459@shopmail.io,France,2024-04-17,Premium,138.65
4460,Aisha Taylor,aisha.taylor.4460@shopmail.io,Netherlands,2025-03-16,Basic,76.56
4461,Noah Nguyen,noah.nguyen.4461@shopmail.io,Spain,2021-12-30,Standard,338.07
4462,Lucas Taylor,lucas.taylor.4462@mail.example.com,Canada,2024-03-29,Premium,207.66
4463,Noah Lee,noah.lee.4463@customer.co,United States,2021-09-24,Standard,57.18
4464,James Khan,james.khan.4464@inbox.net,United Kingdom,2021-10-02,Basic,835.36
4465,Ethan Smith,ethan.smith.4465@mail.example.com,United States,2024-11-21,Basic,112.85
4466,James Singh,james.singh.4466@shopmail.io,Italy,2019-03-16,Standard,112.23
4467,Lucas Patel,lucas.patel.4467@mail.example.com,United States,2020-03-31,Standard,237.80
4468,Lucas Mueller,lucas.mueller.4468@customer.co,Spain,2022-06-11,Standard,346.09
4469,Sofia Lee,sofia.lee.4469@customer.co,Italy,2022-03-30,Basic,478.06
4470,Noah Brown,noah.brown.4470@inbox.net,United States,2021-04-11,Basic,221.17
4471,Arjun Dubois,arjun.dubois.4471@mail.example.com,Spain,2018-01-07,Basic,167.13
4472,Aisha Brown,aisha.brown.4472@customer.co,Germany,2023-12-26,Standard,81.36
4473,Priya Rossi,priya.rossi.4473@inbox.net,United States,2019-07-15,Standard,141.64
4474,Noah Rossi,noah.rossi.4474@inbox.net,India,2024-04-15,Basic,139.76
4475,Liam Taylor,liam.taylor.4475@inbox.net,France,2022-06-28,Basic,54.77
4476,Emma Taylor,emma.taylor.4476@mail.example.com,France,2021-10-17,Premium,173.53
4477,Aisha Singh,aisha.singh.4477@shopmail.io,Italy,2020-06-20,Standard,108.06
4478,James Kim,james.kim.4478@customer.co,Germany,2022-06-15,Basic,429.17
4479,James Taylor,james.taylor.4479@inbox.net,France,2021-04-03,Standard,334.08
4480,Lucas Wilson,lucas.wilson.4480@inbox.net,Canada,2023-02-08,Premium,54.61
4481,Sofia Mueller,sofia.mueller.4481@customer.co,Italy,2024-11-27,Basic,215.07
4482,James Rossi,james.rossi.4482@customer.co,Australia,2022-05-14,Basic,230.30
4483,Arjun Nguyen,arjun.nguyen.4483@inbox.net,United Kingdom,2018-05-09,Standard,543.33
4484,Priya Kim,priya.kim.4484@shopmail.io,India,2024-01-27,Basic,145.38
4485,Mia Wilson,mia.wilson.4485@inbox.net,Australia,2022-10-25,Basic,1040.66
4486,Ethan Lee,ethan.lee.4486@shopmail.io,United Kingdom,2023-08-22,Standard,116.23
4487,Priya Khan,priya.khan.4487@inbox.net,Italy,2024-08-06,Standard,750.32
4488,Maria Brown,maria.brown.4488@shopmail.io,Canada,2018-10-15,Standard,228.88
4489,Maria Smith,maria.smith.4489@inbox.net,Netherlands,2019-03-29,Standard,589.52
4490,Chen Brown,chen.brown.4490@mail.example.com,Spain,2019-08-12,Standard,235.69
4491,Arjun Khan,arjun.khan.4491@customer.co,Germany,2020-11-23,Standard,627.48
4492,Ethan Lee,ethan.lee.4492@customer.co,United Kingdom,2021-11-25,Standard,326.00
4493,Priya Taylor,priya.taylor.4493@shopmail.io,United States,2021-02-13,Basic,463.64
4494,Aisha Singh,aisha.singh.4494@customer.co,Italy,2022-07-11,Basic,102.93
4495,Emma Smith,emma.smith.4495@mail.example.com,Canada,2021-06-05,Standard,453.34
4496,James Smith,james.smith.4496@shopmail.io,France,2019-05-19,Premium,215.07
4497,James Martin,james.martin.4497@shopmail.io,Italy,2022-08-11,Standard,625.84
4498,Olivia Martin,olivia.martin.4498@customer.co,Canada,2019-09-23,Premium,465.79
4499,Emma Dubois,emma.dubois.4499@shopmail.io,Australia,2019-04-16,Standard,484.50
4500,Isabella Wilson,isabella.wilson.4500@inbox.net,India,2025-01-28,Standard,375.03
4501,Arjun Dubois,arjun.dubois.4501@customer.co,Spain,2023-03-06,Standard,77.39
4502,Arjun Taylor,arjun.taylor.4502@mail.example.com,United States,2021-08-14,Basic,85.03
4503,Aisha Rossi,aisha.rossi.4503@mail.example.com,India,2023-07-23,Basic,60.91
4504,Emma Patel,emma.patel.4504@mail.example.com,Netherlands,2021-03-31,Standard,121.62
4505,Mia Kim,mia.kim.4505@mail.example.com,United States,2021-04-17,Basic,115.14
4506,Maria Kim,maria.kim.4506@inbox.net,Netherlands,2021-12-13,Basic,198.93
4507,Chen Singh,chen.singh.4507@inbox.net,United Kingdom,2022-12-04,Basic,103.99
4508,Noah Kim,noah.kim.4508@customer.co,Germany,2023-02-22,Basic,163.12
4509,Chen Rossi,chen.rossi.4509@mail.example.com,Netherlands,2022-07-26,Basic,101.69
4510,Emma Brown,emma.brown.4510@customer.co,Canada,2020-10-06,Premium,221.69
4511,Maria Brown,maria.brown.4511@inbox.net,Canada,2023-05-31,Standard,170.66
4512,Chen Nguyen,chen.nguyen.4512@inbox.net,Spain,2019-10-08,Standard,506.04
4513,Priya Smith,priya.smith.4513@mail.example.com,Australia,2021-12-08,Standard,223.63
4514,James Lee,james.lee.4514@customer.co,United States,2024-12-30,Basic,209.10
4515,Arjun Singh,arjun.singh.4515@mail.example.com,India,2022-04-22,Standard,442.68
4516,Emma Brown,emma.brown.4516@customer.co,France,2025-02-13,Standard,120.75
4517,Chen Mueller,chen.mueller.4517@shopmail.io,Spain,2022-11-15,Premium,154.61
4518,Mia Patel,mia.patel.4518@mail.example.com,France,2023-10-29,Standard,350.08
4519,James Nguyen,james.nguyen.4519@inbox.net,Spain,2025-04-30,Standard,140.66
4520,Olivia Brown,olivia.brown.4520@inbox.net,United Kingdom,2021-07-15,Standard,169.56
4521,Maria Smith,maria.smith.4521@customer.co,Netherlands,2018-02-04,Standard,690.34
4522,Sofia Garcia,sofia.garcia.4522@inbox.net,Canada,2021-03-30,Standard,164.59
4523,Maria Garcia,maria.garcia.4523@inbox.net,Germany,2021-07-26,Basic,126.80
4524,Olivia Brown,olivia.brown.4524@inbox.net,United States,2018-05-24,Standard,483.80
4525,Noah Lee,noah.lee.4525@mail.example.com,Netherlands,2024-08-02,Premium,311.81
4526,Arjun Khan,arjun.khan.4526@customer.co,Italy,2021-10-02,Standard,305.55
4527,Aisha Patel,aisha.patel.4527@mail.example.com,United Kingdom,2025-01-01,Basic,460.97
4528,Emma Brown,emma.brown.4528@customer.co,India,2018-11-12,Standard,215.89
4529,Sofia Garcia,sofia.garcia.4529@customer.co,France,2019-09-12,Basic,510.41
4530,Isabella Garcia,isabella.garcia.4530@inbox.net,United States,2025-08-02,Premium,338.86
4531,Olivia Patel,olivia.patel.4531@inbox.net,United Kingdom,2024-11-25,Basic,335.28
4532,Olivia Taylor,olivia.taylor.4532@customer.co,France,2023-01-07,Standard,570.96
4533,Isabella Khan,isabella.khan.4533@mail.example.com,Germany,2022-07-04,Basic,334.72
4534,Olivia Patel,olivia.patel.4534@mail.example.com,Spain,2018-03-16,Standard,533.35
4535,Sofia Taylor,sofia.taylor.4535@customer.co,Spain,2018-06-21,Standard,664.84
4536,Olivia Patel,olivia.patel.4536@mail.example.com,Australia,2018-05-17,Standard,135.90
4537,Olivia Wilson,olivia.wilson.4537@inbox.net,Italy,2024-08-14,Basic,379.16
4538,James Lee,james.lee.4538@mail.example.com,United Kingdom,2022-08-11,Premium,120.51
4539,Lucas Brown,lucas.brown.4539@mail.example.com,Germany,2021-04-05,Standard,88.22
4540,Mia Brown,mia.brown.4540@customer.co,Italy,2023-11-16,Basic,140.95
4541,Arjun Kim,arjun.kim.4541@customer.co,Italy,2023-09-17,Standard,103.26
4542,Arjun Taylor,arjun.taylor.4542@shopmail.io,India,2018-01-19,Basic,527.21
4543,Arjun Rossi,arjun.rossi.4543@customer.co,India,2022-02-22,Premium,167.26
4544,Noah Lee,noah.lee.4544@inbox.net,Spain,2025-01-31,Standard,438.54
4545,Maria Kim,maria.kim.4545@inbox.net,Canada,2025-04-13,Premium,486.93
4546,Maria Brown,maria.brown.4546@customer.co,France,2019-06-18,Standard,87.47
4547,Isabella Garcia,isabella.garcia.4547@shopmail.io,India,2019-02-09,Basic,239.87
4548,Mia Kim,mia.kim.4548@customer.co,Netherlands,2020-10-26,Standard,406.48
4549,Sofia Taylor,sofia.taylor.4549@customer.co,Spain,2020-03-30,Standard,246.05
4550,Ethan Kim,ethan.kim.4550@customer.co,Canada,2025-02-07,Standard,918.20
4551,Arjun Dubois,arjun.dubois.4551@customer.co,Italy,2024-02-14,Standard,62.43
4552,Mia Taylor,mia.taylor.4552@inbox.net,Australia,2022-04-10,Premium,110.56
4553,Ethan Kim,ethan.kim.4553@shopmail.io,Netherlands,2022-11-20,Premium,428.72
4554,Lucas Garcia,lucas.garcia.4554@shopmail.io,Netherlands,2021-10-26,Premium,209.79
4555,Aisha Dubois,aisha.dubois.4555@customer.co,Australia,2025-02-13,Standard,274.51
4556,Emma Wilson,emma.wilson.4556@mail.example.com,Netherlands,2023-07-30,Standard,87.11
4557,Maria Lee,maria.lee.4557@customer.co,United States,2019-07-01,Basic,190.51
4558,Lucas Brown,lucas.brown.4558@shopmail.io,Australia,2025-06-24,Standard,279.71
4559,Aisha Mueller,aisha.mueller.4559@shopmail.io,Italy,2018-10-27,Premium,1053.41
4560,James Martin,james.martin.4560@inbox.net,Netherlands,2024-06-05,Standard,81.82
4561,Priya Smith,priya.smith.4561@customer.co,Netherlands,2023-05-29,Basic,198.67
4562,Priya Lee,priya.lee.4562@customer.co,France,2023-04-03,Premium,130.82
4563,Arjun Taylor,arjun.taylor.4563@inbox.net,Italy,2021-11-17,Premium,275.75
4564,Priya Kim,priya.kim.4564@shopmail.io,Italy,2019-06-16,Premium,118.34
4565,Chen Mueller,chen.mueller.4565@inbox.net,Germany,2023-02-11,Premium,693.27
4566,Emma Mueller,emma.mueller.4566@mail.example.com,Spain,2023-11-23,Standard,314.65
4567,Mia Nguyen,mia.nguyen.4567@mail.example.com,France,2022-03-31,Premium,260.77
4568,Aisha Taylor,aisha.taylor.4568@inbox.net,Spain,2023-09-02,Standard,1159.90
4569,Arjun Mueller,arjun.mueller.4569@customer.co,Netherlands,2021-09-18,Premium,1224.28
4570,Mia Martin,mia.martin.4570@customer.co,Netherlands,2023-04-29,Standard,87.08
4571,James Dubois,james.dubois.4571@shopmail.io,Italy,2019-12-29,Standard,662.50
4572,Olivia Nguyen,olivia.nguyen.4572@customer.co,Canada,2022-07-27,Standard,302.11
4573,Maria Wilson,maria.wilson.4573@customer.co,India,2022-12-29,Standard,463.71
4574,Priya Singh,priya.singh.4574@inbox.net,France,2022-08-24,Standard,565.51
4575,Lucas Dubois,lucas.dubois.4575@customer.co,Australia,2024-07-27,Premium,100.79
4576,Chen Martin,chen.martin.4576@inbox.net,Germany,2020-07-29,Basic,73.53
4577,Priya Nguyen,priya.nguyen.4577@inbox.net,Germany,2022-07-01,Basic,219.89
4578,Priya Kim,priya.kim.4578@customer.co,Canada,2024-04-23,Standard,456.30
4579,Ethan Dubois,ethan.dubois.4579@inbox.net,Spain,2025-01-12,Standard,232.08
4580,Priya Garcia,priya.garcia.4580@mail.example.com,United States,2019-02-04,Basic,297.00
4581,Lucas Mueller,lucas.mueller.4581@mail.example.com,India,2020-01-17,Premium,906.54
4582,Sofia Patel,sofia.patel.4582@customer.co,Italy,2018-06-25,Standard,169.46
4583,Ethan Martin,ethan.martin.4583@mail.example.com,United States,2020-12-22,Standard,811.32
4584,Priya Nguyen,priya.nguyen.4584@shopmail.io,Germany,2023-06-05,Standard,238.10
4585,Arjun Lee,arjun.lee.4585@shopmail.io,Italy,2021-05-03,Basic,171.70
4586,Arjun Taylor,arjun.taylor.4586@mail.example.com,Germany,2025-04-26,Premium,202.71
4587,Aisha Wilson,aisha.wilson.4587@inbox.net,Netherlands,2022-12-25,Basic,209.51
4588,Aisha Mueller,aisha.mueller.4588@customer.co,Spain,2023-05-29,Basic,384.83
4589,Sofia Smith,sofia.smith.4589@inbox.net,Italy,2019-01-13,Standard,105.29
4590,Liam Smith,liam.smith.4590@shopmail.io,Spain,2018-05-03,Standard,225.02
4591,Isabella Brown,isabella.brown.4591@mail.example.com,Netherlands,2020-12-18,Premium,411.41
4592,Noah Brown,noah.brown.4592@inbox.net,Germany,2019-01-05,Basic,242.21
4593,Emma Patel,emma.patel.4593@shopmail.io,United States,2020-06-12,Basic,178.85
4594,Chen Nguyen,chen.nguyen.4594@shopmail.io,Australia,2021-08-27,Basic,608.64
4595,Olivia Singh,olivia.singh.4595@customer.co,United States,2023-04-28,Basic,697.32
4596,Olivia Khan,olivia.khan.4596@shopmail.io,Italy,2021-05-03,Premium,72.35
4597,Isabella Singh,isabella.singh.4597@mail.example.com,Germany,2025-08-16,Basic,76.55
4598,Noah Patel,noah.patel.4598@shopmail.io,India,2025-07-08,Standard,883.36
4599,Mia Kim,mia.kim.4599@inbox.net,Australia,2022-06-04,Premium,276.38
4600,Lucas Mueller,lucas.mueller.4600@customer.co,United Kingdom,2025-01-22,Standard,388.37
4601,Ethan Wilson,ethan.wilson.4601@mail.example.com,United States,2025-04-24,Standard,596.08
4602,Noah Kim,noah.kim.4602@mail.example.com,Australia,2025-08-12,Standard,339.81
4603,Maria Brown,maria.brown.4603@mail.example.com,Canada,2023-08-16,Standard,212.82
4604,Maria Patel,maria.patel.4604@shopmail.io,Netherlands,2025-01-31,Standard,601.94
4605,Priya Lee,priya.lee.4605@inbox.net,Germany,2024-09-05,Standard,45.67
4606,Sofia Rossi,sofia.rossi.4606@mail.example.com,Australia,2022-01-16,Basic,186.15
4607,Liam Taylor,liam.taylor.4607@mail.example.com,Germany,2024-08-04,Standard,332.05
4608,Mia Rossi,mia.rossi.4608@shopmail.io,Netherlands,2018-02-08,Standard,109.09
4609,James Lee,james.lee.4609@mail.example.com,France,2019-06-12,Premium,52.05
4610,Noah Taylor,noah.taylor.4610@mail.example.com,Germany,2018-09-21,Standard,231.83
4611,Aisha Brown,aisha.brown.4611@customer.co,Netherlands,2023-05-29,Basic,474.78
4612,Maria Martin,maria.martin.4612@customer.co,Germany,2025-01-05,Premium,286.64
4613,Priya Nguyen,priya.nguyen.4613@mail.example.com,Netherlands,2022-11-20,Premium,450.29
4614,Priya Dubois,priya.dubois.4614@shopmail.io,Australia,2022-01-20,Standard,268.90
4615,Mia Garcia,mia.garcia.4615@mail.example.com,India,2020-03-09,Standard,152.00
4616,James Khan,james.khan.4616@shopmail.io,Italy,2020-07-01,Standard,550.68
4617,Isabella Kim,isabella.kim.4617@customer.co,France,2021-12-07,Standard,263.54
4618,Isabella Dubois,isabella.dubois.4618@shopmail.io,India,2023-11-26,Standard,192.53
4619,Priya Mueller,priya.mueller.4619@customer.co,Australia,2018-05-19,Basic,244.03
4620,Emma Lee,emma.lee.4620@mail.example.com,United Kingdom,2024-03-05,Premium,252.26
4621,Sofia Martin,sofia.martin.4621@inbox.net,Australia,2022-07-10,Standard,254.17
4622,Lucas Mueller,lucas.mueller.4622@mail.example.com,United States,2021-08-03,Basic,408.61
4623,Olivia Smith,olivia.smith.4623@inbox.net,Netherlands,2024-09-01,Premium,310.31
4624,Emma Khan,emma.khan.4624@shopmail.io,Netherlands,2023-12-17,Basic,134.47
4625,Isabella Khan,isabella.khan.4625@inbox.net,Canada,2022-05-11,Basic,666.29
4626,Isabella Nguyen,isabella.nguyen.4626@inbox.net,Netherlands,2021-02-06,Standard,141.08
4627,Lucas Rossi,lucas.rossi.4627@shopmail.io,India,2019-11-29,Standard,523.08
4628,Olivia Patel,olivia.patel.4628@inbox.net,France,2021-03-26,Standard,142.01
4629,Sofia Smith,sofia.smith.4629@mail.example.com,Australia,2025-02-07,Standard,77.35
4630,James Mueller,james.mueller.4630@inbox.net,Germany,2024-09-03,Standard,176.04
4631,Maria Mueller,maria.mueller.4631@inbox.net,India,2018-03-07,Standard,304.51
4632,Ethan Taylor,ethan.taylor.4632@mail.example.com,Netherlands,2021-05-05,Basic,1018.52
4633,Emma Martin,emma.martin.4633@inbox.net,Spain,2023-11-30,Standard,219.04
4634,Sofia Taylor,sofia.taylor.4634@customer.co,Australia,2023-01-29,Standard,82.26
4635,Maria Kim,maria.kim.4635@customer.co,Canada,2024-09-27,Premium,361.06
4636,Mia Brown,mia.brown.4636@customer.co,Germany,2021-10-20,Premium,138.17
4637,Emma Mueller,emma.mueller.4637@shopmail.io,United Kingdom,2019-08-04,Standard,237.48
4638,Aisha Taylor,aisha.taylor.4638@mail.example.com,Italy,2018-11-30,Standard,221.92
4639,Mia Taylor,mia.taylor.4639@customer.co,Netherlands,2024-08-24,Basic,578.12
4640,Arjun Lee,arjun.lee.4640@mail.example.com,United States,2021-08-18,Standard,84.91
4641,Ethan Smith,ethan.smith.4641@shopmail.io,India,2021-08-12,Standard,194.20
4642,Olivia Nguyen,olivia.nguyen.4642@shopmail.io,Canada,2021-05-25,Standard,139.37
4643,Mia Garcia,mia.garcia.4643@inbox.net,United Kingdom,2019-07-06,Standard,54.55
4644,Aisha Rossi,aisha.rossi.4644@customer.co,France,2020-04-08,Standard,1201.34
4645,Sofia Dubois,sofia.dubois.4645@inbox.net,Australia,2024-07-25,Basic,554.88
4646,Priya Taylor,priya.taylor.4646@shopmail.io,United Kingdom,2024-08-31,Premium,115.15
4647,Noah Dubois,noah.dubois.4647@customer.co,Netherlands,2023-08-28,Premium,238.27
4648,Priya Wilson,priya.wilson.4648@shopmail.io,Netherlands,2022-10-07,Standard,1467.06
4649,Aisha Smith,aisha.smith.4649@shopmail.io,India,2022-04-26,Standard,231.66
4650,Noah Smith,noah.smith.4650@customer.co,United States,2018-08-15,Standard,246.31
4651,Priya Lee,priya.lee.4651@inbox.net,Germany,2024-11-02,Standard,223.65
4652,Mia Martin,mia.martin.4652@shopmail.io,India,2021-12-27,Basic,416.55
4653,Chen Singh,chen.singh.4653@mail.example.com,Australia,2024-12-19,Standard,173.31
4654,Liam Lee,liam.lee.4654@mail.example.com,Netherlands,2022-12-16,Premium,162.67
4655,Sofia Kim,sofia.kim.4655@customer.co,Australia,2024-03-17,Standard,732.58
4656,Maria Martin,maria.martin.4656@customer.co,United States,2023-07-20,Basic,231.29
4657,Sofia Martin,sofia.martin.4657@mail.example.com,Australia,2020-03-12,Standard,98.03
4658,Lucas Brown,lucas.brown.4658@shopmail.io,Italy,2022-02-28,Standard,299.64
4659,James Khan,james.khan.4659@mail.example.com,India,2024-10-18,Standard,120.54
4660,Noah Singh,noah.singh.4660@customer.co,India,2024-02-21,Premium,558.02
4661,Aisha Taylor,aisha.taylor.4661@customer.co,France,2023-01-17,Standard,162.92
4662,Ethan Dubois,ethan.dubois.4662@shopmail.io,Canada,2018-12-12,Basic,371.86
4663,Aisha Singh,aisha.singh.4663@mail.example.com,Spain,2022-03-04,Premium,215.82
4664,Olivia Kim,olivia.kim.4664@shopmail.io,India,2023-10-15,Premium,316.39
4665,Mia Patel,mia.patel.4665@inbox.net,Australia,2025-06-23,Standard,90.06
4666,Noah Smith,noah.smith.4666@customer.co,Italy,2021-12-28,Basic,231.59
4667,Emma Khan,emma.khan.4667@customer.co,Netherlands,2023-05-26,Standard,53.54
4668,Mia Lee,mia.lee.4668@shopmail.io,Australia,2023-12-24,Premium,618.47
4669,Priya Rossi,priya.rossi.4669@customer.co,Australia,2023-12-06,Basic,261.86
4670,Emma Garcia,emma.garcia.4670@customer.co,Netherlands,2025-01-21,Standard,237.42
4671,Chen Smith,chen.smith.4671@customer.co,Italy,2020-09-29,Standard,104.86
4672,Maria Brown,maria.brown.4672@mail.example.com,United Kingdom,2021-11-07,Standard,253.62
4673,Priya Nguyen,priya.nguyen.4673@customer.co,Netherlands,2025-06-10,Standard,300.79
4674,Priya Nguyen,priya.nguyen.4674@shopmail.io,Germany,2025-01-08,Premium,177.24
4675,Emma Smith,emma.smith.4675@mail.example.com,India,2021-06-24,Standard,1018.74
4676,Ethan Khan,ethan.khan.4676@customer.co,Spain,2018-06-16,Standard,130.45
4677,Mia Lee,mia.lee.4677@shopmail.io,India,2021-04-14,Standard,320.66
4678,Emma Garcia,emma.garcia.4678@mail.example.com,Netherlands,2018-06-07,Basic,164.38
4679,Olivia Martin,olivia.martin.4679@customer.co,Germany,2020-12-03,Standard,94.72
4680,Liam Lee,liam.lee.4680@inbox.net,India,2020-10-11,Standard,701.50
4681,Priya Rossi,priya.rossi.4681@mail.example.com,Canada,2024-03-03,Premium,151.29
4682,Arjun Khan,arjun.khan.4682@shopmail.io,Australia,2019-03-04,Standard,465.99
4683,Liam Smith,liam.smith.4683@mail.example.com,Italy,2024-07-01,Standard,127.89
4684,Olivia Singh,olivia.singh.4684@mail.example.com,India,2022-07-23,Standard,243.95
4685,Olivia Dubois,olivia.dubois.4685@inbox.net,Italy,2019-03-21,Standard,721.26
4686,Priya Garcia,priya.garcia.4686@customer.co,Australia,2020-12-05,Standard,199.06
4687,Mia Brown,mia.brown.4687@mail.example.com,Germany,2021-12-01,Standard,104.79
4688,Aisha Brown,aisha.brown.4688@inbox.net,India,2019-12-07,Premium,200.75
4689,Isabella Wilson,isabella.wilson.4689@customer.co,Netherlands,2021-02-21,Premium,164.43
4690,Sofia Smith,sofia.smith.4690@inbox.net,United Kingdom,2023-03-25,Standard,407.33
4691,Mia Kim,mia.kim.4691@inbox.net,United Kingdom,2022-10-04,Standard,104.64
4692,James Dubois,james.dubois.4692@inbox.net,Australia,2018-06-01,Standard,478.68
4693,Arjun Mueller,arjun.mueller.4693@customer.co,Canada,2021-11-14,Standard,125.74
4694,Priya Lee,priya.lee.4694@inbox.net,Italy,2021-03-16,Standard,385.84
4695,Lucas Nguyen,lucas.nguyen.4695@mail.example.com,France,2023-03-12,Standard,958.22
4696,Olivia Smith,olivia.smith.4696@shopmail.io,United States,2024-10-05,Standard,256.69
4697,Aisha Khan,aisha.khan.4697@inbox.net,Australia,2019-11-06,Standard,139.71
4698,Liam Dubois,liam.dubois.4698@inbox.net,Canada,2025-05-26,Premium,230.83
4699,Priya Patel,priya.patel.4699@customer.co,United States,2019-11-29,Standard,61.54
4700,Noah Martin,noah.martin.4700@customer.co,Australia,2021-10-30,Premium,184.48
4701,Noah Patel,noah.patel.4701@shopmail.io,Spain,2020-11-13,Standard,1460.94
4702,Maria Wilson,maria.wilson.4702@customer.co,Canada,2019-06-27,Standard,63.23
4703,Arjun Lee,arjun.lee.4703@mail.example.com,Australia,2022-07-05,Standard,94.75
4704,Mia Taylor,mia.taylor.4704@shopmail.io,United States,2022-12-02,Standard,374.63
4705,Chen Singh,chen.singh.4705@mail.example.com,Germany,2025-05-13,Premium,202.80
4706,Ethan Kim,ethan.kim.4706@shopmail.io,Netherlands,2020-10-10,Standard,136.67
4707,Aisha Garcia,aisha.garcia.4707@inbox.net,Netherlands,2021-04-08,Basic,96.54
4708,Noah Dubois,noah.dubois.4708@customer.co,India,2024-01-11,Standard,794.63
4709,Emma Lee,emma.lee.4709@shopmail.io,Italy,2021-03-31,Basic,562.49
4710,Liam Rossi,liam.rossi.4710@inbox.net,Australia,2025-02-22,Standard,400.92
4711,Mia Singh,mia.singh.4711@customer.co,Italy,2018-01-19,Premium,597.43
4712,Mia Lee,mia.lee.4712@inbox.net,Spain,2020-05-07,Standard,194.92
4713,Isabella Garcia,isabella.garcia.4713@mail.example.com,Netherlands,2023-01-18,Premium,908.78
4714,Ethan Smith,ethan.smith.4714@shopmail.io,France,2019-02-22,Standard,287.36
4715,Priya Nguyen,priya.nguyen.4715@mail.example.com,Spain,2018-03-06,Basic,1810.87
4716,Maria Brown,maria.brown.4716@shopmail.io,India,2019-07-08,Standard,258.86
4717,Olivia Smith,olivia.smith.4717@customer.co,France,2018-10-22,Basic,471.10
4718,Maria Nguyen,maria.nguyen.4718@mail.example.com,Australia,2023-06-09,Standard,296.13
4719,Aisha Mueller,aisha.mueller.4719@mail.example.com,United States,2025-07-22,Basic,793.65
4720,Noah Khan,noah.khan.4720@shopmail.io,India,2021-12-17,Standard,244.93
4721,James Mueller,james.mueller.4721@shopmail.io,Germany,2021-06-27,Standard,698.41
4722,Arjun Singh,arjun.singh.4722@customer.co,United Kingdom,2025-02-27,Standard,289.65
4723,Isabella Taylor,isabella.taylor.4723@shopmail.io,Australia,2018-06-26,Basic,184.55
4724,Noah Garcia,noah.garcia.4724@customer.co,Netherlands,2024-11-18,Premium,255.11
4725,Mia Rossi,mia.rossi.4725@mail.example.com,United States,2024-04-30,Standard,345.07
4726,Ethan Singh,ethan.singh.4726@customer.co,United States,2023-12-25,Standard,263.25
4727,Aisha Brown,aisha.brown.4727@shopmail.io,United Kingdom,2021-04-06,Standard,552.49
4728,James Singh,james.singh.4728@inbox.net,United Kingdom,2021-02-23,Basic,232.89
4729,Isabella Kim,isabella.kim.4729@mail.example.com,Australia,2025-06-16,Standard,463.78
4730,Noah Garcia,noah.garcia.4730@customer.co,Netherlands,2021-03-15,Standard,68.54
4731,Olivia Wilson,olivia.wilson.4731@shopmail.io,United Kingdom,2020-08-04,Standard,427.96
4732,Chen Singh,chen.singh.4732@shopmail.io,Germany,2024-09-07,Standard,111.68
4733,Isabella Wilson,isabella.wilson.4733@shopmail.io,Australia,2020-11-14,Standard,97.89
4734,James Patel,james.patel.4734@customer.co,Netherlands,2022-02-15,Standard,504.36
4735,Liam Kim,liam.kim.4735@customer.co,Australia,2024-09-24,Standard,248.00
4736,Liam Singh,liam.singh.4736@customer.co,India,2020-06-06,Standard,711.12
4737,Noah Brown,noah.brown.4737@customer.co,Australia,2025-02-28,Basic,449.53
4738,Priya Nguyen,priya.nguyen.4738@customer.co,United States,2018-02-25,Standard,279.12
4739,Arjun Martin,arjun.martin.4739@mail.example.com,France,2019-04-19,Standard,232.78
4740,Emma Khan,emma.khan.4740@shopmail.io,Australia,2024-08-03,Premium,296.99
4741,Lucas Taylor,lucas.taylor.4741@customer.co,India,2024-07-06,Premium,140.90
4742,Noah Mueller,noah.mueller.4742@mail.example.com,United Kingdom,2024-12-06,Premium,99.42
4743,Priya Kim,priya.kim.4743@mail.example.com,India,2019-11-13,Basic,574.48
4744,Chen Khan,chen.khan.4744@mail.example.com,India,2021-02-05,Basic,59.62
4745,Chen Khan,chen.khan.4745@mail.example.com,India,2019-01-23,Standard,445.71
4746,Liam Smith,liam.smith.4746@customer.co,Australia,2023-03-21,Basic,329.77
4747,Mia Martin,mia.martin.4747@customer.co,United States,2024-03-19,Standard,189.55
4748,Maria Rossi,maria.rossi.4748@inbox.net,France,2025-02-24,Basic,415.20
4749,Sofia Garcia,sofia.garcia.4749@customer.co,United Kingdom,2023-04-17,Basic,717.26
4750,Isabella Brown,isabella.brown.4750@mail.example.com,Germany,2020-01-31,Standard,149.92
4751,Isabella Dubois,isabella.dubois.4751@mail.example.com,United States,2022-06-14,Basic,456.52
4752,Noah Nguyen,noah.nguyen.4752@shopmail.io,France,2022-02-09,Basic,96.46
4753,Mia Singh,mia.singh.4753@mail.example.com,Australia,2023-04-13,Standard,102.66
4754,Maria Singh,maria.singh.4754@inbox.net,Australia,2019-10-31,Standard,46.05
4755,Noah Patel,noah.patel.4755@mail.example.com,India,2024-03-18,Standard,140.25
4756,Arjun Kim,arjun.kim.4756@mail.example.com,United Kingdom,2018-10-01,Premium,630.42
4757,Liam Garcia,liam.garcia.4757@customer.co,Australia,2021-06-04,Basic,116.15
4758,Noah Singh,noah.singh.4758@inbox.net,Canada,2019-01-14,Standard,89.55
4759,Ethan Dubois,ethan.dubois.4759@customer.co,Canada,2021-07-24,Basic,371.96
4760,Priya Smith,priya.smith.4760@shopmail.io,Canada,2018-01-31,Standard,204.28
4761,Mia Patel,mia.patel.4761@inbox.net,United States,2022-05-04,Standard,59.33
4762,Maria Kim,maria.kim.4762@shopmail.io,United Kingdom,2025-06-15,Standard,127.37
4763,Olivia Lee,olivia.lee.4763@inbox.net,Canada,2018-02-20,Basic,229.02
4764,James Patel,james.patel.4764@customer.co,Canada,2019-06-16,Standard,1138.52
4765,Isabella Brown,isabella.brown.4765@shopmail.io,Canada,2018-11-04,Basic,2363.20
4766,Maria Brown,maria.brown.4766@shopmail.io,Canada,2025-05-30,Basic,44.76
4767,Lucas Wilson,lucas.wilson.4767@inbox.net,India,2019-08-15,Premium,180.81
4768,Liam Dubois,liam.dubois.4768@mail.example.com,India,2021-04-18,Basic,130.29
4769,Chen Martin,chen.martin.4769@customer.co,United Kingdom,2025-01-15,Premium,173.12
4770,Lucas Nguyen,lucas.nguyen.4770@mail.example.com,Netherlands,2021-03-20,Standard,209.36
4771,Noah Mueller,noah.mueller.4771@inbox.net,Canada,2024-07-05,Standard,390.66
4772,Isabella Nguyen,isabella.nguyen.4772@customer.co,United Kingdom,2019-01-29,Premium,95.01
4773,Lucas Dubois,lucas.dubois.4773@customer.co,India,2020-09-18,Standard,121.54
4774,Priya Patel,priya.patel.4774@inbox.net,Spain,2022-10-21,Basic,375.49
4775,Ethan Wilson,ethan.wilson.4775@mail.example.com,United Kingdom,2024-04-02,Standard,92.53
4776,Isabella Khan,isabella.khan.4776@customer.co,Canada,2023-06-24,Standard,363.63
4777,Liam Wilson,liam.wilson.4777@customer.co,Italy,2023-04-05,Standard,73.21
4778,Aisha Brown,aisha.brown.4778@inbox.net,Spain,2022-01-15,Basic,236.61
4779,Chen Wilson,chen.wilson.4779@customer.co,United States,2020-11-06,Basic,1015.69
4780,James Khan,james.khan.4780@mail.example.com,Spain,2021-09-03,Standard,235.28
4781,Ethan Brown,ethan.brown.4781@mail.example.com,Italy,2022-01-08,Standard,353.83
4782,Chen Rossi,chen.rossi.4782@customer.co,United States,2024-09-19,Premium,600.55
4783,Sofia Singh,sofia.singh.4783@inbox.net,India,2023-09-01,Basic,74.85
4784,James Brown,james.brown.4784@shopmail.io,Canada,2018-11-12,Basic,566.94
4785,Noah Lee,noah.lee.4785@mail.example.com,India,2019-12-29,Premium,640.22
4786,Lucas Singh,lucas.singh.4786@mail.example.com,India,2023-08-20,Standard,976.79
4787,Isabella Kim,isabella.kim.4787@customer.co,Italy,2019-07-26,Premium,554.51
4788,Mia Taylor,mia.taylor.4788@shopmail.io,United Kingdom,2020-01-30,Premium,416.86
4789,Sofia Brown,sofia.brown.4789@customer.co,India,2019-05-20,Standard,1169.90
4790,Noah Garcia,noah.garcia.4790@shopmail.io,Netherlands,2025-04-27,Standard,163.31
4791,Lucas Singh,lucas.singh.4791@shopmail.io,Netherlands,2020-11-07,Premium,75.78
4792,Chen Dubois,chen.dubois.4792@shopmail.io,United States,2024-10-31,Basic,347.33
4793,Liam Garcia,liam.garcia.4793@customer.co,United Kingdom,2022-02-22,Premium,848.92
4794,Priya Taylor,priya.taylor.4794@shopmail.io,Australia,2018-07-26,Standard,372.72
4795,Arjun Lee,arjun.lee.4795@customer.co,France,2025-03-10,Standard,320.92
4796,Isabella Dubois,isabella.dubois.4796@inbox.net,Netherlands,2024-10-25,Premium,434.55
4797,Isabella Martin,isabella.martin.4797@shopmail.io,Netherlands,2020-05-13,Standard,158.07
4798,Emma Rossi,emma.rossi.4798@mail.example.com,India,2025-08-21,Standard,89.58
4799,Isabella Dubois,isabella.dubois.4799@customer.co,United Kingdom,2019-02-22,Premium,277.13
4800,Priya Dubois,priya.dubois.4800@mail.example.com,United States,2023-05-02,Standard,155.82
4801,Sofia Kim,sofia.kim.4801@customer.co,Spain,2021-03-27,Standard,572.43
4802,Lucas Martin,lucas.martin.4802@shopmail.io,Germany,2020-07-23,Basic,144.69
4803,Arjun Garcia,arjun.garcia.4803@customer.co,Netherlands,2018-08-31,Basic,353.90
4804,Isabella Khan,isabella.khan.4804@mail.example.com,France,2023-05-21,Basic,278.87
4805,James Taylor,james.taylor.4805@shopmail.io,Netherlands,2024-12-06,Basic,284.72
4806,Chen Patel,chen.patel.4806@shopmail.io,Germany,2022-03-20,Standard,782.05
4807,Priya Smith,priya.smith.4807@shopmail.io,Netherlands,2018-10-04,Standard,570.08
4808,Sofia Patel,sofia.patel.4808@customer.co,Canada,2024-09-17,Standard,84.77
4809,Olivia Taylor,olivia.taylor.4809@shopmail.io,Netherlands,2025-02-26,Basic,606.59
4810,Liam Lee,liam.lee.4810@mail.example.com,United Kingdom,2020-07-03,Standard,375.88
4811,Isabella Kim,isabella.kim.4811@inbox.net,Germany,2021-06-08,Standard,425.17
4812,Arjun Nguyen,arjun.nguyen.4812@customer.co,Australia,2025-04-16,Standard,177.62
4813,Olivia Taylor,olivia.taylor.4813@mail.example.com,United Kingdom,2023-09-25,Premium,141.04
4814,James Lee,james.lee.4814@shopmail.io,Spain,2021-08-11,Standard,69.07
4815,James Khan,james.khan.4815@inbox.net,Netherlands,2024-08-20,Basic,481.19
4816,Olivia Khan,olivia.khan.4816@customer.co,France,2023-03-18,Premium,159.84
4817,Maria Nguyen,maria.nguyen.4817@shopmail.io,France,2018-05-17,Standard,161.60
4818,Emma Khan,emma.khan.4818@inbox.net,United States,2025-03-25,Premium,166.81
4819,Mia Lee,mia.lee.4819@mail.example.com,India,2019-01-18,Standard,65.63
4820,Maria Rossi,maria.rossi.4820@mail.example.com,France,2020-11-13,Standard,157.48
4821,Priya Smith,priya.smith.4821@inbox.net,United States,2020-05-30,Standard,242.12
4822,Emma Rossi,emma.rossi.4822@shopmail.io,United States,2018-03-01,Standard,124.39
4823,Liam Dubois,liam.dubois.4823@mail.example.com,India,2020-01-18,Standard,92.60
4824,Arjun Mueller,arjun.mueller.4824@inbox.net,Spain,2021-01-10,Standard,331.31
4825,Mia Singh,mia.singh.4825@customer.co,United States,2022-10-06,Standard,98.41
4826,Sofia Wilson,sofia.wilson.4826@shopmail.io,India,2022-12-12,Premium,306.68
4827,Ethan Lee,ethan.lee.4827@shopmail.io,United States,2024-12-20,Premium,74.60
4828,Sofia Singh,sofia.singh.4828@shopmail.io,Australia,2021-08-07,Standard,428.97
4829,James Dubois,james.dubois.4829@inbox.net,Spain,2020-12-13,Basic,60.80
4830,Liam Nguyen,liam.nguyen.4830@mail.example.com,Netherlands,2020-12-15,Standard,749.81
4831,Liam Garcia,liam.garcia.4831@customer.co,United Kingdom,2022-02-24,Premium,186.90
4832,Mia Martin,mia.martin.4832@customer.co,United States,2024-04-29,Standard,142.09
4833,Isabella Garcia,isabella.garcia.4833@customer.co,Italy,2024-09-10,Premium,595.33
4834,Priya Kim,priya.kim.4834@mail.example.com,India,2025-01-24,Premium,140.00
4835,Emma Smith,emma.smith.4835@customer.co,Spain,2020-11-20,Standard,140.78
4836,James Smith,james.smith.4836@customer.co,Canada,2024-12-27,Premium,150.85
4837,Emma Brown,emma.brown.4837@inbox.net,Australia,2019-11-29,Standard,55.78
4838,Sofia Brown,sofia.brown.4838@inbox.net,India,2019-07-06,Premium,683.39
4839,Sofia Singh,sofia.singh.4839@mail.example.com,Netherlands,2024-10-03,Standard,120.49
4840,Sofia Martin,sofia.martin.4840@inbox.net,Australia,2019-12-26,Premium,316.55
4841,Priya Lee,priya.lee.4841@customer.co,Italy,2018-04-03,Standard,267.32
4842,Liam Kim,liam.kim.4842@mail.example.com,Netherlands,2020-11-17,Premium,718.37
4843,Maria Lee,maria.lee.4843@inbox.net,France,2019-02-20,Standard,223.01
4844,Priya Smith,priya.smith.4844@inbox.net,India,2023-04-17,Standard,130.73
4845,James Garcia,james.garcia.4845@customer.co,India,2024-08-28,Standard,290.36
4846,Noah Mueller,noah.mueller.4846@shopmail.io,Canada,2025-08-30,Standard,848.34
4847,Liam Patel,liam.patel.4847@mail.example.com,United Kingdom,2020-09-18,Basic,262.74
4848,Arjun Singh,arjun.singh.4848@customer.co,Netherlands,2024-09-05,Standard,71.37
4849,Arjun Martin,arjun.martin.4849@customer.co,Italy,2019-01-14,Premium,374.87
4850,Lucas Wilson,lucas.wilson.4850@customer.co,United States,2018-01-21,Standard,918.85
4851,Ethan Lee,ethan.lee.4851@customer.co,India,2020-08-19,Standard,97.60
4852,Mia Khan,mia.khan.4852@inbox.net,Spain,2018-03-16,Standard,323.35
4853,Priya Singh,priya.singh.4853@inbox.net,India,2020-11-09,Basic,223.92
4854,Arjun Rossi,arjun.rossi.4854@customer.co,France,2021-01-28,Standard,103.42
4855,Arjun Garcia,arjun.garcia.4855@inbox.net,United Kingdom,2022-10-01,Standard,443.81
4856,Chen Wilson,chen.wilson.4856@inbox.net,India,2022-10-08,Standard,214.48
4857,Lucas Brown,lucas.brown.4857@mail.example.com,Italy,2020-02-17,Basic,326.04
4858,Mia Nguyen,mia.nguyen.4858@shopmail.io,United Kingdom,2023-01-11,Premium,416.47
4859,Noah Wilson,noah.wilson.4859@inbox.net,Australia,2024-06-13,Standard,261.35
4860,Maria Smith,maria.smith.4860@shopmail.io,Italy,2025-04-25,Standard,567.57
4861,Priya Wilson,priya.wilson.4861@customer.co,Netherlands,2023-05-10,Basic,230.19
4862,Emma Dubois,emma.dubois.4862@shopmail.io,Australia,2018-03-16,Basic,136.16
4863,Lucas Patel,lucas.patel.4863@customer.co,United States,2025-03-06,Standard,574.56
4864,Arjun Khan,arjun.khan.4864@inbox.net,Australia,2019-06-26,Standard,352.67
4865,Sofia Brown,sofia.brown.4865@customer.co,Spain,2021-01-07,Basic,144.80
4866,Sofia Nguyen,sofia.nguyen.4866@inbox.net,India,2020-05-12,Basic,562.42
4867,Aisha Wilson,aisha.wilson.4867@customer.co,United States,2024-05-04,Standard,166.63
4868,Mia Nguyen,mia.nguyen.4868@shopmail.io,Netherlands,2023-04-10,Basic,832.68
4869,Chen Taylor,chen.taylor.4869@inbox.net,Italy,2021-09-01,Standard,334.65
4870,Priya Taylor,priya.taylor.4870@customer.co,Germany,2025-03-27,Basic,232.27
4871,Noah Wilson,noah.wilson.4871@shopmail.io,Netherlands,2022-11-18,Standard,619.16
4872,Priya Dubois,priya.dubois.4872@customer.co,France,2022-01-16,Standard,286.22
4873,James Smith,james.smith.4873@mail.example.com,India,2021-12-24,Basic,309.58
4874,Aisha Singh,aisha.singh.4874@customer.co,Germany,2021-02-13,Standard,818.71
4875,Emma Patel,emma.patel.4875@inbox.net,Italy,2021-09-28,Standard,297.17
4876,James Wilson,james.wilson.4876@shopmail.io,Australia,2018-05-28,Basic,233.08
4877,Maria Brown,maria.brown.4877@mail.example.com,Netherlands,2025-01-03,Standard,143.07
4878,Olivia Garcia,olivia.garcia.4878@mail.example.com,France,2020-06-02,Standard,237.15
4879,Isabella Wilson,isabella.wilson.4879@shopmail.io,France,2023-05-22,Basic,706.42
4880,Liam Kim,liam.kim.4880@customer.co,Italy,2021-02-26,Premium,833.02
4881,Maria Taylor,maria.taylor.4881@customer.co,Italy,2024-11-16,Premium,558.31
4882,Maria Patel,maria.patel.4882@shopmail.io,United Kingdom,2019-03-15,Standard,211.04
4883,Olivia Garcia,olivia.garcia.4883@mail.example.com,Germany,2018-04-23,Standard,280.57
4884,Isabella Kim,isabella.kim.4884@mail.example.com,Australia,2024-10-04,Basic,612.42
4885,Noah Brown,noah.brown.4885@shopmail.io,Italy,2021-04-03,Standard,320.24
4886,Arjun Kim,arjun.kim.4886@customer.co,Germany,2023-12-11,Standard,112.88
4887,Olivia Mueller,olivia.mueller.4887@customer.co,Spain,2025-01-24,Standard,228.51
4888,Isabella Nguyen,isabella.nguyen.4888@shopmail.io,Netherlands,2023-04-30,Premium,36.05
4889,Isabella Garcia,isabella.garcia.4889@shopmail.io,United Kingdom,2022-07-01,Standard,85.00
4890,Chen Nguyen,chen.nguyen.4890@shopmail.io,India,2022-12-22,Premium,504.56
4891,Ethan Rossi,ethan.rossi.4891@customer.co,Spain,2020-10-04,Premium,1030.90
4892,Lucas Singh,lucas.singh.4892@shopmail.io,Spain,2025-06-20,Premium,493.88
4893,Olivia Rossi,olivia.rossi.4893@inbox.net,Netherlands,2019-11-10,Basic,94.41
4894,Olivia Singh,olivia.singh.4894@mail.example.com,United States,2021-04-21,Standard,243.14
4895,James Singh,james.singh.4895@inbox.net,Australia,2020-01-19,Standard,660.49
4896,Arjun Martin,arjun.martin.4896@mail.example.com,Spain,2018-07-25,Standard,469.04
4897,Chen Smith,chen.smith.4897@mail.example.com,Netherlands,2019-02-23,Standard,81.76
4898,Ethan Patel,ethan.patel.4898@shopmail.io,Netherlands,2018-08-19,Premium,413.72
4899,Mia Garcia,mia.garcia.4899@customer.co,Italy,2022-06-09,Standard,80.57
4900,Aisha Khan,aisha.khan.4900@mail.example.com,United States,2019-04-12,Standard,39.17
4901,Lucas Nguyen,lucas.nguyen.4901@shopmail.io,United Kingdom,2020-06-15,Standard,177.36
4902,Emma Smith,emma.smith.4902@inbox.net,Canada,2024-05-12,Standard,721.50
4903,Aisha Patel,aisha.patel.4903@mail.example.com,Netherlands,2020-08-13,Basic,218.13
4904,James Garcia,james.garcia.4904@inbox.net,France,2023-01-31,Basic,627.28
4905,Aisha Kim,aisha.kim.4905@mail.example.com,United Kingdom,2018-01-24,Basic,227.95
4906,Maria Lee,maria.lee.4906@shopmail.io,United Kingdom,2024-03-09,Basic,172.61
4907,Ethan Wilson,ethan.wilson.4907@mail.example.com,India,2018-11-13,Premium,340.10
4908,Aisha Taylor,aisha.taylor.4908@inbox.net,India,2018-08-06,Standard,87.64
4909,Chen Dubois,chen.dubois.4909@mail.example.com,Canada,2023-04-14,Standard,151.79
4910,Maria Patel,maria.patel.4910@customer.co,France,2018-10-14,Basic,192.29
4911,Lucas Patel,lucas.patel.4911@shopmail.io,Netherlands,2022-07-22,Standard,294.49
4912,Ethan Khan,ethan.khan.4912@inbox.net,India,2018-07-23,Premium,241.07
4913,Arjun Nguyen,arjun.nguyen.4913@inbox.net,Germany,2021-07-21,Standard,252.28
4914,Emma Nguyen,emma.nguyen.4914@inbox.net,Canada,2018-08-22,Premium,167.49
4915,Noah Rossi,noah.rossi.4915@inbox.net,United Kingdom,2023-07-09,Basic,506.01
4916,Sofia Wilson,sofia.wilson.4916@inbox.net,Netherlands,2019-03-24,Standard,79.62
4917,Isabella Patel,isabella.patel.4917@inbox.net,United States,2022-02-20,Standard,356.83
4918,Olivia Smith,olivia.smith.4918@customer.co,Australia,2023-07-01,Basic,324.35
4919,James Taylor,james.taylor.4919@customer.co,United States,2020-12-11,Premium,238.75
4920,Liam Martin,liam.martin.4920@customer.co,Germany,2022-07-15,Standard,172.15
4921,Emma Khan,emma.khan.4921@customer.co,United States,2018-09-23,Standard,255.67
4922,Sofia Wilson,sofia.wilson.4922@inbox.net,Germany,2022-08-10,Premium,205.70
4923,Olivia Mueller,olivia.mueller.4923@customer.co,Germany,2020-11-09,Basic,738.60
4924,Maria Brown,maria.brown.4924@shopmail.io,United States,2022-12-29,Basic,316.31
4925,Noah Lee,noah.lee.4925@inbox.net,Spain,2018-11-15,Standard,224.88
4926,Mia Mueller,mia.mueller.4926@shopmail.io,Italy,2025-04-18,Standard,169.98
4927,Isabella Singh,isabella.singh.4927@customer.co,Canada,2019-05-13,Standard,683.67
4928,Arjun Singh,arjun.singh.4928@inbox.net,India,2018-02-26,Basic,190.37
4929,Maria Martin,maria.martin.4929@mail.example.com,Spain,2018-01-25,Basic,191.95
4930,James Dubois,james.dubois.4930@customer.co,Australia,2022-01-25,Standard,233.00
4931,Emma Brown,emma.brown.4931@inbox.net,United States,2022-11-11,Premium,2149.99
4932,Noah Singh,noah.singh.4932@shopmail.io,Canada,2024-07-29,Premium,402.42
4933,Arjun Patel,arjun.patel.4933@shopmail.io,Netherlands,2019-12-25,Standard,386.11
4934,Lucas Nguyen,lucas.nguyen.4934@inbox.net,Canada,2018-08-11,Standard,259.64
4935,Mia Taylor,mia.taylor.4935@inbox.net,Italy,2023-12-25,Standard,489.78
4936,Arjun Taylor,arjun.taylor.4936@shopmail.io,United States,2023-12-20,Premium,170.05
4937,Aisha Brown,aisha.brown.4937@mail.example.com,United Kingdom,2022-07-11,Premium,91.24
4938,Arjun Lee,arjun.lee.4938@shopmail.io,Australia,2021-10-12,Premium,425.12
4939,Ethan Nguyen,ethan.nguyen.4939@inbox.net,Netherlands,2022-04-01,Basic,313.26
4940,Isabella Patel,isabella.patel.4940@customer.co,Spain,2022-06-13,Standard,126.07
4941,Mia Wilson,mia.wilson.4941@inbox.net,Spain,2023-06-23,Basic,111.36
4942,Aisha Dubois,aisha.dubois.4942@mail.example.com,Spain,2018-03-22,Premium,176.03
4943,Noah Rossi,noah.rossi.4943@inbox.net,France,2025-04-14,Standard,347.35
4944,Arjun Taylor,arjun.taylor.4944@customer.co,United Kingdom,2018-08-18,Standard,1168.92
4945,James Lee,james.lee.4945@customer.co,France,2024-04-27,Premium,175.99
4946,Aisha Smith,aisha.smith.4946@customer.co,India,2018-01-06,Basic,176.48
4947,Lucas Taylor,lucas.taylor.4947@mail.example.com,India,2021-02-04,Standard,900.83
4948,Ethan Wilson,ethan.wilson.4948@mail.example.com,Canada,2021-03-03,Basic,140.02
4949,Emma Dubois,emma.dubois.4949@shopmail.io,United States,2020-12-12,Standard,138.35
4950,Emma Smith,emma.smith.4950@shopmail.io,Netherlands,2022-10-09,Premium,404.38
4951,Liam Nguyen,liam.nguyen.4951@mail.example.com,Australia,2025-01-26,Premium,62.69
4952,Isabella Smith,isabella.smith.4952@customer.co,Netherlands,2021-09-07,Basic,60.93
4953,Liam Singh,liam.singh.4953@customer.co,Germany,2023-06-09,Standard,316.29
4954,Liam Smith,liam.smith.4954@mail.example.com,Netherlands,2019-11-02,Standard,251.88
4955,Sofia Nguyen,sofia.nguyen.4955@customer.co,Australia,2018-08-18,Standard,659.82
4956,Maria Kim,maria.kim.4956@inbox.net,Spain,2023-09-21,Standard,169.21
4957,Emma Lee,emma.lee.4957@mail.example.com,Spain,2025-02-14,Basic,192.45
4958,Liam Patel,liam.patel.4958@customer.co,United Kingdom,2019-06-05,Standard,197.66
4959,James Martin,james.martin.4959@customer.co,India,2024-07-05,Basic,409.48
4960,Ethan Dubois,ethan.dubois.4960@inbox.net,India,2025-01-03,Basic,44.45
4961,Chen Khan,chen.khan.4961@customer.co,Netherlands,2020-07-15,Basic,541.45
4962,Olivia Singh,olivia.singh.4962@shopmail.io,Australia,2019-12-31,Basic,95.40
4963,Arjun Kim,arjun.kim.4963@inbox.net,France,2022-08-13,Standard,204.36
4964,Isabella Smith,isabella.smith.4964@shopmail.io,Italy,2021-05-01,Standard,445.46
4965,Ethan Patel,ethan.patel.4965@inbox.net,India,2024-06-27,Premium,114.52
4966,Liam Wilson,liam.wilson.4966@mail.example.com,Canada,2021-07-14,Premium,125.02
4967,Lucas Rossi,lucas.rossi.4967@mail.example.com,Spain,2024-07-18,Basic,265.27
4968,Sofia Patel,sofia.patel.4968@mail.example.com,Spain,2023-01-08,Basic,197.95
4969,Ethan Taylor,ethan.taylor.4969@mail.example.com,Germany,2020-03-23,Standard,81.90
4970,James Mueller,james.mueller.4970@shopmail.io,Spain,2023-11-22,Premium,440.04
4971,Priya Khan,priya.khan.4971@shopmail.io,Australia,2018-04-21,Standard,351.12
4972,Ethan Martin,ethan.martin.4972@inbox.net,India,2022-10-23,Basic,29.36
4973,Olivia Mueller,olivia.mueller.4973@inbox.net,United States,2019-10-19,Standard,837.74
4974,Emma Nguyen,emma.nguyen.4974@inbox.net,France,2022-08-20,Standard,248.32
4975,Olivia Smith,olivia.smith.4975@mail.example.com,Spain,2023-11-24,Standard,859.53
4976,Chen Kim,chen.kim.4976@mail.example.com,United Kingdom,2024-10-29,Premium,747.19
4977,Isabella Rossi,isabella.rossi.4977@inbox.net,Australia,2019-02-11,Standard,139.25
4978,Olivia Martin,olivia.martin.4978@inbox.net,France,2022-07-12,Basic,251.06
4979,Emma Taylor,emma.taylor.4979@mail.example.com,India,2024-02-09,Basic,409.56
4980,Ethan Brown,ethan.brown.4980@inbox.net,Spain,2025-08-21,Premium,57.90
4981,Mia Taylor,mia.taylor.4981@mail.example.com,Canada,2019-11-01,Premium,725.69
4982,Sofia Garcia,sofia.garcia.4982@mail.example.com,India,2024-02-15,Standard,152.40
4983,Isabella Patel,isabella.patel.4983@customer.co,United Kingdom,2025-06-20,Standard,286.44
4984,Ethan Rossi,ethan.rossi.4984@shopmail.io,United Kingdom,2018-06-19,Basic,825.04
4985,Olivia Smith,olivia.smith.4985@customer.co,Canada,2020-11-20,Standard,75.55
4986,Mia Taylor,mia.taylor.4986@customer.co,Spain,2020-10-07,Basic,263.28
4987,Aisha Mueller,aisha.mueller.4987@inbox.net,Germany,2022-05-04,Standard,590.70
4988,James Garcia,james.garcia.4988@inbox.net,India,2021-05-04,Premium,382.24
4989,James Nguyen,james.nguyen.4989@customer.co,France,2025-03-07,Basic,345.22
4990,James Taylor,james.taylor.4990@shopmail.io,Netherlands,2023-11-17,Standard,397.07
4991,Chen Dubois,chen.dubois.4991@shopmail.io,Netherlands,2019-03-14,Basic,887.40
4992,Chen Brown,chen.brown.4992@mail.example.com,Canada,2018-11-25,Basic,726.15
4993,Sofia Khan,sofia.khan.4993@mail.example.com,France,2025-01-31,Basic,168.87
4994,Lucas Singh,lucas.singh.4994@shopmail.io,Canada,2023-05-23,Standard,233.79
4995,Ethan Rossi,ethan.rossi.4995@mail.example.com,Netherlands,2024-02-09,Standard,366.99
4996,Chen Singh,chen.singh.4996@inbox.net,India,2022-11-16,Standard,468.95
4997,Chen Smith,chen.smith.4997@inbox.net,Canada,2018-02-25,Standard,218.67
4998,Isabella Patel,isabella.patel.4998@inbox.net,Germany,2019-04-24,Standard,217.49
4999,Ethan Rossi,ethan.rossi.4999@inbox.net,Australia,2025-01-29,Standard,250.16
5000,Chen Nguyen,chen.nguyen.5000@customer.co,Australia,2024-04-21,Basic,337.59
5001,Isabella Brown,isabella.brown.5001@mail.example.com,Netherlands,2019-10-26,Standard,142.05
5002,Chen Martin,chen.martin.5002@mail.example.com,United Kingdom,2021-07-11,Standard,288.97
5003,Isabella Mueller,isabella.mueller.5003@shopmail.io,Spain,2022-07-26,Premium,254.92
5004,Priya Taylor,priya.taylor.5004@inbox.net,Germany,2019-09-28,Standard,436.76
5005,Sofia Lee,sofia.lee.5005@inbox.net,Germany,2024-04-25,Basic,198.10
5006,Noah Dubois,noah.dubois.5006@inbox.net,Australia,2023-07-30,Standard,117.55
5007,Liam Lee,liam.lee.5007@inbox.net,United Kingdom,2021-06-04,Standard,275.57
5008,Arjun Khan,arjun.khan.5008@customer.co,United States,2025-04-06,Standard,193.08
5009,Noah Smith,noah.smith.5009@inbox.net,United States,2024-07-26,Premium,206.88
5010,Isabella Brown,isabella.brown.5010@mail.example.com,United States,2018-07-12,Premium,284.10
5011,Ethan Patel,ethan.patel.5011@customer.co,Canada,2021-10-23,Standard,135.19
5012,Liam Dubois,liam.dubois.5012@inbox.net,Canada,2025-04-19,Basic,427.93
5013,Lucas Garcia,lucas.garcia.5013@customer.co,Spain,2024-05-26,Basic,52.89
5014,Olivia Dubois,olivia.dubois.5014@mail.example.com,Netherlands,2020-03-23,Basic,1052.41
5015,Chen Patel,chen.patel.5015@inbox.net,Italy,2019-03-11,Standard,110.96
5016,James Martin,james.martin.5016@inbox.net,United Kingdom,2019-04-29,Standard,421.33
5017,Arjun Singh,arjun.singh.5017@shopmail.io,Australia,2018-05-18,Premium,333.73
5018,James Brown,james.brown.5018@inbox.net,Canada,2020-10-01,Standard,100.21
5019,Liam Wilson,liam.wilson.5019@customer.co,Germany,2022-11-01,Standard,109.08
5020,Priya Lee,priya.lee.5020@shopmail.io,Canada,2023-08-07,Basic,100.87
5021,Mia Singh,mia.singh.5021@inbox.net,United States,2019-10-05,Standard,171.81
5022,Olivia Nguyen,olivia.nguyen.5022@inbox.net,Australia,2022-01-11,Basic,464.48
5023,Ethan Lee,ethan.lee.5023@shopmail.io,United States,2020-12-02,Basic,241.54
5024,Lucas Patel,lucas.patel.5024@shopmail.io,France,2018-07-23,Standard,457.69
5025,Isabella Wilson,isabella.wilson.5025@shopmail.io,United States,2025-05-22,Premium,544.89
5026,Aisha Lee,aisha.lee.5026@customer.co,France,2020-07-22,Basic,225.88
5027,Isabella Martin,isabella.martin.5027@inbox.net,Spain,2022-10-22,Basic,294.42
5028,Mia Dubois,mia.dubois.5028@mail.example.com,Canada,2023-04-20,Standard,322.00
5029,Emma Garcia,emma.garcia.5029@customer.co,Italy,2023-05-24,Standard,333.19
5030,Chen Khan,chen.khan.5030@customer.co,United Kingdom,2024-04-24,Basic,477.52
5031,Isabella Smith,isabella.smith.5031@mail.example.com,United States,2018-05-12,Standard,569.26
5032,Ethan Rossi,ethan.rossi.5032@shopmail.io,United Kingdom,2022-04-03,Standard,294.93
5033,Priya Mueller,priya.mueller.5033@customer.co,Spain,2021-11-29,Premium,136.52
5034,Ethan Singh,ethan.singh.5034@mail.example.com,United States,2021-11-03,Basic,407.88
5035,Priya Nguyen,priya.nguyen.5035@customer.co,France,2020-12-19,Standard,273.11
5036,Priya Nguyen,priya.nguyen.5036@shopmail.io,France,2021-03-20,Basic,193.89
5037,Aisha Dubois,aisha.dubois.5037@mail.example.com,India,2025-04-25,Standard,420.60
5038,Aisha Patel,aisha.patel.5038@customer.co,France,2021-08-14,Basic,143.60
5039,Mia Singh,mia.singh.5039@inbox.net,France,2019-05-21,Standard,886.09
5040,Chen Taylor,chen.taylor.5040@shopmail.io,India,2021-06-17,Premium,610.67
5041,Priya Garcia,priya.garcia.5041@customer.co,Canada,2023-07-24,Premium,310.56
5042,Olivia Taylor,olivia.taylor.5042@inbox.net,United States,2023-06-21,Standard,669.50
5043,James Nguyen,james.nguyen.5043@mail.example.com,India,2019-06-18,Basic,199.67
5044,Noah Lee,noah.lee.5044@customer.co,France,2019-06-17,Standard,222.74
5045,Noah Nguyen,noah.nguyen.5045@inbox.net,United States,2023-05-26,Standard,285.45
5046,Olivia Rossi,olivia.rossi.5046@inbox.net,Italy,2023-10-20,Basic,618.01
5047,Emma Singh,emma.singh.5047@inbox.net,France,2022-05-12,Standard,87.16
5048,Ethan Khan,ethan.khan.5048@customer.co,United Kingdom,2025-08-12,Premium,255.00
5049,Isabella Rossi,isabella.rossi.5049@customer.co,Netherlands,2024-05-18,Standard,113.66
5050,Chen Taylor,chen.taylor.5050@mail.example.com,United Kingdom,2022-09-14,Premium,1266.21
5051,Isabella Dubois,isabella.dubois.5051@customer.co,Germany,2023-05-27,Standard,98.01
5052,Mia Mueller,mia.mueller.5052@shopmail.io,France,2020-04-18,Standard,183.99
5053,Maria Lee,maria.lee.5053@shopmail.io,Canada,2023-07-21,Standard,535.56
5054,Sofia Dubois,sofia.dubois.5054@shopmail.io,United Kingdom,2018-03-25,Standard,156.39
5055,Isabella Smith,isabella.smith.5055@customer.co,Italy,2024-04-25,Basic,94.09
5056,Sofia Dubois,sofia.dubois.5056@inbox.net,United States,2018-01-21,Basic,348.30
5057,Sofia Patel,sofia.patel.5057@mail.example.com,India,2020-03-02,Standard,536.78
5058,Maria Rossi,maria.rossi.5058@inbox.net,India,2024-09-15,Basic,182.01
5059,Aisha Garcia,aisha.garcia.5059@shopmail.io,Netherlands,2021-03-21,Basic,220.40
5060,Priya Wilson,priya.wilson.5060@inbox.net,Australia,2020-03-07,Basic,387.30
5061,Maria Patel,maria.patel.5061@shopmail.io,Spain,2023-07-09,Basic,130.41
5062,Chen Wilson,chen.wilson.5062@shopmail.io,United Kingdom,2021-06-25,Standard,213.24
5063,Arjun Lee,arjun.lee.5063@mail.example.com,Italy,2024-05-01,Standard,326.64
5064,Noah Lee,noah.lee.5064@shopmail.io,Spain,2021-02-12,Standard,158.79
5065,James Rossi,james.rossi.5065@inbox.net,Netherlands,2025-06-16,Basic,345.87
5066,Maria Wilson,maria.wilson.5066@inbox.net,Spain,2021-09-19,Standard,459.09
5067,James Lee,james.lee.5067@shopmail.io,Australia,2018-12-30,Standard,185.54
5068,Priya Dubois,priya.dubois.5068@shopmail.io,United States,2023-05-08,Premium,354.76
5069,Sofia Rossi,sofia.rossi.5069@inbox.net,India,2018-11-13,Premium,75.11
5070,Ethan Brown,ethan.brown.5070@mail.example.com,United Kingdom,2021-09-25,Basic,664.04
5071,James Martin,james.martin.5071@inbox.net,India,2021-05-30,Standard,193.34
5072,Emma Nguyen,emma.nguyen.5072@inbox.net,Australia,2023-02-19,Standard,571.80
5073,Mia Kim,mia.kim.5073@customer.co,United Kingdom,2018-08-29,Basic,308.16
5074,Sofia Smith,sofia.smith.5074@shopmail.io,France,2018-08-12,Standard,868.10
5075,Ethan Khan,ethan.khan.5075@inbox.net,United States,2022-09-09,Standard,130.91
5076,Arjun Patel,arjun.patel.5076@inbox.net,France,2018-02-21,Basic,619.85
5077,Sofia Kim,sofia.kim.5077@mail.example.com,Netherlands,2023-12-04,Basic,452.25
5078,Maria Lee,maria.lee.5078@mail.example.com,Italy,2025-04-13,Basic,187.24
5079,Noah Patel,noah.patel.5079@mail.example.com,India,2024-10-09,Standard,559.28
5080,James Kim,james.kim.5080@mail.example.com,Netherlands,2025-05-14,Standard,282.33
5081,Arjun Rossi,arjun.rossi.5081@inbox.net,France,2019-03-02,Standard,382.28
5082,Ethan Rossi,ethan.rossi.5082@inbox.net,United States,2024-02-29,Basic,216.11
5083,Emma Mueller,emma.mueller.5083@inbox.net,Spain,2023-10-19,Standard,248.58
5084,Liam Martin,liam.martin.5084@shopmail.io,Canada,2020-06-06,Standard,692.89
5085,Emma Nguyen,emma.nguyen.5085@shopmail.io,Netherlands,2020-11-04,Standard,268.10
5086,Mia Taylor,mia.taylor.5086@customer.co,Canada,2023-06-23,Premium,334.50
5087,Arjun Nguyen,arjun.nguyen.5087@shopmail.io,France,2022-04-25,Standard,195.36
5088,Emma Wilson,emma.wilson.5088@customer.co,India,2023-01-02,Premium,308.55
5089,Isabella Martin,isabella.martin.5089@customer.co,India,2021-06-17,Standard,89.60
5090,Ethan Lee,ethan.lee.5090@inbox.net,Australia,2018-08-18,Basic,347.49
5091,Ethan Mueller,ethan.mueller.5091@inbox.net,France,2023-04-06,Standard,158.39
5092,Olivia Patel,olivia.patel.5092@mail.example.com,Australia,2019-03-12,Basic,53.89
5093,Olivia Martin,olivia.martin.5093@mail.example.com,United States,2021-02-03,Premium,38.82
5094,Mia Singh,mia.singh.5094@customer.co,Italy,2020-12-08,Standard,89.06
5095,James Khan,james.khan.5095@inbox.net,Spain,2024-05-01,Standard,1379.94
5096,Mia Patel,mia.patel.5096@inbox.net,Spain,2024-09-09,Basic,417.29
5097,James Smith,james.smith.5097@mail.example.com,India,2023-11-11,Standard,556.78
5098,Maria Dubois,maria.dubois.5098@inbox.net,India,2022-05-12,Basic,31.63
5099,Maria Patel,maria.patel.5099@customer.co,Germany,2018-01-09,Standard,231.81
5100,Noah Dubois,noah.dubois.5100@customer.co,Spain,2019-09-22,Basic,156.04
5101,Liam Lee,liam.lee.5101@customer.co,Netherlands,2019-12-25,Premium,338.52
5102,Liam Smith,liam.smith.5102@inbox.net,Germany,2019-09-16,Premium,152.36
5103,Priya Mueller,priya.mueller.5103@customer.co,United Kingdom,2024-11-03,Standard,345.50
5104,Liam Rossi,liam.rossi.5104@shopmail.io,Germany,2022-01-26,Basic,159.62
5105,Maria Rossi,maria.rossi.5105@shopmail.io,Canada,2024-12-25,Standard,561.76
5106,Arjun Garcia,arjun.garcia.5106@inbox.net,United States,2023-12-18,Basic,178.58
5107,Sofia Rossi,sofia.rossi.5107@shopmail.io,France,2024-12-02,Standard,374.46
5108,Priya Martin,priya.martin.5108@customer.co,Canada,2024-01-14,Standard,196.10
5109,Isabella Garcia,isabella.garcia.5109@mail.example.com,Australia,2025-04-08,Premium,252.43
5110,Arjun Nguyen,arjun.nguyen.5110@customer.co,United Kingdom,2020-05-13,Standard,460.64
5111,Ethan Taylor,ethan.taylor.5111@shopmail.io,Germany,2020-04-18,Basic,181.49
5112,Emma Nguyen,emma.nguyen.5112@shopmail.io,United Kingdom,2023-03-11,Premium,606.53
5113,Sofia Dubois,sofia.dubois.5113@shopmail.io,Germany,2021-02-15,Premium,112.57
5114,Aisha Mueller,aisha.mueller.5114@customer.co,Netherlands,2024-06-17,Standard,121.88
5115,Mia Brown,mia.brown.5115@inbox.net,France,2020-07-01,Standard,201.88
5116,Sofia Smith,sofia.smith.5116@customer.co,Australia,2023-11-14,Premium,1818.62
5117,James Dubois,james.dubois.5117@customer.co,United States,2023-05-04,Standard,261.31
5118,Arjun Lee,arjun.lee.5118@customer.co,Spain,2022-12-11,Standard,252.84
5119,Lucas Garcia,lucas.garcia.5119@shopmail.io,Australia,2023-09-07,Standard,78.00
5120,Emma Martin,emma.martin.5120@shopmail.io,India,2019-08-12,Standard,193.61
5121,Isabella Kim,isabella.kim.5121@mail.example.com,United Kingdom,2018-12-12,Basic,721.22
5122,Sofia Kim,sofia.kim.5122@mail.example.com,France,2021-05-16,Basic,343.32
5123,Isabella Patel,isabella.patel.5123@inbox.net,Spain,2023-09-18,Basic,87.69
5124,Lucas Lee,lucas.lee.5124@inbox.net,Italy,2024-08-04,Standard,349.32
5125,Olivia Singh,olivia.singh.5125@shopmail.io,Spain,2024-07-17,Premium,644.83
5126,Olivia Martin,olivia.martin.5126@shopmail.io,Italy,2022-05-18,Basic,976.78
5127,Isabella Wilson,isabella.wilson.5127@shopmail.io,Netherlands,2022-05-13,Standard,367.01
5128,Liam Khan,liam.khan.5128@inbox.net,Germany,2019-11-24,Standard,59.25
5129,Chen Smith,chen.smith.5129@customer.co,India,2020-11-16,Standard,469.11
5130,Priya Mueller,priya.mueller.5130@inbox.net,United Kingdom,2020-05-08,Basic,76.35
5131,Olivia Smith,olivia.smith.5131@inbox.net,United States,2022-11-07,Standard,487.10
5132,Ethan Rossi,ethan.rossi.5132@customer.co,United Kingdom,2018-06-01,Basic,88.41
5133,Noah Lee,noah.lee.5133@shopmail.io,United Kingdom,2022-04-11,Basic,56.02
5134,Chen Rossi,chen.rossi.5134@customer.co,Netherlands,2019-03-10,Standard,410.25
5135,Isabella Smith,isabella.smith.5135@customer.co,India,2024-09-17,Standard,430.92
5136,Sofia Lee,sofia.lee.5136@inbox.net,Italy,2021-05-14,Basic,188.37
5137,Maria Garcia,maria.garcia.5137@mail.example.com,Spain,2023-10-09,Standard,93.09
5138,Isabella Khan,isabella.khan.5138@mail.example.com,United Kingdom,2018-01-15,Standard,207.50
5139,Emma Patel,emma.patel.5139@shopmail.io,India,2023-09-26,Standard,124.39
5140,James Taylor,james.taylor.5140@customer.co,France,2023-06-22,Standard,63.67
5141,Chen Khan,chen.khan.5141@inbox.net,Netherlands,2022-09-03,Premium,118.14
5142,Aisha Wilson,aisha.wilson.5142@mail.example.com,Canada,2020-08-12,Standard,59.07
5143,Olivia Dubois,olivia.dubois.5143@inbox.net,Italy,2023-06-23,Standard,51.68
5144,Sofia Khan,sofia.khan.5144@mail.example.com,Spain,2019-05-13,Standard,365.52
5145,Olivia Khan,olivia.khan.5145@inbox.net,Canada,2023-03-11,Basic,69.66
5146,Chen Rossi,chen.rossi.5146@inbox.net,Australia,2024-12-10,Premium,128.34
5147,Lucas Singh,lucas.singh.5147@mail.example.com,Netherlands,2023-12-02,Standard,325.67
5148,Maria Singh,maria.singh.5148@customer.co,Spain,2024-02-09,Basic,162.71
5149,Olivia Patel,olivia.patel.5149@shopmail.io,United States,2022-08-25,Basic,274.97
5150,Aisha Smith,aisha.smith.5150@inbox.net,Germany,2022-06-12,Basic,109.65
5151,Maria Taylor,maria.taylor.5151@shopmail.io,United Kingdom,2018-06-24,Basic,67.92
5152,James Dubois,james.dubois.5152@shopmail.io,Australia,2018-09-21,Basic,208.06
5153,Aisha Brown,aisha.brown.5153@mail.example.com,United Kingdom,2020-05-31,Basic,139.38
5154,Priya Singh,priya.singh.5154@mail.example.com,Italy,2021-06-30,Basic,393.96
5155,James Patel,james.patel.5155@inbox.net,United Kingdom,2020-08-25,Basic,434.10
5156,Arjun Brown,arjun.brown.5156@inbox.net,Germany,2018-05-29,Premium,231.51
5157,Priya Martin,priya.martin.5157@customer.co,France,2020-09-14,Standard,2477.28
5158,Aisha Nguyen,aisha.nguyen.5158@mail.example.com,United States,2021-07-03,Premium,208.45
5159,Arjun Wilson,arjun.wilson.5159@shopmail.io,United States,2022-01-27,Standard,202.27
5160,Priya Patel,priya.patel.5160@inbox.net,Netherlands,2020-04-11,Basic,158.01
5161,James Wilson,james.wilson.5161@shopmail.io,Canada,2018-01-01,Basic,1604.24
5162,Emma Mueller,emma.mueller.5162@inbox.net,India,2021-10-14,Premium,497.69
5163,Aisha Kim,aisha.kim.5163@customer.co,Netherlands,2021-02-12,Standard,131.81
5164,Aisha Kim,aisha.kim.5164@mail.example.com,United States,2018-04-24,Standard,636.45
5165,Isabella Taylor,isabella.taylor.5165@inbox.net,Australia,2018-06-29,Standard,153.50
5166,Maria Martin,maria.martin.5166@customer.co,India,2022-01-25,Standard,264.06
5167,James Wilson,james.wilson.5167@customer.co,Australia,2023-09-24,Basic,147.41
5168,Lucas Lee,lucas.lee.5168@customer.co,Germany,2018-08-29,Basic,672.71
5169,Maria Taylor,maria.taylor.5169@shopmail.io,France,2019-11-24,Premium,402.16
5170,James Patel,james.patel.5170@mail.example.com,India,2018-03-06,Standard,145.27
5171,Arjun Rossi,arjun.rossi.5171@inbox.net,Australia,2019-05-07,Premium,237.88
5172,Mia Martin,mia.martin.5172@mail.example.com,Canada,2022-07-02,Standard,211.78
5173,Maria Dubois,maria.dubois.5173@customer.co,France,2024-10-10,Standard,141.63
5174,Priya Brown,priya.brown.5174@inbox.net,Germany,2018-02-11,Standard,299.75
5175,Chen Dubois,chen.dubois.5175@customer.co,Netherlands,2022-03-23,Premium,440.49
5176,Isabella Mueller,isabella.mueller.5176@inbox.net,United Kingdom,2024-07-12,Premium,175.25
5177,Mia Singh,mia.singh.5177@customer.co,Australia,2024-07-05,Basic,192.69
5178,Sofia Nguyen,sofia.nguyen.5178@shopmail.io,Italy,2018-03-17,Premium,266.84
5179,Noah Martin,noah.martin.5179@customer.co,India,2020-11-07,Standard,175.43
5180,Chen Khan,chen.khan.5180@inbox.net,United Kingdom,2018-06-05,Standard,125.92
5181,Isabella Rossi,isabella.rossi.5181@customer.co,United States,2025-03-26,Premium,253.11
5182,Olivia Patel,olivia.patel.5182@mail.example.com,Germany,2020-03-22,Standard,213.68
5183,Noah Smith,noah.smith.5183@customer.co,Germany,2021-10-06,Standard,217.27
5184,Sofia Dubois,sofia.dubois.5184@customer.co,United Kingdom,2023-01-18,Basic,311.02
5185,Noah Garcia,noah.garcia.5185@customer.co,Canada,2018-10-11,Basic,484.06
5186,Emma Nguyen,emma.nguyen.5186@inbox.net,Italy,2018-05-29,Standard,85.54
5187,Sofia Khan,sofia.khan.5187@inbox.net,France,2024-11-18,Standard,289.31
5188,Aisha Kim,aisha.kim.5188@mail.example.com,United States,2024-02-03,Basic,316.23
5189,Chen Khan,chen.khan.5189@mail.example.com,India,2021-03-12,Standard,221.06
5190,Noah Mueller,noah.mueller.5190@customer.co,India,2019-11-26,Basic,178.19
5191,Sofia Dubois,sofia.dubois.5191@mail.example.com,Canada,2020-10-12,Premium,147.53
5192,Isabella Wilson,isabella.wilson.5192@inbox.net,United States,2024-07-04,Basic,278.81
5193,Ethan Dubois,ethan.dubois.5193@customer.co,Australia,2019-03-15,Premium,222.69
5194,Liam Kim,liam.kim.5194@customer.co,Germany,2018-02-15,Standard,505.57
5195,Aisha Garcia,aisha.garcia.5195@inbox.net,Australia,2024-04-30,Basic,578.99
5196,Maria Taylor,maria.taylor.5196@customer.co,Germany,2023-12-12,Basic,572.50
5197,Arjun Kim,arjun.kim.5197@mail.example.com,India,2023-06-26,Basic,506.22
5198,Aisha Dubois,aisha.dubois.5198@mail.example.com,France,2024-04-21,Premium,331.08
5199,Mia Taylor,mia.taylor.5199@inbox.net,Netherlands,2022-07-04,Standard,94.32
5200,Ethan Garcia,ethan.garcia.5200@mail.example.com,United States,2021-09-07,Standard,826.44
5201,James Wilson,james.wilson.5201@customer.co,Netherlands,2021-04-16,Standard,89.18
5202,Mia Khan,mia.khan.5202@inbox.net,Italy,2019-04-22,Standard,560.27
5203,Mia Mueller,mia.mueller.5203@shopmail.io,Spain,2025-03-20,Standard,219.18
5204,Liam Kim,liam.kim.5204@customer.co,India,2023-07-22,Premium,502.10
5205,Noah Rossi,noah.rossi.5205@inbox.net,Germany,2022-08-03,Standard,1115.91
5206,Aisha Garcia,aisha.garcia.5206@mail.example.com,France,2025-08-02,Basic,814.58
5207,Arjun Lee,arjun.lee.5207@customer.co,United Kingdom,2020-12-23,Standard,163.92
5208,Maria Lee,maria.lee.5208@shopmail.io,Germany,2024-06-22,Standard,163.14
5209,Isabella Taylor,isabella.taylor.5209@inbox.net,United States,2021-12-21,Standard,627.55
5210,Isabella Martin,isabella.martin.5210@mail.example.com,Germany,2025-08-20,Standard,303.47
5211,Liam Garcia,liam.garcia.5211@customer.co,France,2023-03-10,Basic,214.75
5212,Aisha Taylor,aisha.taylor.5212@customer.co,France,2021-03-22,Premium,160.98
5213,Maria Kim,maria.kim.5213@inbox.net,Spain,2019-08-09,Standard,566.76
5214,Noah Patel,noah.patel.5214@inbox.net,Germany,2018-04-14,Premium,388.69
5215,Emma Kim,emma.kim.5215@shopmail.io,Australia,2021-07-02,Standard,389.52
5216,Maria Mueller,maria.mueller.5216@inbox.net,Canada,2023-01-26,Basic,168.71
5217,Mia Dubois,mia.dubois.5217@shopmail.io,India,2022-07-07,Basic,180.39
5218,Aisha Singh,aisha.singh.5218@customer.co,France,2024-02-26,Standard,1484.72
5219,Aisha Smith,aisha.smith.5219@mail.example.com,India,2022-03-10,Premium,270.90
5220,Mia Brown,mia.brown.5220@customer.co,United Kingdom,2023-09-13,Premium,255.32
5221,Priya Rossi,priya.rossi.5221@shopmail.io,Spain,2023-11-29,Premium,149.14
5222,Isabella Garcia,isabella.garcia.5222@inbox.net,United States,2024-02-11,Standard,230.24
5223,Emma Kim,emma.kim.5223@customer.co,Italy,2020-03-10,Basic,218.42
5224,Lucas Patel,lucas.patel.5224@shopmail.io,Spain,2018-01-29,Standard,589.70
5225,Liam Nguyen,liam.nguyen.5225@shopmail.io,Canada,2024-05-14,Premium,46.49
5226,Maria Lee,maria.lee.5226@shopmail.io,Netherlands,2020-03-20,Premium,148.52
5227,Olivia Martin,olivia.martin.5227@shopmail.io,Netherlands,2025-04-12,Basic,265.99
5228,Chen Dubois,chen.dubois.5228@mail.example.com,Spain,2018-11-04,Standard,651.29
5229,Sofia Nguyen,sofia.nguyen.5229@shopmail.io,United States,2019-12-18,Basic,319.95
5230,Maria Kim,maria.kim.5230@mail.example.com,Netherlands,2023-11-05,Standard,118.75
5231,Emma Brown,emma.brown.5231@mail.example.com,Netherlands,2019-10-17,Premium,250.05
5232,Noah Dubois,noah.dubois.5232@mail.example.com,Australia,2018-05-05,Standard,121.99
5233,Aisha Rossi,aisha.rossi.5233@shopmail.io,Netherlands,2024-11-01,Premium,237.81
5234,Priya Kim,priya.kim.5234@shopmail.io,United States,2024-03-28,Standard,438.29
5235,Mia Garcia,mia.garcia.5235@mail.example.com,Canada,2022-10-10,Basic,1616.15
5236,Ethan Nguyen,ethan.nguyen.5236@inbox.net,Italy,2023-10-17,Standard,56.90
5237,Lucas Garcia,lucas.garcia.5237@inbox.net,United Kingdom,2025-08-13,Standard,194.62
5238,Maria Nguyen,maria.nguyen.5238@mail.example.com,India,2023-08-04,Standard,387.20
5239,Olivia Smith,olivia.smith.5239@mail.example.com,United Kingdom,2021-02-08,Premium,289.98
5240,Lucas Patel,lucas.patel.5240@shopmail.io,United States,2024-04-20,Basic,134.69
5241,Aisha Khan,aisha.khan.5241@customer.co,India,2020-02-01,Standard,143.58
5242,Aisha Wilson,aisha.wilson.5242@mail.example.com,Netherlands,2020-06-25,Standard,384.95
5243,Isabella Khan,isabella.khan.5243@mail.example.com,India,2020-02-11,Premium,29.63
5244,Ethan Dubois,ethan.dubois.5244@shopmail.io,India,2024-04-01,Standard,191.10
5245,Ethan Wilson,ethan.wilson.5245@customer.co,United Kingdom,2022-08-19,Standard,157.16
5246,Ethan Taylor,ethan.taylor.5246@shopmail.io,Netherlands,2022-03-02,Standard,156.24
5247,Noah Khan,noah.khan.5247@shopmail.io,Australia,2023-05-28,Premium,483.09
5248,Emma Singh,emma.singh.5248@shopmail.io,Italy,2021-02-06,Basic,565.36
5249,Sofia Taylor,sofia.taylor.5249@shopmail.io,Netherlands,2021-04-09,Standard,819.44
5250,Liam Taylor,liam.taylor.5250@inbox.net,United States,2021-03-01,Basic,485.20
5251,Chen Mueller,chen.mueller.5251@inbox.net,Netherlands,2025-03-08,Standard,85.73
5252,James Garcia,james.garcia.5252@customer.co,Italy,2024-03-24,Premium,230.77
5253,Olivia Dubois,olivia.dubois.5253@mail.example.com,France,2022-11-30,Premium,209.13
5254,Lucas Brown,lucas.brown.5254@shopmail.io,Spain,2018-05-07,Standard,127.07
5255,Liam Kim,liam.kim.5255@mail.example.com,Spain,2022-03-18,Standard,575.57
5256,Sofia Nguyen,sofia.nguyen.5256@mail.example.com,Italy,2024-08-28,Basic,78.73
5257,Emma Dubois,emma.dubois.5257@shopmail.io,United Kingdom,2020-08-20,Basic,374.74
5258,Chen Rossi,chen.rossi.5258@customer.co,Italy,2021-04-06,Standard,103.01
5259,Chen Nguyen,chen.nguyen.5259@customer.co,Netherlands,2021-05-19,Basic,186.19
5260,Olivia Brown,olivia.brown.5260@mail.example.com,Australia,2022-06-04,Standard,238.65
5261,James Wilson,james.wilson.5261@customer.co,United Kingdom,2018-07-28,Basic,266.58
5262,Ethan Brown,ethan.brown.5262@inbox.net,United Kingdom,2022-07-30,Premium,78.41
5263,Mia Khan,mia.khan.5263@mail.example.com,Netherlands,2022-03-31,Standard,99.02
5264,Noah Smith,noah.smith.5264@customer.co,India,2024-09-26,Basic,127.72
5265,Emma Martin,emma.martin.5265@shopmail.io,India,2024-12-13,Standard,249.62
5266,Emma Nguyen,emma.nguyen.5266@inbox.net,United States,2022-04-24,Standard,516.09
5267,Olivia Kim,olivia.kim.5267@shopmail.io,Canada,2024-10-26,Standard,194.71
5268,Lucas Rossi,lucas.rossi.5268@mail.example.com,Spain,2019-04-18,Basic,297.31
5269,Olivia Singh,olivia.singh.5269@mail.example.com,Canada,2025-03-04,Basic,250.88
5270,James Kim,james.kim.5270@inbox.net,Canada,2021-09-28,Standard,141.53
5271,Maria Garcia,maria.garcia.5271@shopmail.io,Netherlands,2024-11-13,Basic,47.81
5272,James Wilson,james.wilson.5272@shopmail.io,United States,2024-09-26,Premium,1814.11
5273,Priya Martin,priya.martin.5273@shopmail.io,Canada,2021-08-18,Standard,323.65
5274,Sofia Wilson,sofia.wilson.5274@mail.example.com,Netherlands,2020-01-30,Standard,286.26
5275,Sofia Brown,sofia.brown.5275@mail.example.com,India,2025-03-09,Standard,175.49
5276,Aisha Brown,aisha.brown.5276@customer.co,United Kingdom,2018-08-04,Standard,224.56
5277,Liam Patel,liam.patel.5277@inbox.net,Netherlands,2024-10-19,Standard,235.56
5278,Sofia Khan,sofia.khan.5278@shopmail.io,Germany,2021-01-16,Standard,341.09
5279,Arjun Rossi,arjun.rossi.5279@inbox.net,Netherlands,2021-07-08,Standard,160.73
5280,Sofia Khan,sofia.khan.5280@shopmail.io,Spain,2025-01-02,Standard,122.93
5281,Mia Martin,mia.martin.5281@shopmail.io,India,2024-08-05,Standard,130.40
5282,Emma Brown,emma.brown.5282@inbox.net,India,2023-06-18,Standard,554.79
5283,Liam Khan,liam.khan.5283@inbox.net,Italy,2018-02-03,Standard,199.44
5284,Olivia Khan,olivia.khan.5284@mail.example.com,Canada,2019-05-16,Standard,192.47
5285,Olivia Martin,olivia.martin.5285@customer.co,Italy,2018-08-05,Standard,385.34
5286,Priya Mueller,priya.mueller.5286@inbox.net,United States,2023-01-29,Basic,155.10
5287,Chen Nguyen,chen.nguyen.5287@inbox.net,United Kingdom,2018-09-07,Standard,190.05
5288,Ethan Nguyen,ethan.nguyen.5288@inbox.net,Canada,2018-08-13,Standard,418.47
5289,Emma Nguyen,emma.nguyen.5289@mail.example.com,Canada,2022-04-13,Basic,481.54
5290,Isabella Smith,isabella.smith.5290@mail.example.com,United States,2024-04-12,Standard,143.31
5291,Priya Lee,priya.lee.5291@inbox.net,Australia,2018-05-01,Standard,241.49
5292,Maria Kim,maria.kim.5292@shopmail.io,Australia,2022-06-01,Standard,330.80
5293,Emma Wilson,emma.wilson.5293@inbox.net,France,2019-01-12,Standard,357.13
5294,Isabella Singh,isabella.singh.5294@inbox.net,India,2022-12-06,Basic,90.40
5295,Lucas Khan,lucas.khan.5295@shopmail.io,France,2024-04-19,Basic,199.44
5296,Noah Kim,noah.kim.5296@inbox.net,Germany,2021-05-26,Basic,48.37
5297,Priya Wilson,priya.wilson.5297@customer.co,India,2022-06-13,Standard,219.00
5298,Sofia Khan,sofia.khan.5298@customer.co,France,2022-06-03,Basic,289.46
5299,Liam Mueller,liam.mueller.5299@inbox.net,India,2019-11-29,Basic,174.80
5300,James Dubois,james.dubois.5300@shopmail.io,Canada,2023-09-11,Standard,94.98
5301,Chen Taylor,chen.taylor.5301@mail.example.com,Canada,2025-02-05,Premium,138.81
5302,Sofia Brown,sofia.brown.5302@mail.example.com,United Kingdom,2024-09-28,Standard,367.57
5303,Chen Dubois,chen.dubois.5303@customer.co,United Kingdom,2021-07-07,Standard,119.11
5304,Priya Singh,priya.singh.5304@shopmail.io,Netherlands,2022-09-30,Standard,574.38
5305,Olivia Brown,olivia.brown.5305@shopmail.io,France,2020-07-15,Basic,211.68
5306,Aisha Wilson,aisha.wilson.5306@customer.co,Netherlands,2022-06-01,Standard,269.05
5307,Noah Patel,noah.patel.5307@shopmail.io,Italy,2022-01-30,Standard,944.61
5308,James Martin,james.martin.5308@customer.co,United Kingdom,2025-02-19,Standard,114.57
5309,Priya Dubois,priya.dubois.5309@inbox.net,Australia,2019-07-30,Basic,1217.59
5310,Aisha Mueller,aisha.mueller.5310@customer.co,Canada,2022-10-26,Standard,175.82
5311,Lucas Patel,lucas.patel.5311@customer.co,India,2023-02-07,Premium,308.79
5312,Priya Garcia,priya.garcia.5312@shopmail.io,Spain,2024-09-30,Standard,183.91
5313,Maria Dubois,maria.dubois.5313@shopmail.io,Australia,2025-03-08,Standard,134.66
5314,Liam Wilson,liam.wilson.5314@inbox.net,United States,2023-07-27,Premium,139.08
5315,Lucas Taylor,lucas.taylor.5315@customer.co,Netherlands,2021-09-26,Premium,1248.09
5316,Arjun Patel,arjun.patel.5316@inbox.net,Canada,2024-12-08,Standard,1226.39
5317,Maria Taylor,maria.taylor.5317@shopmail.io,Canada,2018-08-01,Basic,163.90
5318,Isabella Nguyen,isabella.nguyen.5318@customer.co,United Kingdom,2019-06-22,Standard,172.94
5319,James Brown,james.brown.5319@mail.example.com,United Kingdom,2024-12-31,Standard,457.25
5320,Isabella Martin,isabella.martin.5320@inbox.net,Germany,2021-09-06,Standard,287.53
5321,Aisha Khan,aisha.khan.5321@inbox.net,Canada,2020-07-22,Premium,79.41
5322,Isabella Rossi,isabella.rossi.5322@shopmail.io,Spain,2018-03-09,Basic,37.02
5323,Lucas Nguyen,lucas.nguyen.5323@customer.co,United States,2023-04-19,Standard,361.72
5324,Olivia Singh,olivia.singh.5324@shopmail.io,Italy,2018-04-21,Standard,541.31
5325,Arjun Smith,arjun.smith.5325@shopmail.io,Germany,2024-12-25,Standard,76.25
5326,Chen Dubois,chen.dubois.5326@customer.co,Australia,2021-11-19,Standard,92.39
5327,Mia Martin,mia.martin.5327@inbox.net,Australia,2022-12-18,Basic,142.25
5328,Olivia Martin,olivia.martin.5328@customer.co,France,2018-10-21,Standard,105.54
5329,James Rossi,james.rossi.5329@customer.co,Netherlands,2024-02-19,Standard,69.87
5330,Emma Taylor,emma.taylor.5330@mail.example.com,Italy,2021-10-25,Basic,562.10
5331,Emma Garcia,emma.garcia.5331@inbox.net,Spain,2020-03-24,Basic,445.12
5332,James Lee,james.lee.5332@customer.co,Italy,2025-08-18,Basic,296.15
5333,Olivia Mueller,olivia.mueller.5333@mail.example.com,Netherlands,2021-04-12,Standard,904.10
5334,Sofia Wilson,sofia.wilson.5334@inbox.net,Netherlands,2018-01-15,Standard,504.57
5335,Mia Kim,mia.kim.5335@inbox.net,Australia,2023-11-02,Basic,74.69
5336,Emma Wilson,emma.wilson.5336@mail.example.com,Germany,2018-05-22,Standard,603.68
5337,Emma Nguyen,emma.nguyen.5337@customer.co,India,2024-07-25,Basic,316.15
5338,Mia Smith,mia.smith.5338@customer.co,Spain,2020-10-26,Basic,81.95
5339,Emma Singh,emma.singh.5339@customer.co,Canada,2018-02-23,Premium,143.19
5340,Priya Singh,priya.singh.5340@mail.example.com,United Kingdom,2018-10-04,Standard,84.76
5341,Chen Smith,chen.smith.5341@shopmail.io,Italy,2025-08-21,Basic,487.91
5342,Priya Patel,priya.patel.5342@shopmail.io,India,2018-12-05,Basic,379.69
5343,Priya Khan,priya.khan.5343@inbox.net,United Kingdom,2018-04-30,Basic,200.14
5344,Emma Martin,emma.martin.5344@inbox.net,Australia,2019-07-08,Standard,167.67
5345,Lucas Martin,lucas.martin.5345@mail.example.com,India,2018-11-24,Premium,73.00
5346,Priya Wilson,priya.wilson.5346@mail.example.com,United States,2023-07-10,Standard,126.58
5347,Liam Patel,liam.patel.5347@customer.co,France,2018-06-04,Basic,189.13
5348,Olivia Brown,olivia.brown.5348@shopmail.io,United Kingdom,2022-06-18,Premium,130.51
5349,Emma Garcia,emma.garcia.5349@customer.co,Canada,2023-04-27,Standard,487.58
5350,Maria Smith,maria.smith.5350@inbox.net,Netherlands,2023-12-05,Standard,205.11
5351,Olivia Dubois,olivia.dubois.5351@customer.co,Netherlands,2024-12-17,Standard,74.64
5352,Isabella Wilson,isabella.wilson.5352@inbox.net,India,2021-09-17,Standard,172.52
5353,Olivia Lee,olivia.lee.5353@mail.example.com,France,2020-07-10,Standard,463.82
5354,Noah Lee,noah.lee.5354@customer.co,Netherlands,2024-10-06,Standard,574.80
5355,Maria Wilson,maria.wilson.5355@shopmail.io,Netherlands,2023-12-08,Basic,1521.80
5356,Liam Taylor,liam.taylor.5356@mail.example.com,Spain,2018-01-19,Basic,208.47
5357,Liam Nguyen,liam.nguyen.5357@inbox.net,United States,2018-01-09,Basic,260.55
5358,James Garcia,james.garcia.5358@customer.co,Netherlands,2021-11-23,Standard,431.85
5359,Aisha Khan,aisha.khan.5359@mail.example.com,India,2020-05-13,Basic,553.71
5360,Olivia Garcia,olivia.garcia.5360@customer.co,Spain,2019-11-03,Standard,147.54
5361,Maria Singh,maria.singh.5361@shopmail.io,France,2018-04-30,Basic,118.09
5362,Olivia Khan,olivia.khan.5362@customer.co,Spain,2025-02-23,Basic,1146.16
5363,Priya Smith,priya.smith.5363@mail.example.com,United Kingdom,2019-11-13,Standard,611.97
5364,Isabella Nguyen,isabella.nguyen.5364@shopmail.io,United States,2022-06-18,Standard,98.55
5365,Sofia Lee,sofia.lee.5365@mail.example.com,United Kingdom,2019-07-01,Basic,222.61
5366,Emma Patel,emma.patel.5366@mail.example.com,Netherlands,2022-08-30,Basic,250.31
5367,Mia Brown,mia.brown.5367@inbox.net,United Kingdom,2018-10-25,Basic,215.33
5368,James Singh,james.singh.5368@inbox.net,Canada,2022-09-13,Basic,883.96
5369,Lucas Wilson,lucas.wilson.5369@customer.co,India,2024-02-28,Standard,144.90
5370,Ethan Nguyen,ethan.nguyen.5370@customer.co,Germany,2021-07-24,Premium,33.36
5371,Emma Singh,emma.singh.5371@inbox.net,Netherlands,2020-06-24,Basic,336.42
5372,Priya Wilson,priya.wilson.5372@inbox.net,United States,2020-07-08,Standard,53.93
5373,Lucas Garcia,lucas.garcia.5373@mail.example.com,United Kingdom,2020-12-21,Basic,447.07
5374,Priya Martin,priya.martin.5374@mail.example.com,Netherlands,2025-03-31,Premium,423.73
5375,Isabella Patel,isabella.patel.5375@shopmail.io,Germany,2020-07-04,Standard,312.10
5376,James Lee,james.lee.5376@mail.example.com,Australia,2025-02-28,Standard,409.09
5377,Priya Rossi,priya.rossi.5377@shopmail.io,France,2023-08-31,Basic,124.39
5378,Isabella Mueller,isabella.mueller.5378@mail.example.com,India,2020-01-29,Premium,445.30
5379,Olivia Martin,olivia.martin.5379@shopmail.io,United States,2024-06-16,Basic,412.46
5380,Olivia Smith,olivia.smith.5380@customer.co,France,2021-01-27,Standard,74.09
5381,Arjun Rossi,arjun.rossi.5381@mail.example.com,Spain,2023-08-05,Standard,133.20
5382,Emma Rossi,emma.rossi.5382@customer.co,United Kingdom,2022-10-05,Standard,173.10
5383,Emma Brown,emma.brown.5383@customer.co,France,2018-03-26,Premium,550.33
5384,Ethan Brown,ethan.brown.5384@shopmail.io,Germany,2022-05-20,Standard,123.23
5385,Olivia Kim,olivia.kim.5385@shopmail.io,Italy,2021-10-06,Basic,252.56
5386,Maria Brown,maria.brown.5386@customer.co,Australia,2020-12-20,Standard,299.16
5387,Olivia Khan,olivia.khan.5387@shopmail.io,France,2019-02-23,Premium,95.14
5388,Arjun Dubois,arjun.dubois.5388@inbox.net,India,2022-07-07,Premium,253.02
5389,Aisha Mueller,aisha.mueller.5389@customer.co,Canada,2023-03-31,Premium,722.35
5390,Noah Nguyen,noah.nguyen.5390@inbox.net,Italy,2022-07-01,Basic,424.61
5391,Olivia Khan,olivia.khan.5391@shopmail.io,United Kingdom,2023-05-07,Standard,451.70
5392,Sofia Patel,sofia.patel.5392@shopmail.io,Spain,2021-05-01,Standard,80.69
5393,Sofia Mueller,sofia.mueller.5393@customer.co,Netherlands,2020-11-30,Standard,129.82
5394,Priya Nguyen,priya.nguyen.5394@inbox.net,Canada,2023-12-31,Basic,822.05
5395,Emma Taylor,emma.taylor.5395@mail.example.com,Germany,2023-02-12,Standard,79.19
5396,Noah Smith,noah.smith.5396@customer.co,Spain,2019-12-24,Standard,390.08
5397,Priya Dubois,priya.dubois.5397@shopmail.io,Canada,2024-01-26,Basic,123.08
5398,Olivia Patel,olivia.patel.5398@mail.example.com,Netherlands,2022-10-03,Standard,191.09
5399,Lucas Wilson,lucas.wilson.5399@mail.example.com,United Kingdom,2025-03-25,Standard,126.47
5400,Isabella Rossi,isabella.rossi.5400@shopmail.io,Italy,2025-03-10,Standard,381.15
5401,Priya Lee,priya.lee.5401@shopmail.io,Australia,2023-10-31,Basic,688.17
5402,Liam Mueller,liam.mueller.5402@mail.example.com,Germany,2022-12-18,Standard,88.54
5403,Emma Martin,emma.martin.5403@customer.co,France,2024-09-30,Premium,122.29
5404,James Wilson,james.wilson.5404@inbox.net,Italy,2020-10-30,Standard,345.90
5405,James Dubois,james.dubois.5405@shopmail.io,Germany,2024-05-08,Standard,305.48
5406,Priya Smith,priya.smith.5406@inbox.net,Australia,2024-03-26,Basic,170.28
5407,Lucas Mueller,lucas.mueller.5407@inbox.net,Canada,2021-08-11,Premium,348.51
5408,Chen Wilson,chen.wilson.5408@shopmail.io,Spain,2018-02-28,Standard,155.42
5409,Mia Garcia,mia.garcia.5409@shopmail.io,India,2018-06-29,Standard,525.49
5410,James Taylor,james.taylor.5410@mail.example.com,Spain,2024-03-09,Premium,273.73
5411,Olivia Smith,olivia.smith.5411@shopmail.io,Spain,2022-06-16,Premium,720.00
5412,Arjun Taylor,arjun.taylor.5412@shopmail.io,United States,2020-02-20,Basic,561.85
5413,James Singh,james.singh.5413@shopmail.io,Germany,2020-04-19,Premium,634.20
5414,Arjun Martin,arjun.martin.5414@shopmail.io,United Kingdom,2022-02-09,Standard,152.44
5415,Liam Patel,liam.patel.5415@inbox.net,United States,2025-08-13,Standard,312.74
5416,Mia Garcia,mia.garcia.5416@customer.co,Germany,2025-06-05,Standard,55.10
5417,Olivia Brown,olivia.brown.5417@customer.co,Italy,2019-11-18,Standard,347.84
5418,Lucas Dubois,lucas.dubois.5418@inbox.net,Canada,2024-11-27,Standard,349.61
5419,Sofia Nguyen,sofia.nguyen.5419@shopmail.io,Australia,2022-01-27,Standard,398.59
5420,Arjun Taylor,arjun.taylor.5420@shopmail.io,Canada,2022-06-27,Standard,39.88
5421,Priya Kim,priya.kim.5421@inbox.net,United Kingdom,2025-06-07,Standard,395.67
5422,Ethan Smith,ethan.smith.5422@customer.co,France,2018-03-17,Standard,1011.35
5423,Lucas Lee,lucas.lee.5423@mail.example.com,Italy,2021-05-04,Premium,206.27
5424,Maria Brown,maria.brown.5424@mail.example.com,Germany,2023-03-17,Standard,122.42
5425,Ethan Khan,ethan.khan.5425@mail.example.com,Canada,2021-09-06,Basic,439.90
5426,Arjun Mueller,arjun.mueller.5426@customer.co,Australia,2023-10-15,Basic,234.19
5427,Liam Taylor,liam.taylor.5427@mail.example.com,Italy,2019-12-15,Basic,160.09
5428,Noah Garcia,noah.garcia.5428@mail.example.com,Netherlands,2025-05-14,Standard,154.82
5429,Chen Smith,chen.smith.5429@customer.co,Netherlands,2018-03-26,Basic,308.98
5430,Maria Rossi,maria.rossi.5430@customer.co,Netherlands,2021-08-09,Basic,168.47
5431,Priya Garcia,priya.garcia.5431@customer.co,India,2023-08-11,Standard,310.92
5432,James Martin,james.martin.5432@mail.example.com,United States,2019-03-02,Standard,42.74
5433,Sofia Martin,sofia.martin.5433@shopmail.io,Canada,2024-12-17,Standard,201.54
5434,Priya Lee,priya.lee.5434@shopmail.io,Australia,2019-04-21,Standard,239.00
5435,Ethan Martin,ethan.martin.5435@shopmail.io,Canada,2021-01-08,Premium,655.95
5436,Isabella Brown,isabella.brown.5436@shopmail.io,Canada,2023-12-22,Premium,227.74
5437,Emma Singh,emma.singh.5437@shopmail.io,Spain,2024-10-06,Standard,261.04
5438,James Rossi,james.rossi.5438@shopmail.io,Canada,2025-03-10,Premium,1393.88
5439,Emma Mueller,emma.mueller.5439@customer.co,Germany,2018-07-06,Standard,397.29
5440,Priya Garcia,priya.garcia.5440@inbox.net,France,2020-05-29,Premium,494.05
5441,Isabella Wilson,isabella.wilson.5441@shopmail.io,Spain,2023-05-21,Standard,304.37
5442,Noah Nguyen,noah.nguyen.5442@shopmail.io,Australia,2023-09-16,Basic,181.44
5443,Noah Taylor,noah.taylor.5443@mail.example.com,India,2022-04-24,Standard,173.12
5444,Liam Taylor,liam.taylor.5444@inbox.net,United Kingdom,2020-07-07,Standard,114.33
5445,James Smith,james.smith.5445@customer.co,Australia,2020-10-18,Premium,182.93
5446,Aisha Mueller,aisha.mueller.5446@customer.co,Spain,2021-03-18,Standard,248.50
5447,Liam Singh,liam.singh.5447@customer.co,Australia,2018-05-25,Premium,998.67
5448,Sofia Lee,sofia.lee.5448@mail.example.com,India,2024-10-07,Basic,149.68
5449,Mia Nguyen,mia.nguyen.5449@inbox.net,United Kingdom,2020-03-21,Standard,674.54
5450,Olivia Lee,olivia.lee.5450@customer.co,Australia,2024-04-28,Standard,1086.07
5451,Liam Garcia,liam.garcia.5451@shopmail.io,France,2025-04-06,Premium,254.04
5452,Chen Mueller,chen.mueller.5452@inbox.net,United Kingdom,2018-11-28,Premium,374.84
5453,Olivia Smith,olivia.smith.5453@inbox.net,Canada,2020-03-04,Basic,392.04
5454,Noah Smith,noah.smith.5454@customer.co,Italy,2019-09-28,Basic,2293.21
5455,Emma Patel,emma.patel.5455@customer.co,Netherlands,2020-11-01,Basic,127.78
5456,Ethan Kim,ethan.kim.5456@shopmail.io,Spain,2022-09-08,Basic,146.56
5457,Maria Brown,maria.brown.5457@inbox.net,Canada,2021-07-19,Standard,784.03
5458,Olivia Lee,olivia.lee.5458@inbox.net,Australia,2019-10-28,Premium,179.58
5459,Lucas Patel,lucas.patel.5459@mail.example.com,United States,2021-08-08,Basic,207.08
5460,Aisha Lee,aisha.lee.5460@customer.co,United States,2019-07-28,Premium,48.62
5461,Mia Lee,mia.lee.5461@customer.co,Italy,2022-02-13,Basic,452.02
5462,Olivia Khan,olivia.khan.5462@customer.co,Italy,2019-01-21,Basic,202.94
5463,Priya Garcia,priya.garcia.5463@shopmail.io,United Kingdom,2023-11-01,Standard,256.23
5464,Lucas Martin,lucas.martin.5464@shopmail.io,France,2020-12-07,Standard,287.57
5465,Sofia Rossi,sofia.rossi.5465@shopmail.io,Canada,2021-11-24,Basic,323.95
5466,Sofia Wilson,sofia.wilson.5466@customer.co,United Kingdom,2021-03-05,Standard,198.58
5467,Ethan Garcia,ethan.garcia.5467@mail.example.com,Germany,2020-04-21,Standard,212.73
5468,Maria Singh,maria.singh.5468@inbox.net,United States,2025-01-29,Standard,253.80
5469,Arjun Singh,arjun.singh.5469@shopmail.io,Canada,2025-08-16,Standard,456.89
5470,Noah Smith,noah.smith.5470@customer.co,United Kingdom,2022-07-11,Premium,141.01
5471,Priya Garcia,priya.garcia.5471@mail.example.com,Germany,2021-09-16,Standard,757.98
5472,Chen Patel,chen.patel.5472@shopmail.io,Australia,2019-01-26,Standard,341.80
5473,Emma Garcia,emma.garcia.5473@customer.co,Spain,2022-01-29,Standard,190.59
5474,Chen Brown,chen.brown.5474@shopmail.io,Australia,2021-03-22,Premium,451.88
5475,Priya Singh,priya.singh.5475@customer.co,France,2018-07-06,Premium,99.67
5476,Isabella Brown,isabella.brown.5476@shopmail.io,Netherlands,2022-01-30,Basic,165.14
5477,Arjun Lee,arjun.lee.5477@mail.example.com,Australia,2022-09-12,Premium,128.33
5478,Olivia Khan,olivia.khan.5478@mail.example.com,Spain,2019-09-23,Basic,185.97
5479,Olivia Mueller,olivia.mueller.5479@customer.co,Spain,2022-05-15,Basic,490.47
5480,Ethan Taylor,ethan.taylor.5480@shopmail.io,Spain,2018-01-14,Premium,165.56
5481,Emma Rossi,emma.rossi.5481@inbox.net,United States,2024-06-25,Basic,723.98
5482,Priya Mueller,priya.mueller.5482@customer.co,United States,2021-09-26,Premium,200.66
5483,Noah Lee,noah.lee.5483@mail.example.com,India,2021-08-16,Basic,179.42
5484,Olivia Dubois,olivia.dubois.5484@shopmail.io,Germany,2020-04-07,Standard,617.05
5485,Chen Mueller,chen.mueller.5485@mail.example.com,United States,2022-10-26,Premium,156.63
5486,Arjun Rossi,arjun.rossi.5486@shopmail.io,India,2020-09-18,Standard,1507.58
5487,Sofia Rossi,sofia.rossi.5487@customer.co,Germany,2018-07-22,Premium,808.63
5488,Arjun Garcia,arjun.garcia.5488@mail.example.com,Canada,2018-01-09,Standard,102.25
5489,Lucas Khan,lucas.khan.5489@shopmail.io,Germany,2020-12-06,Premium,158.37
5490,Lucas Rossi,lucas.rossi.5490@mail.example.com,United States,2018-04-22,Premium,160.07
5491,Maria Kim,maria.kim.5491@shopmail.io,Canada,2025-06-05,Premium,268.14
5492,Aisha Nguyen,aisha.nguyen.5492@mail.example.com,France,2021-10-06,Premium,308.22
5493,Aisha Khan,aisha.khan.5493@inbox.net,India,2020-01-23,Premium,165.20
5494,Ethan Mueller,ethan.mueller.5494@inbox.net,India,2021-03-16,Basic,354.80
5495,James Dubois,james.dubois.5495@customer.co,France,2022-03-20,Basic,311.58
5496,Maria Dubois,maria.dubois.5496@inbox.net,France,2020-08-30,Standard,217.12
5497,Noah Smith,noah.smith.5497@inbox.net,Germany,2022-09-23,Premium,386.19
5498,Maria Singh,maria.singh.5498@shopmail.io,Italy,2019-08-20,Basic,496.98
5499,Liam Nguyen,liam.nguyen.5499@inbox.net,Netherlands,2020-03-11,Basic,420.14
5500,Olivia Martin,olivia.martin.5500@shopmail.io,United Kingdom,2021-02-18,Basic,338.89
5501,Noah Garcia,noah.garcia.5501@mail.example.com,France,2023-08-11,Standard,55.15
5502,Mia Nguyen,mia.nguyen.5502@mail.example.com,India,2019-08-16,Premium,121.78
5503,Emma Lee,emma.lee.5503@mail.example.com,United Kingdom,2021-02-12,Premium,356.69
5504,Liam Patel,liam.patel.5504@shopmail.io,Canada,2022-02-23,Premium,187.89
5505,Noah Singh,noah.singh.5505@shopmail.io,Italy,2020-07-17,Standard,291.44
5506,Mia Wilson,mia.wilson.5506@shopmail.io,Italy,2020-02-14,Standard,183.33
5507,Aisha Lee,aisha.lee.5507@shopmail.io,Australia,2024-03-14,Basic,152.97
5508,Arjun Khan,arjun.khan.5508@inbox.net,Spain,2025-03-22,Basic,528.08
5509,Ethan Nguyen,ethan.nguyen.5509@inbox.net,Australia,2024-05-25,Basic,317.54
5510,Sofia Smith,sofia.smith.5510@inbox.net,Germany,2020-07-10,Standard,685.39
5511,Chen Martin,chen.martin.5511@mail.example.com,Spain,2022-11-20,Standard,75.54
5512,Ethan Wilson,ethan.wilson.5512@inbox.net,Canada,2023-03-26,Standard,511.64
5513,Lucas Lee,lucas.lee.5513@customer.co,Spain,2020-10-19,Basic,73.87
5514,Lucas Nguyen,lucas.nguyen.5514@inbox.net,Italy,2019-07-13,Basic,189.28
5515,Priya Wilson,priya.wilson.5515@customer.co,Germany,2025-08-06,Premium,583.27
5516,Priya Nguyen,priya.nguyen.5516@mail.example.com,United Kingdom,2025-06-28,Basic,460.61
5517,James Dubois,james.dubois.5517@shopmail.io,Canada,2018-10-21,Basic,122.25
5518,Chen Brown,chen.brown.5518@mail.example.com,Italy,2020-12-22,Standard,119.23
5519,James Martin,james.martin.5519@shopmail.io,France,2022-10-04,Standard,188.71
5520,Arjun Mueller,arjun.mueller.5520@shopmail.io,Germany,2018-04-07,Premium,71.13
5521,Noah Nguyen,noah.nguyen.5521@inbox.net,United Kingdom,2021-04-23,Standard,365.40
5522,Aisha Mueller,aisha.mueller.5522@shopmail.io,Canada,2020-02-18,Basic,158.88
5523,Isabella Patel,isabella.patel.5523@mail.example.com,Italy,2022-02-04,Premium,882.12
5524,Aisha Martin,aisha.martin.5524@inbox.net,Canada,2024-07-30,Basic,118.46
5525,Emma Mueller,emma.mueller.5525@inbox.net,Canada,2021-02-28,Standard,223.96
5526,Chen Taylor,chen.taylor.5526@inbox.net,United States,2023-02-28,Standard,534.18
5527,Olivia Patel,olivia.patel.5527@mail.example.com,Germany,2021-04-20,Basic,805.84
5528,Arjun Mueller,arjun.mueller.5528@customer.co,Germany,2019-03-06,Standard,80.86
5529,Maria Martin,maria.martin.5529@mail.example.com,United States,2021-02-18,Standard,129.13
5530,Liam Rossi,liam.rossi.5530@shopmail.io,United Kingdom,2021-04-16,Premium,422.46
5531,Mia Rossi,mia.rossi.5531@inbox.net,Canada,2018-08-20,Premium,60.58
5532,Mia Mueller,mia.mueller.5532@customer.co,France,2018-11-04,Premium,83.01
5533,James Khan,james.khan.5533@customer.co,Spain,2023-10-05,Standard,403.85
5534,Emma Taylor,emma.taylor.5534@inbox.net,Netherlands,2022-01-05,Standard,209.04
5535,Priya Patel,priya.patel.5535@mail.example.com,Australia,2022-07-10,Standard,161.10
5536,James Rossi,james.rossi.5536@inbox.net,Netherlands,2018-07-31,Standard,169.01
5537,Priya Garcia,priya.garcia.5537@mail.example.com,United Kingdom,2021-10-03,Premium,561.44
5538,Maria Patel,maria.patel.5538@inbox.net,United Kingdom,2020-11-14,Premium,346.51
5539,Aisha Khan,aisha.khan.5539@inbox.net,United Kingdom,2025-04-04,Standard,152.22
5540,Arjun Brown,arjun.brown.5540@customer.co,Australia,2020-06-01,Basic,420.30
5541,Maria Wilson,maria.wilson.5541@mail.example.com,Germany,2019-08-20,Standard,242.54
5542,James Singh,james.singh.5542@customer.co,Australia,2019-12-26,Premium,495.69
5543,Liam Dubois,liam.dubois.5543@mail.example.com,Italy,2022-10-22,Premium,266.62
5544,Priya Rossi,priya.rossi.5544@shopmail.io,India,2018-06-09,Premium,393.00
5545,Maria Lee,maria.lee.5545@mail.example.com,Italy,2019-02-07,Premium,299.94
5546,Isabella Martin,isabella.martin.5546@mail.example.com,Germany,2025-01-01,Basic,369.32
5547,Emma Martin,emma.martin.5547@shopmail.io,Spain,2023-11-04,Premium,388.63
5548,Emma Wilson,emma.wilson.5548@customer.co,Italy,2019-09-07,Basic,395.89
5549,Isabella Nguyen,isabella.nguyen.5549@mail.example.com,Germany,2022-07-18,Standard,57.55
5550,Noah Mueller,noah.mueller.5550@inbox.net,Italy,2022-06-01,Standard,230.20
5551,Arjun Brown,arjun.brown.5551@mail.example.com,Australia,2018-10-15,Basic,424.61
5552,Isabella Garcia,isabella.garcia.5552@inbox.net,Germany,2021-01-15,Standard,696.64
5553,Aisha Smith,aisha.smith.5553@shopmail.io,India,2023-02-09,Basic,239.87
5554,Emma Taylor,emma.taylor.5554@shopmail.io,Canada,2018-08-09,Premium,240.05
5555,Olivia Rossi,olivia.rossi.5555@shopmail.io,France,2019-02-02,Basic,298.62
5556,Sofia Singh,sofia.singh.5556@mail.example.com,India,2025-03-18,Standard,133.37
5557,Chen Smith,chen.smith.5557@inbox.net,India,2018-08-26,Premium,664.45
5558,Mia Lee,mia.lee.5558@mail.example.com,United States,2024-03-21,Standard,217.38
5559,Liam Smith,liam.smith.5559@shopmail.io,Netherlands,2022-05-21,Standard,475.57
5560,Mia Singh,mia.singh.5560@inbox.net,France,2020-04-26,Standard,143.21
5561,Aisha Wilson,aisha.wilson.5561@inbox.net,India,2022-07-15,Standard,334.00
5562,Priya Singh,priya.singh.5562@mail.example.com,Spain,2025-03-29,Standard,449.27
5563,James Lee,james.lee.5563@mail.example.com,India,2025-01-07,Premium,340.18
5564,Ethan Garcia,ethan.garcia.5564@mail.example.com,Australia,2022-02-27,Standard,465.45
5565,Mia Brown,mia.brown.5565@customer.co,United Kingdom,2019-06-04,Basic,184.87
5566,Liam Kim,liam.kim.5566@shopmail.io,Italy,2025-02-16,Standard,193.45
5567,Isabella Rossi,isabella.rossi.5567@mail.example.com,Spain,2019-03-25,Standard,86.05
5568,Lucas Dubois,lucas.dubois.5568@inbox.net,Netherlands,2023-11-08,Basic,340.23
5569,Liam Rossi,liam.rossi.5569@mail.example.com,United Kingdom,2023-05-13,Premium,222.44
5570,Noah Singh,noah.singh.5570@shopmail.io,Netherlands,2021-10-20,Standard,311.12
5571,Priya Wilson,priya.wilson.5571@inbox.net,Australia,2025-03-25,Premium,528.41
5572,Priya Wilson,priya.wilson.5572@shopmail.io,Spain,2022-06-01,Premium,127.32
5573,James Dubois,james.dubois.5573@inbox.net,Canada,2024-03-24,Premium,282.91
5574,Noah Singh,noah.singh.5574@customer.co,France,2021-08-24,Basic,661.27
5575,Maria Dubois,maria.dubois.5575@inbox.net,Canada,2020-04-07,Standard,81.52
5576,Ethan Dubois,ethan.dubois.5576@mail.example.com,France,2023-07-11,Premium,64.13
5577,Olivia Patel,olivia.patel.5577@shopmail.io,United States,2023-08-22,Basic,121.22
5578,Chen Wilson,chen.wilson.5578@mail.example.com,Italy,2023-03-16,Standard,177.03
5579,Sofia Singh,sofia.singh.5579@mail.example.com,India,2022-06-21,Basic,309.47
5580,Maria Rossi,maria.rossi.5580@customer.co,Italy,2018-07-16,Premium,495.49
5581,Liam Kim,liam.kim.5581@inbox.net,United Kingdom,2022-11-14,Basic,101.34
5582,Priya Garcia,priya.garcia.5582@inbox.net,Germany,2022-11-03,Premium,104.45
5583,Maria Smith,maria.smith.5583@mail.example.com,Germany,2022-04-12,Standard,1552.26
5584,James Martin,james.martin.5584@inbox.net,Australia,2021-09-18,Basic,256.13
5585,Ethan Garcia,ethan.garcia.5585@inbox.net,Spain,2023-09-09,Basic,487.89
5586,Isabella Brown,isabella.brown.5586@shopmail.io,France,2025-07-01,Basic,959.32
5587,Ethan Singh,ethan.singh.5587@mail.example.com,Spain,2018-06-24,Basic,47.19
5588,Chen Kim,chen.kim.5588@customer.co,Canada,2020-11-10,Standard,279.07
5589,Aisha Martin,aisha.martin.5589@inbox.net,France,2022-03-28,Basic,76.24
5590,Isabella Lee,isabella.lee.5590@customer.co,Netherlands,2021-10-22,Standard,714.51
5591,Aisha Khan,aisha.khan.5591@shopmail.io,United Kingdom,2023-12-06,Basic,315.24
5592,Lucas Kim,lucas.kim.5592@mail.example.com,Germany,2021-03-15,Standard,87.53
5593,Mia Rossi,mia.rossi.5593@customer.co,Germany,2020-04-10,Premium,185.29
5594,Liam Brown,liam.brown.5594@shopmail.io,United Kingdom,2022-10-13,Basic,336.51
5595,Emma Brown,emma.brown.5595@inbox.net,India,2021-07-23,Basic,213.32
5596,Olivia Dubois,olivia.dubois.5596@customer.co,Germany,2022-02-22,Standard,245.51
5597,Arjun Brown,arjun.brown.5597@customer.co,Canada,2025-02-28,Standard,73.93
5598,Mia Smith,mia.smith.5598@customer.co,United States,2020-08-10,Standard,165.99
5599,Mia Rossi,mia.rossi.5599@inbox.net,Italy,2018-04-03,Standard,140.54
5600,Olivia Patel,olivia.patel.5600@mail.example.com,Germany,2024-10-14,Basic,133.99
5601,Lucas Brown,lucas.brown.5601@mail.example.com,Australia,2025-06-07,Basic,498.61
5602,Mia Kim,mia.kim.5602@mail.example.com,Canada,2023-11-29,Premium,386.26
5603,Lucas Singh,lucas.singh.5603@shopmail.io,Canada,2021-07-29,Standard,312.12
5604,Maria Garcia,maria.garcia.5604@mail.example.com,Spain,2020-05-04,Standard,408.54
5605,Aisha Khan,aisha.khan.5605@inbox.net,Canada,2019-08-16,Standard,254.98
5606,Mia Nguyen,mia.nguyen.5606@shopmail.io,United States,2020-03-30,Premium,446.27
5607,Ethan Nguyen,ethan.nguyen.5607@inbox.net,Netherlands,2021-09-25,Basic,70.75
5608,Sofia Smith,sofia.smith.5608@inbox.net,United States,2025-04-25,Premium,72.50
5609,Aisha Brown,aisha.brown.5609@customer.co,United Kingdom,2022-11-15,Basic,152.78
5610,Lucas Kim,lucas.kim.5610@mail.example.com,Canada,2023-09-14,Premium,158.82
5611,Mia Khan,mia.khan.5611@customer.co,Spain,2021-11-01,Basic,159.72
5612,Maria Singh,maria.singh.5612@inbox.net,Netherlands,2020-04-11,Standard,567.42
5613,James Khan,james.khan.5613@customer.co,United Kingdom,2024-09-05,Standard,68.53
5614,Noah Mueller,noah.mueller.5614@shopmail.io,Australia,2022-08-16,Premium,340.36
5615,Priya Taylor,priya.taylor.5615@shopmail.io,Spain,2023-04-25,Basic,218.05
5616,Emma Singh,emma.singh.5616@customer.co,Netherlands,2019-05-13,Standard,167.46
5617,Liam Nguyen,liam.nguyen.5617@mail.example.com,Germany,2023-12-18,Premium,137.18
5618,Priya Khan,priya.khan.5618@customer.co,Germany,2024-05-24,Premium,347.15
5619,Aisha Dubois,aisha.dubois.5619@inbox.net,Australia,2020-10-28,Standard,233.26
5620,Sofia Lee,sofia.lee.5620@customer.co,Australia,2020-08-28,Basic,130.24
5621,Noah Lee,noah.lee.5621@inbox.net,United States,2021-09-20,Standard,56.39
5622,Liam Dubois,liam.dubois.5622@shopmail.io,Italy,2025-06-02,Standard,534.66
5623,Isabella Martin,isabella.martin.5623@shopmail.io,Netherlands,2018-09-13,Basic,441.50
5624,Liam Wilson,liam.wilson.5624@shopmail.io,Spain,2023-01-21,Standard,436.39
5625,Maria Wilson,maria.wilson.5625@customer.co,Canada,2020-07-09,Basic,526.55
5626,James Garcia,james.garcia.5626@shopmail.io,Spain,2021-07-26,Basic,398.26
5627,Liam Mueller,liam.mueller.5627@shopmail.io,Italy,2020-11-29,Basic,132.10
5628,Arjun Dubois,arjun.dubois.5628@mail.example.com,Spain,2023-01-23,Standard,253.34
5629,Noah Kim,noah.kim.5629@inbox.net,Netherlands,2019-03-01,Basic,143.16
5630,Maria Nguyen,maria.nguyen.5630@mail.example.com,Australia,2022-07-24,Standard,217.90
5631,Maria Wilson,maria.wilson.5631@shopmail.io,India,2023-04-25,Basic,39.84
5632,Arjun Patel,arjun.patel.5632@mail.example.com,Canada,2018-03-24,Standard,263.72
5633,Lucas Lee,lucas.lee.5633@mail.example.com,India,2022-10-08,Basic,891.31
5634,Noah Wilson,noah.wilson.5634@inbox.net,Italy,2024-02-13,Basic,130.64
5635,Olivia Martin,olivia.martin.5635@inbox.net,Germany,2018-11-08,Standard,451.47
5636,Olivia Garcia,olivia.garcia.5636@shopmail.io,Germany,2020-11-21,Premium,38.38
5637,Emma Brown,emma.brown.5637@inbox.net,United States,2023-02-11,Standard,807.68
5638,Maria Brown,maria.brown.5638@customer.co,Netherlands,2024-11-02,Basic,113.91
5639,Chen Nguyen,chen.nguyen.5639@customer.co,Germany,2024-09-13,Standard,197.43
5640,Olivia Smith,olivia.smith.5640@inbox.net,France,2020-10-25,Basic,180.09
5641,Sofia Mueller,sofia.mueller.5641@mail.example.com,United Kingdom,2021-11-17,Premium,42.45
5642,Mia Nguyen,mia.nguyen.5642@mail.example.com,Spain,2019-04-09,Standard,144.53
5643,Arjun Rossi,arjun.rossi.5643@mail.example.com,Netherlands,2018-04-17,Standard,172.61
5644,Noah Singh,noah.singh.5644@shopmail.io,United Kingdom,2020-05-08,Standard,181.37
5645,Maria Khan,maria.khan.5645@shopmail.io,Spain,2020-03-15,Basic,536.53
5646,Aisha Brown,aisha.brown.5646@mail.example.com,France,2022-01-17,Basic,123.24
5647,Aisha Kim,aisha.kim.5647@shopmail.io,United Kingdom,2018-05-16,Standard,799.51
5648,Maria Garcia,maria.garcia.5648@customer.co,Italy,2018-10-10,Standard,154.41
5649,Liam Rossi,liam.rossi.5649@inbox.net,Netherlands,2018-06-23,Standard,637.51
5650,Aisha Patel,aisha.patel.5650@shopmail.io,Australia,2024-03-10,Basic,234.46
5651,Aisha Garcia,aisha.garcia.5651@inbox.net,France,2022-06-11,Premium,139.59
5652,Arjun Singh,arjun.singh.5652@shopmail.io,India,2023-08-13,Standard,272.90
5653,Noah Kim,noah.kim.5653@customer.co,Canada,2024-07-01,Standard,487.79
5654,Olivia Dubois,olivia.dubois.5654@inbox.net,Netherlands,2020-03-01,Premium,150.81
5655,Ethan Garcia,ethan.garcia.5655@mail.example.com,Canada,2019-07-30,Standard,136.80
5656,Arjun Rossi,arjun.rossi.5656@mail.example.com,United Kingdom,2024-11-20,Standard,787.30
5657,Arjun Garcia,arjun.garcia.5657@customer.co,United States,2022-10-31,Standard,161.80
5658,Ethan Lee,ethan.lee.5658@inbox.net,Germany,2019-05-02,Standard,280.56
5659,Maria Garcia,maria.garcia.5659@shopmail.io,Italy,2024-09-06,Basic,154.49
5660,Mia Wilson,mia.wilson.5660@customer.co,Canada,2023-07-01,Basic,359.72
5661,Noah Patel,noah.patel.5661@mail.example.com,France,2018-06-06,Standard,326.13
5662,Liam Martin,liam.martin.5662@mail.example.com,United Kingdom,2020-04-01,Basic,142.02
5663,Maria Wilson,maria.wilson.5663@inbox.net,Canada,2020-03-13,Basic,62.61
5664,Chen Patel,chen.patel.5664@shopmail.io,Italy,2018-12-02,Basic,147.99
5665,Isabella Lee,isabella.lee.5665@inbox.net,Italy,2025-05-18,Standard,351.46
5666,James Rossi,james.rossi.5666@inbox.net,India,2021-07-22,Basic,146.30
5667,Lucas Rossi,lucas.rossi.5667@shopmail.io,India,2018-04-13,Premium,627.18
5668,Mia Rossi,mia.rossi.5668@mail.example.com,United Kingdom,2021-10-25,Basic,194.98
5669,Mia Wilson,mia.wilson.5669@inbox.net,Canada,2020-05-11,Standard,774.55
5670,Ethan Mueller,ethan.mueller.5670@customer.co,Italy,2023-07-12,Standard,440.54
5671,Aisha Garcia,aisha.garcia.5671@mail.example.com,Australia,2020-03-15,Premium,555.78
5672,Sofia Kim,sofia.kim.5672@customer.co,India,2019-12-09,Basic,193.25
5673,Mia Mueller,mia.mueller.5673@mail.example.com,Canada,2024-09-06,Standard,985.46
5674,Emma Smith,emma.smith.5674@mail.example.com,India,2024-05-24,Standard,170.47
5675,Lucas Kim,lucas.kim.5675@inbox.net,Canada,2019-02-13,Premium,36.48
5676,Maria Dubois,maria.dubois.5676@mail.example.com,United States,2020-08-18,Standard,147.57
5677,Olivia Lee,olivia.lee.5677@inbox.net,Netherlands,2022-12-10,Basic,92.79
5678,Priya Smith,priya.smith.5678@mail.example.com,Spain,2021-09-22,Standard,358.56
5679,Priya Taylor,priya.taylor.5679@mail.example.com,Canada,2020-02-14,Basic,64.40
5680,Ethan Mueller,ethan.mueller.5680@shopmail.io,Australia,2024-01-21,Premium,259.75
5681,Arjun Lee,arjun.lee.5681@mail.example.com,France,2023-05-13,Standard,250.61
5682,James Kim,james.kim.5682@mail.example.com,Australia,2024-03-10,Standard,157.66
5683,Isabella Taylor,isabella.taylor.5683@customer.co,France,2018-09-10,Standard,324.30
5684,Emma Mueller,emma.mueller.5684@mail.example.com,Canada,2018-02-28,Standard,391.42
5685,Sofia Smith,sofia.smith.5685@inbox.net,United Kingdom,2023-07-18,Basic,269.63
5686,Mia Smith,mia.smith.5686@customer.co,Canada,2025-05-15,Premium,920.10
5687,Maria Martin,maria.martin.5687@mail.example.com,United States,2024-07-14,Basic,139.26
5688,Liam Lee,liam.lee.5688@inbox.net,Germany,2021-08-16,Standard,28.47
5689,Arjun Nguyen,arjun.nguyen.5689@shopmail.io,Italy,2024-01-30,Standard,172.64
5690,Emma Smith,emma.smith.5690@shopmail.io,United Kingdom,2021-09-27,Premium,815.94
5691,Chen Rossi,chen.rossi.5691@mail.example.com,United Kingdom,2021-06-15,Standard,242.49
5692,Olivia Kim,olivia.kim.5692@shopmail.io,India,2018-11-09,Premium,201.17
5693,Chen Patel,chen.patel.5693@mail.example.com,United States,2018-11-12,Standard,293.06
5694,Maria Garcia,maria.garcia.5694@mail.example.com,India,2023-02-06,Basic,68.89
5695,Ethan Wilson,ethan.wilson.5695@shopmail.io,Germany,2020-06-25,Standard,184.65
5696,Olivia Martin,olivia.martin.5696@shopmail.io,Canada,2021-02-27,Standard,246.54
5697,Noah Dubois,noah.dubois.5697@mail.example.com,Australia,2020-03-29,Premium,231.78
5698,Olivia Lee,olivia.lee.5698@mail.example.com,Australia,2024-11-18,Basic,1021.25
5699,Sofia Smith,sofia.smith.5699@mail.example.com,India,2024-02-04,Standard,126.07
5700,Aisha Brown,aisha.brown.5700@mail.example.com,United States,2023-08-18,Premium,830.83
5701,Emma Garcia,emma.garcia.5701@customer.co,Netherlands,2024-06-03,Standard,955.29
5702,Olivia Martin,olivia.martin.5702@customer.co,United Kingdom,2024-03-10,Basic,556.44
5703,Liam Rossi,liam.rossi.5703@inbox.net,Canada,2020-10-07,Standard,685.98
5704,Priya Nguyen,priya.nguyen.5704@customer.co,Germany,2020-12-19,Premium,122.55
5705,Isabella Taylor,isabella.taylor.5705@mail.example.com,Germany,2018-04-03,Standard,310.16
5706,Mia Garcia,mia.garcia.5706@shopmail.io,India,2021-07-11,Standard,352.18
5707,Isabella Patel,isabella.patel.5707@mail.example.com,Canada,2025-01-04,Standard,151.93
5708,Sofia Wilson,sofia.wilson.5708@inbox.net,Germany,2022-03-08,Standard,149.14
5709,Aisha Smith,aisha.smith.5709@mail.example.com,France,2018-03-06,Standard,508.80
5710,James Patel,james.patel.5710@customer.co,Germany,2018-12-09,Premium,86.94
5711,Liam Kim,liam.kim.5711@mail.example.com,Australia,2021-10-07,Standard,222.92
5712,Priya Dubois,priya.dubois.5712@customer.co,Italy,2023-03-26,Standard,359.58
5713,Noah Rossi,noah.rossi.5713@inbox.net,Germany,2021-12-10,Basic,223.88
5714,Noah Lee,noah.lee.5714@mail.example.com,France,2021-11-25,Standard,327.83
5715,James Wilson,james.wilson.5715@inbox.net,Netherlands,2019-11-19,Standard,215.58
5716,Lucas Singh,lucas.singh.5716@mail.example.com,United States,2022-12-20,Basic,92.07
5717,Maria Dubois,maria.dubois.5717@mail.example.com,Australia,2025-02-13,Premium,662.61
5718,Chen Garcia,chen.garcia.5718@mail.example.com,Canada,2019-08-07,Premium,526.41
5719,Chen Martin,chen.martin.5719@shopmail.io,France,2024-03-10,Standard,276.87
5720,Maria Khan,maria.khan.5720@mail.example.com,India,2022-07-22,Standard,125.80
5721,Lucas Wilson,lucas.wilson.5721@customer.co,India,2024-07-12,Standard,338.97
5722,Emma Smith,emma.smith.5722@mail.example.com,United Kingdom,2019-04-28,Standard,667.52
5723,Sofia Singh,sofia.singh.5723@mail.example.com,France,2023-07-20,Standard,225.05
5724,Maria Nguyen,maria.nguyen.5724@mail.example.com,Germany,2022-07-06,Standard,841.46
5725,Liam Garcia,liam.garcia.5725@customer.co,India,2024-07-06,Standard,64.31
5726,Arjun Kim,arjun.kim.5726@inbox.net,Australia,2018-04-16,Standard,542.71
5727,Olivia Lee,olivia.lee.5727@mail.example.com,United Kingdom,2023-08-01,Premium,354.63
5728,Olivia Mueller,olivia.mueller.5728@inbox.net,Canada,2023-09-16,Standard,177.21
5729,Ethan Mueller,ethan.mueller.5729@shopmail.io,India,2022-05-16,Premium,173.34
5730,Noah Smith,noah.smith.5730@inbox.net,United Kingdom,2019-05-05,Standard,267.25
5731,Olivia Taylor,olivia.taylor.5731@shopmail.io,Canada,2022-12-30,Premium,238.63
5732,Emma Mueller,emma.mueller.5732@customer.co,Australia,2019-05-29,Standard,205.19
5733,Emma Dubois,emma.dubois.5733@mail.example.com,Australia,2022-08-29,Standard,417.76
5734,Emma Nguyen,emma.nguyen.5734@customer.co,Canada,2025-01-15,Basic,126.27
5735,Isabella Wilson,isabella.wilson.5735@inbox.net,United States,2023-03-01,Standard,166.96
5736,Ethan Khan,ethan.khan.5736@mail.example.com,Canada,2025-01-28,Basic,230.77
5737,Priya Nguyen,priya.nguyen.5737@customer.co,United Kingdom,2019-09-12,Standard,117.71
5738,Emma Garcia,emma.garcia.5738@shopmail.io,Italy,2025-01-09,Basic,280.08
5739,Olivia Nguyen,olivia.nguyen.5739@customer.co,Australia,2021-11-01,Standard,348.21
5740,Isabella Lee,isabella.lee.5740@customer.co,India,2021-08-06,Basic,88.04
5741,Chen Dubois,chen.dubois.5741@customer.co,France,2022-11-29,Standard,179.10
5742,Liam Garcia,liam.garcia.5742@shopmail.io,Germany,2018-07-30,Standard,135.41
5743,Liam Patel,liam.patel.5743@mail.example.com,Netherlands,2019-10-26,Premium,126.05
5744,Noah Nguyen,noah.nguyen.5744@inbox.net,India,2018-07-12,Premium,619.14
5745,Ethan Brown,ethan.brown.5745@mail.example.com,United States,2024-06-07,Standard,157.04
5746,Aisha Garcia,aisha.garcia.5746@shopmail.io,Germany,2018-08-31,Basic,399.42
5747,Sofia Martin,sofia.martin.5747@inbox.net,United Kingdom,2025-07-19,Premium,339.32
5748,Lucas Khan,lucas.khan.5748@customer.co,Australia,2019-06-03,Basic,801.87
5749,Aisha Brown,aisha.brown.5749@inbox.net,Netherlands,2022-07-13,Standard,92.03
5750,Lucas Smith,lucas.smith.5750@shopmail.io,Germany,2019-01-31,Standard,695.54
5751,Arjun Nguyen,arjun.nguyen.5751@mail.example.com,Italy,2022-03-22,Premium,805.23
5752,Emma Rossi,emma.rossi.5752@customer.co,Spain,2022-10-29,Basic,604.90
5753,Sofia Kim,sofia.kim.5753@customer.co,Germany,2020-01-06,Premium,52.06
5754,James Singh,james.singh.5754@mail.example.com,Netherlands,2023-02-17,Basic,495.10
5755,Chen Garcia,chen.garcia.5755@customer.co,Spain,2024-05-09,Premium,217.17
5756,Aisha Martin,aisha.martin.5756@inbox.net,Spain,2023-01-19,Standard,237.16
5757,Aisha Dubois,aisha.dubois.5757@shopmail.io,France,2023-12-10,Standard,91.29
5758,Aisha Nguyen,aisha.nguyen.5758@inbox.net,Australia,2018-07-01,Basic,136.55
5759,Liam Mueller,liam.mueller.5759@shopmail.io,Germany,2020-12-17,Basic,486.73
5760,Liam Taylor,liam.taylor.5760@mail.example.com,Canada,2019-03-26,Standard,203.43
5761,Mia Dubois,mia.dubois.5761@customer.co,Australia,2025-01-28,Basic,203.15
5762,Liam Garcia,liam.garcia.5762@inbox.net,United States,2019-06-26,Standard,88.70
5763,Maria Dubois,maria.dubois.5763@inbox.net,Italy,2018-05-23,Basic,315.26
5764,Liam Singh,liam.singh.5764@customer.co,Canada,2021-04-18,Standard,319.04
5765,Maria Rossi,maria.rossi.5765@inbox.net,Netherlands,2018-05-16,Basic,395.87
5766,Chen Rossi,chen.rossi.5766@customer.co,United States,2020-04-22,Standard,152.82
5767,Sofia Brown,sofia.brown.5767@inbox.net,Germany,2021-01-28,Basic,444.84
5768,Noah Lee,noah.lee.5768@customer.co,United Kingdom,2018-12-15,Standard,200.37
5769,Ethan Rossi,ethan.rossi.5769@shopmail.io,Germany,2020-02-02,Premium,144.10
5770,Priya Brown,priya.brown.5770@mail.example.com,Germany,2021-11-24,Standard,588.60
5771,Ethan Martin,ethan.martin.5771@mail.example.com,India,2024-09-10,Premium,179.55
5772,Liam Garcia,liam.garcia.5772@customer.co,United Kingdom,2024-03-10,Basic,115.16
5773,Emma Nguyen,emma.nguyen.5773@mail.example.com,Netherlands,2022-07-18,Basic,161.30
5774,Sofia Lee,sofia.lee.5774@customer.co,Spain,2023-11-02,Standard,130.40
5775,Arjun Dubois,arjun.dubois.5775@shopmail.io,France,2025-06-08,Standard,203.55
5776,Liam Smith,liam.smith.5776@inbox.net,Spain,2020-06-12,Standard,1237.48
5777,Noah Wilson,noah.wilson.5777@shopmail.io,India,2022-08-26,Standard,140.20
5778,Olivia Brown,olivia.brown.5778@mail.example.com,Netherlands,2024-08-08,Standard,258.00
5779,Sofia Brown,sofia.brown.5779@customer.co,United States,2024-11-27,Standard,560.90
5780,Aisha Martin,aisha.martin.5780@mail.example.com,Italy,2019-09-29,Standard,445.72
5781,Olivia Smith,olivia.smith.5781@customer.co,Germany,2025-08-26,Standard,35.75
5782,Maria Kim,maria.kim.5782@inbox.net,Italy,2020-07-21,Basic,47.09
5783,Ethan Garcia,ethan.garcia.5783@customer.co,Canada,2019-10-09,Standard,512.16
5784,Emma Wilson,emma.wilson.5784@shopmail.io,India,2024-06-09,Standard,921.19
5785,Arjun Taylor,arjun.taylor.5785@mail.example.com,Italy,2021-11-16,Standard,201.34
5786,Ethan Taylor,ethan.taylor.5786@mail.example.com,Spain,2018-04-15,Premium,641.75
5787,Ethan Khan,ethan.khan.5787@mail.example.com,Canada,2018-03-21,Standard,579.01
5788,Ethan Kim,ethan.kim.5788@customer.co,Canada,2021-09-10,Standard,421.83
5789,Arjun Garcia,arjun.garcia.5789@inbox.net,Netherlands,2020-08-10,Premium,188.59
5790,Isabella Garcia,isabella.garcia.5790@shopmail.io,Germany,2019-02-22,Standard,428.92
5791,Isabella Nguyen,isabella.nguyen.5791@mail.example.com,India,2024-12-08,Basic,144.22
5792,Arjun Rossi,arjun.rossi.5792@inbox.net,Canada,2022-01-20,Premium,799.36
5793,Maria Patel,maria.patel.5793@mail.example.com,India,2018-01-18,Basic,112.07
5794,Olivia Brown,olivia.brown.5794@inbox.net,United States,2021-10-28,Premium,99.31
5795,Arjun Singh,arjun.singh.5795@inbox.net,Canada,2023-05-16,Standard,78.76
5796,Maria Lee,maria.lee.5796@mail.example.com,Italy,2018-12-24,Premium,40.49
5797,Olivia Mueller,olivia.mueller.5797@mail.example.com,India,2020-06-09,Basic,169.32
5798,Noah Rossi,noah.rossi.5798@mail.example.com,India,2023-02-20,Standard,514.97
5799,Mia Martin,mia.martin.5799@mail.example.com,Italy,2022-04-02,Basic,336.78
5800,Arjun Brown,arjun.brown.5800@shopmail.io,France,2022-03-30,Standard,148.78
5801,Liam Mueller,liam.mueller.5801@mail.example.com,Canada,2020-08-18,Standard,403.47
5802,Emma Lee,emma.lee.5802@mail.example.com,India,2019-09-29,Premium,163.54
5803,Noah Kim,noah.kim.5803@customer.co,Germany,2020-01-12,Premium,203.05
5804,Chen Patel,chen.patel.5804@mail.example.com,Italy,2023-05-19,Basic,325.03
5805,Aisha Taylor,aisha.taylor.5805@mail.example.com,France,2020-11-20,Premium,1228.95
5806,Emma Kim,emma.kim.5806@shopmail.io,Italy,2022-02-05,Premium,191.41
5807,Olivia Kim,olivia.kim.5807@shopmail.io,France,2019-11-21,Basic,151.27
5808,Emma Patel,emma.patel.5808@customer.co,United Kingdom,2020-06-10,Premium,93.06
5809,Sofia Lee,sofia.lee.5809@customer.co,France,2018-09-26,Standard,70.23
5810,Lucas Singh,lucas.singh.5810@shopmail.io,Australia,2020-12-05,Basic,23.79
5811,Emma Lee,emma.lee.5811@shopmail.io,France,2025-03-02,Premium,188.19
5812,Priya Taylor,priya.taylor.5812@inbox.net,India,2024-02-09,Basic,126.90
5813,Ethan Garcia,ethan.garcia.5813@shopmail.io,Italy,2025-03-26,Standard,109.45
5814,Ethan Dubois,ethan.dubois.5814@mail.example.com,Germany,2023-09-30,Basic,150.49
5815,Mia Mueller,mia.mueller.5815@mail.example.com,Italy,2025-06-11,Standard,75.11
5816,Priya Taylor,priya.taylor.5816@customer.co,Italy,2024-10-14,Basic,216.76
5817,Aisha Patel,aisha.patel.5817@customer.co,United Kingdom,2020-03-31,Basic,99.25
5818,Aisha Dubois,aisha.dubois.5818@inbox.net,Netherlands,2021-04-06,Standard,159.64
5819,Arjun Brown,arjun.brown.5819@inbox.net,United States,2023-06-06,Premium,176.30
5820,Isabella Lee,isabella.lee.5820@mail.example.com,Germany,2023-08-03,Basic,510.92
5821,Lucas Mueller,lucas.mueller.5821@customer.co,France,2018-11-16,Standard,154.84
5822,Chen Patel,chen.patel.5822@customer.co,United States,2025-06-08,Standard,289.44
5823,Priya Brown,priya.brown.5823@inbox.net,Germany,2024-11-15,Standard,477.34
5824,Aisha Patel,aisha.patel.5824@inbox.net,Australia,2024-04-05,Standard,805.25
5825,Noah Martin,noah.martin.5825@shopmail.io,Australia,2021-11-12,Standard,377.61
5826,Aisha Dubois,aisha.dubois.5826@mail.example.com,Canada,2022-05-21,Premium,643.22
5827,Arjun Patel,arjun.patel.5827@customer.co,United States,2020-07-17,Standard,169.47
5828,Ethan Wilson,ethan.wilson.5828@customer.co,Australia,2022-12-08,Standard,605.44
5829,Noah Wilson,noah.wilson.5829@customer.co,Germany,2021-12-28,Standard,103.47
5830,Mia Lee,mia.lee.5830@inbox.net,United States,2020-06-12,Basic,318.35
5831,Olivia Nguyen,olivia.nguyen.5831@shopmail.io,Germany,2024-12-05,Standard,150.30
5832,Ethan Brown,ethan.brown.5832@customer.co,Italy,2024-06-29,Standard,285.71
5833,Maria Wilson,maria.wilson.5833@shopmail.io,Spain,2022-01-22,Standard,653.36
5834,Olivia Dubois,olivia.dubois.5834@shopmail.io,Australia,2025-04-04,Standard,647.30
5835,Lucas Mueller,lucas.mueller.5835@inbox.net,Germany,2023-08-21,Standard,339.79
5836,Emma Patel,emma.patel.5836@customer.co,Italy,2021-09-25,Premium,131.52
5837,Sofia Kim,sofia.kim.5837@customer.co,Spain,2025-05-16,Standard,192.80
5838,Chen Rossi,chen.rossi.5838@mail.example.com,Italy,2024-06-08,Standard,141.58
5839,Lucas Singh,lucas.singh.5839@customer.co,United Kingdom,2023-01-04,Basic,255.12
5840,Ethan Kim,ethan.kim.5840@shopmail.io,United Kingdom,2021-07-02,Basic,414.17
5841,Mia Rossi,mia.rossi.5841@mail.example.com,Italy,2022-07-03,Basic,183.83
5842,Emma Wilson,emma.wilson.5842@customer.co,Netherlands,2020-12-07,Standard,180.90
5843,James Mueller,james.mueller.5843@inbox.net,Netherlands,2018-03-22,Premium,385.15
5844,Aisha Nguyen,aisha.nguyen.5844@shopmail.io,United States,2023-01-29,Standard,224.88
5845,Isabella Lee,isabella.lee.5845@customer.co,United Kingdom,2025-06-25,Basic,312.95
5846,Priya Smith,priya.smith.5846@mail.example.com,Italy,2021-03-04,Standard,161.18
5847,James Singh,james.singh.5847@inbox.net,United Kingdom,2022-01-25,Premium,417.23
5848,Lucas Smith,lucas.smith.5848@mail.example.com,Spain,2019-09-19,Standard,333.81
5849,Ethan Garcia,ethan.garcia.5849@mail.example.com,France,2024-12-07,Premium,482.24
5850,James Smith,james.smith.5850@mail.example.com,Canada,2022-12-13,Premium,320.69
5851,Liam Dubois,liam.dubois.5851@mail.example.com,Australia,2022-02-25,Standard,435.44
5852,Sofia Garcia,sofia.garcia.5852@mail.example.com,Canada,2024-11-16,Standard,249.14
5853,Mia Singh,mia.singh.5853@inbox.net,Spain,2021-03-05,Standard,362.34
5854,Liam Garcia,liam.garcia.5854@shopmail.io,Spain,2024-02-07,Basic,153.51
5855,Mia Mueller,mia.mueller.5855@mail.example.com,France,2021-04-06,Basic,525.95
5856,Olivia Kim,olivia.kim.5856@shopmail.io,United States,2019-04-27,Basic,274.54
5857,Noah Khan,noah.khan.5857@customer.co,Italy,2018-06-18,Premium,704.10
5858,Aisha Nguyen,aisha.nguyen.5858@customer.co,United Kingdom,2023-06-11,Standard,503.20
5859,Priya Singh,priya.singh.5859@customer.co,France,2025-01-26,Basic,302.90
5860,James Khan,james.khan.5860@shopmail.io,United Kingdom,2025-01-06,Basic,697.04
5861,Arjun Taylor,arjun.taylor.5861@inbox.net,France,2024-05-19,Premium,856.79
5862,Chen Kim,chen.kim.5862@mail.example.com,United Kingdom,2025-06-02,Premium,729.22
5863,Isabella Wilson,isabella.wilson.5863@inbox.net,Italy,2025-08-16,Premium,894.75
5864,Emma Dubois,emma.dubois.5864@customer.co,Netherlands,2024-10-26,Premium,806.39
5865,Mia Nguyen,mia.nguyen.5865@mail.example.com,United Kingdom,2024-10-17,Standard,184.41
5866,Priya Lee,priya.lee.5866@shopmail.io,Spain,2022-05-20,Premium,66.73
5867,Aisha Rossi,aisha.rossi.5867@mail.example.com,Germany,2020-08-06,Basic,340.38
5868,Olivia Martin,olivia.martin.5868@mail.example.com,Netherlands,2025-02-08,Standard,292.70
5869,Sofia Rossi,sofia.rossi.5869@mail.example.com,France,2024-12-23,Premium,130.82
5870,Priya Nguyen,priya.nguyen.5870@shopmail.io,Italy,2025-03-03,Basic,369.57
5871,Isabella Dubois,isabella.dubois.5871@shopmail.io,Netherlands,2022-04-22,Basic,236.57
5872,Sofia Wilson,sofia.wilson.5872@mail.example.com,Germany,2021-05-13,Standard,533.34
5873,Ethan Brown,ethan.brown.5873@shopmail.io,Spain,2022-01-23,Standard,418.71
5874,Olivia Nguyen,olivia.nguyen.5874@customer.co,Canada,2024-03-05,Basic,527.23
5875,Arjun Mueller,arjun.mueller.5875@mail.example.com,Australia,2019-03-06,Standard,100.51
5876,Isabella Martin,isabella.martin.5876@mail.example.com,France,2025-08-11,Basic,2447.97
5877,Chen Garcia,chen.garcia.5877@mail.example.com,Germany,2021-11-11,Premium,358.87
5878,Isabella Mueller,isabella.mueller.5878@mail.example.com,France,2019-12-22,Basic,269.20
5879,James Martin,james.martin.5879@inbox.net,Germany,2023-09-13,Standard,364.10
5880,Isabella Patel,isabella.patel.5880@customer.co,Netherlands,2021-08-31,Premium,287.60
5881,Sofia Dubois,sofia.dubois.5881@mail.example.com,United States,2023-07-16,Basic,134.08
5882,Isabella Rossi,isabella.rossi.5882@shopmail.io,Germany,2021-11-30,Standard,64.83
5883,Maria Singh,maria.singh.5883@shopmail.io,United Kingdom,2019-11-04,Standard,203.32
5884,Emma Mueller,emma.mueller.5884@customer.co,Australia,2024-06-21,Standard,122.07
5885,Mia Martin,mia.martin.5885@customer.co,India,2021-12-06,Standard,75.63
5886,Noah Garcia,noah.garcia.5886@mail.example.com,Italy,2024-05-10,Premium,1799.51
5887,Liam Wilson,liam.wilson.5887@shopmail.io,Netherlands,2022-10-18,Standard,485.91
5888,Arjun Kim,arjun.kim.5888@inbox.net,Canada,2023-08-01,Basic,433.88
5889,Noah Brown,noah.brown.5889@inbox.net,Netherlands,2018-01-19,Standard,549.20
5890,Sofia Patel,sofia.patel.5890@inbox.net,Canada,2021-10-12,Standard,77.76
5891,Maria Patel,maria.patel.5891@shopmail.io,Australia,2022-08-18,Standard,324.41
5892,Olivia Singh,olivia.singh.5892@inbox.net,Italy,2023-08-09,Premium,595.20
5893,Ethan Nguyen,ethan.nguyen.5893@customer.co,India,2022-07-27,Premium,340.53
5894,Arjun Smith,arjun.smith.5894@shopmail.io,Spain,2022-03-01,Standard,306.57
5895,James Martin,james.martin.5895@customer.co,United States,2025-01-23,Standard,151.77
5896,Priya Garcia,priya.garcia.5896@shopmail.io,United Kingdom,2020-01-26,Premium,296.44
5897,Isabella Khan,isabella.khan.5897@customer.co,Canada,2022-04-15,Basic,270.85
5898,Mia Wilson,mia.wilson.5898@mail.example.com,Canada,2023-09-27,Premium,241.43
5899,Emma Mueller,emma.mueller.5899@mail.example.com,Germany,2025-07-19,Standard,234.31
5900,Ethan Nguyen,ethan.nguyen.5900@shopmail.io,Spain,2021-07-06,Standard,540.32
5901,Aisha Dubois,aisha.dubois.5901@customer.co,Italy,2024-10-30,Standard,518.40
5902,Priya Wilson,priya.wilson.5902@inbox.net,Italy,2021-11-24,Standard,460.55
5903,Aisha Nguyen,aisha.nguyen.5903@customer.co,Germany,2019-07-01,Basic,402.62
5904,Olivia Martin,olivia.martin.5904@mail.example.com,Italy,2018-06-30,Standard,319.77
5905,Maria Taylor,maria.taylor.5905@inbox.net,France,2018-09-17,Premium,622.65
5906,Maria Patel,maria.patel.5906@inbox.net,United States,2024-05-01,Standard,296.89
5907,Olivia Rossi,olivia.rossi.5907@customer.co,Italy,2022-05-15,Basic,338.26
5908,Priya Wilson,priya.wilson.5908@customer.co,United States,2018-04-25,Premium,2031.20
5909,Arjun Martin,arjun.martin.5909@shopmail.io,Canada,2025-07-17,Standard,231.18
5910,Liam Nguyen,liam.nguyen.5910@customer.co,Germany,2018-03-10,Standard,173.70
5911,Priya Taylor,priya.taylor.5911@inbox.net,Australia,2021-01-16,Basic,77.30
5912,Ethan Smith,ethan.smith.5912@customer.co,United States,2022-03-09,Basic,264.65
5913,Liam Patel,liam.patel.5913@shopmail.io,Netherlands,2022-02-23,Standard,942.34
5914,Arjun Singh,arjun.singh.5914@mail.example.com,India,2019-01-15,Basic,291.54
5915,Mia Lee,mia.lee.5915@customer.co,United Kingdom,2019-12-05,Standard,165.59
5916,Arjun Taylor,arjun.taylor.5916@customer.co,Australia,2024-08-05,Standard,457.30
5917,Arjun Nguyen,arjun.nguyen.5917@mail.example.com,India,2024-07-16,Standard,102.65
5918,Ethan Wilson,ethan.wilson.5918@mail.example.com,Australia,2022-05-11,Premium,70.50
5919,Ethan Lee,ethan.lee.5919@mail.example.com,United States,2018-02-14,Standard,363.54
5920,Chen Martin,chen.martin.5920@mail.example.com,Italy,2020-11-26,Standard,863.65
5921,Sofia Rossi,sofia.rossi.5921@inbox.net,France,2020-12-04,Basic,204.54
5922,Ethan Mueller,ethan.mueller.5922@inbox.net,France,2020-04-17,Basic,795.64
5923,Emma Nguyen,emma.nguyen.5923@mail.example.com,France,2024-01-24,Standard,259.47
5924,Lucas Singh,lucas.singh.5924@mail.example.com,Spain,2023-10-14,Basic,331.99
5925,Maria Lee,maria.lee.5925@mail.example.com,United Kingdom,2020-08-02,Basic,588.18
5926,Aisha Khan,aisha.khan.5926@shopmail.io,France,2020-04-07,Standard,118.96
5927,Maria Mueller,maria.mueller.5927@inbox.net,United States,2025-07-03,Standard,106.52
5928,Emma Dubois,emma.dubois.5928@inbox.net,Italy,2022-09-01,Basic,83.07
5929,Aisha Kim,aisha.kim.5929@mail.example.com,Spain,2018-10-08,Basic,219.69
5930,Aisha Lee,aisha.lee.5930@mail.example.com,Canada,2021-02-28,Basic,247.64
5931,Olivia Mueller,olivia.mueller.5931@mail.example.com,Italy,2023-07-04,Standard,2087.72
5932,Olivia Khan,olivia.khan.5932@customer.co,Italy,2021-12-17,Basic,282.88
5933,Emma Patel,emma.patel.5933@shopmail.io,Australia,2024-12-23,Basic,99.37
5934,Ethan Smith,ethan.smith.5934@customer.co,Germany,2019-06-30,Premium,699.75
5935,Liam Khan,liam.khan.5935@shopmail.io,United Kingdom,2020-09-04,Premium,805.14
5936,Emma Singh,emma.singh.5936@inbox.net,Italy,2019-11-30,Standard,1458.13
5937,Sofia Martin,sofia.martin.5937@shopmail.io,Australia,2023-11-03,Basic,118.77
5938,Maria Kim,maria.kim.5938@mail.example.com,Australia,2019-10-01,Standard,140.95
5939,Ethan Dubois,ethan.dubois.5939@customer.co,India,2019-12-21,Standard,349.68
5940,Maria Patel,maria.patel.5940@inbox.net,Germany,2018-06-28,Standard,204.16
5941,Olivia Garcia,olivia.garcia.5941@inbox.net,India,2022-11-08,Basic,448.67
5942,Liam Martin,liam.martin.5942@inbox.net,Germany,2024-06-13,Standard,72.44
5943,Chen Patel,chen.patel.5943@mail.example.com,United Kingdom,2019-03-06,Basic,69.02
5944,Aisha Mueller,aisha.mueller.5944@customer.co,United States,2024-08-13,Standard,335.86
5945,Chen Wilson,chen.wilson.5945@customer.co,Australia,2021-01-17,Standard,659.27
5946,Priya Dubois,priya.dubois.5946@shopmail.io,Australia,2021-04-22,Basic,115.58
5947,Emma Wilson,emma.wilson.5947@customer.co,Germany,2025-08-12,Premium,228.69
5948,Maria Singh,maria.singh.5948@mail.example.com,Canada,2022-04-23,Basic,184.85
5949,Sofia Patel,sofia.patel.5949@customer.co,Netherlands,2021-06-21,Basic,165.18
5950,Olivia Patel,olivia.patel.5950@shopmail.io,Spain,2023-09-24,Basic,361.73
5951,Olivia Lee,olivia.lee.5951@mail.example.com,Spain,2024-11-05,Basic,162.96
5952,Aisha Dubois,aisha.dubois.5952@customer.co,Germany,2018-11-10,Premium,165.43
5953,Aisha Rossi,aisha.rossi.5953@inbox.net,Australia,2020-12-03,Premium,879.14
5954,Olivia Kim,olivia.kim.5954@shopmail.io,Netherlands,2019-05-15,Standard,236.81
5955,Sofia Mueller,sofia.mueller.5955@customer.co,United States,2020-04-13,Basic,145.10
5956,Arjun Taylor,arjun.taylor.5956@customer.co,Netherlands,2019-07-17,Standard,173.77
5957,Chen Kim,chen.kim.5957@mail.example.com,Italy,2023-06-02,Basic,100.31
5958,Sofia Kim,sofia.kim.5958@shopmail.io,Italy,2024-10-10,Basic,463.82
5959,Olivia Lee,olivia.lee.5959@shopmail.io,Netherlands,2022-02-06,Standard,406.07
5960,Sofia Lee,sofia.lee.5960@customer.co,United Kingdom,2018-09-07,Basic,498.39
5961,Olivia Taylor,olivia.taylor.5961@mail.example.com,Spain,2019-05-17,Standard,253.29
5962,Mia Patel,mia.patel.5962@mail.example.com,Netherlands,2024-04-13,Basic,296.24
5963,Aisha Mueller,aisha.mueller.5963@shopmail.io,France,2025-05-19,Premium,341.22
5964,Mia Rossi,mia.rossi.5964@shopmail.io,Canada,2020-03-11,Basic,540.54
5965,Aisha Mueller,aisha.mueller.5965@inbox.net,Germany,2025-01-05,Standard,228.05
5966,James Mueller,james.mueller.5966@shopmail.io,Germany,2021-04-07,Premium,937.36
5967,Chen Mueller,chen.mueller.5967@shopmail.io,France,2019-07-02,Basic,229.87
5968,Liam Lee,liam.lee.5968@inbox.net,Germany,2021-06-06,Standard,458.42
5969,Liam Singh,liam.singh.5969@inbox.net,United Kingdom,2019-07-09,Standard,1432.70
5970,Maria Dubois,maria.dubois.5970@inbox.net,Italy,2018-11-16,Basic,150.82
5971,James Garcia,james.garcia.5971@inbox.net,Germany,2021-02-24,Standard,946.43
5972,Liam Lee,liam.lee.5972@mail.example.com,Australia,2019-08-11,Standard,167.00
5973,Arjun Dubois,arjun.dubois.5973@customer.co,United Kingdom,2022-10-12,Standard,292.14
5974,Noah Nguyen,noah.nguyen.5974@customer.co,Canada,2018-03-27,Basic,257.37
5975,Isabella Garcia,isabella.garcia.5975@shopmail.io,France,2019-02-03,Standard,206.19
5976,Noah Garcia,noah.garcia.5976@mail.example.com,United States,2020-06-02,Standard,234.32
5977,Noah Wilson,noah.wilson.5977@customer.co,France,2024-07-26,Standard,269.68
5978,Isabella Dubois,isabella.dubois.5978@mail.example.com,Spain,2021-01-08,Basic,51.34
5979,Isabella Dubois,isabella.dubois.5979@mail.example.com,Germany,2019-03-15,Standard,94.18
5980,Chen Rossi,chen.rossi.5980@shopmail.io,Netherlands,2019-07-04,Basic,260.10
5981,Sofia Wilson,sofia.wilson.5981@mail.example.com,France,2018-12-21,Premium,56.14
5982,James Garcia,james.garcia.5982@shopmail.io,Australia,2019-10-18,Standard,418.71
5983,Arjun Garcia,arjun.garcia.5983@inbox.net,Australia,2025-07-17,Standard,50.40
5984,Liam Singh,liam.singh.5984@mail.example.com,Canada,2022-02-26,Standard,520.04
5985,Sofia Dubois,sofia.dubois.5985@customer.co,France,2021-12-25,Standard,442.31
5986,Lucas Dubois,lucas.dubois.5986@shopmail.io,Netherlands,2019-10-15,Basic,40.83
5987,Liam Brown,liam.brown.5987@inbox.net,India,2018-10-30,Standard,102.54
5988,Emma Mueller,emma.mueller.5988@customer.co,Australia,2019-11-12,Standard,289.23
5989,Isabella Garcia,isabella.garcia.5989@customer.co,Italy,2022-10-15,Standard,768.67
5990,Liam Garcia,liam.garcia.5990@inbox.net,Canada,2020-07-28,Standard,332.32
5991,Emma Patel,emma.patel.5991@shopmail.io,Canada,2023-09-27,Standard,154.83
5992,Ethan Singh,ethan.singh.5992@mail.example.com,United Kingdom,2021-11-26,Basic,159.52
5993,Noah Wilson,noah.wilson.5993@customer.co,Germany,2019-01-12,Standard,834.92
5994,Maria Khan,maria.khan.5994@customer.co,Germany,2020-11-10,Basic,662.93
5995,James Patel,james.patel.5995@inbox.net,Italy,2018-09-07,Standard,339.68
5996,Lucas Taylor,lucas.taylor.5996@shopmail.io,Australia,2023-11-30,Standard,281.66
5997,Lucas Martin,lucas.martin.5997@shopmail.io,India,2020-12-04,Standard,162.78
5998,Sofia Mueller,sofia.mueller.5998@inbox.net,Italy,2024-05-03,Standard,180.83
5999,Isabella Khan,isabella.khan.5999@customer.co,Germany,2025-02-01,Basic,147.46
6000,Ethan Lee,ethan.lee.6000@shopmail.io,India,2023-12-12,Basic,1977.66
6001,Chen Khan,chen.khan.6001@inbox.net,Spain,2021-09-04,Standard,204.83
6002,James Khan,james.khan.6002@inbox.net,Netherlands,2020-01-13,Standard,822.64
6003,Isabella Nguyen,isabella.nguyen.6003@mail.example.com,Spain,2022-07-14,Standard,364.53
6004,Emma Taylor,emma.taylor.6004@customer.co,United Kingdom,2019-03-17,Standard,1033.57
6005,Arjun Dubois,arjun.dubois.6005@inbox.net,United Kingdom,2025-03-29,Standard,127.29
6006,Lucas Lee,lucas.lee.6006@shopmail.io,France,2022-12-04,Standard,310.83
6007,Mia Patel,mia.patel.6007@inbox.net,France,2021-07-27,Premium,153.41
6008,Maria Khan,maria.khan.6008@mail.example.com,Australia,2020-04-15,Basic,509.88
6009,Arjun Garcia,arjun.garcia.6009@shopmail.io,United States,2018-09-24,Premium,395.60
6010,Liam Mueller,liam.mueller.6010@customer.co,United Kingdom,2025-05-18,Basic,337.95
6011,James Kim,james.kim.6011@shopmail.io,Germany,2023-11-18,Standard,121.12
6012,Mia Rossi,mia.rossi.6012@mail.example.com,France,2023-06-08,Standard,119.66
6013,James Rossi,james.rossi.6013@inbox.net,Italy,2018-08-22,Standard,261.85
6014,Olivia Singh,olivia.singh.6014@mail.example.com,India,2024-05-28,Standard,410.96
6015,Isabella Garcia,isabella.garcia.6015@inbox.net,United States,2018-12-12,Standard,328.71
6016,James Smith,james.smith.6016@inbox.net,Netherlands,2021-04-11,Basic,2086.57
6017,James Smith,james.smith.6017@shopmail.io,Germany,2022-02-26,Standard,231.43
6018,Priya Lee,priya.lee.6018@mail.example.com,Spain,2018-02-05,Standard,141.90
6019,Noah Patel,noah.patel.6019@mail.example.com,United States,2019-09-06,Premium,243.96
6020,Isabella Garcia,isabella.garcia.6020@mail.example.com,Australia,2019-01-28,Premium,271.68
6021,Arjun Martin,arjun.martin.6021@mail.example.com,United States,2022-04-14,Premium,377.15
6022,Mia Singh,mia.singh.6022@mail.example.com,United States,2019-03-27,Standard,256.63
6023,Liam Rossi,liam.rossi.6023@shopmail.io,Spain,2019-09-06,Standard,474.22
6024,Lucas Garcia,lucas.garcia.6024@shopmail.io,Italy,2021-09-11,Standard,277.16
6025,Olivia Lee,olivia.lee.6025@mail.example.com,Netherlands,2018-03-22,Standard,219.59
6026,Arjun Khan,arjun.khan.6026@inbox.net,Australia,2021-08-31,Premium,48.12
6027,James Garcia,james.garcia.6027@shopmail.io,Australia,2020-12-14,Basic,1646.28
6028,Priya Taylor,priya.taylor.6028@shopmail.io,France,2022-03-16,Premium,311.15
6029,Chen Kim,chen.kim.6029@inbox.net,Netherlands,2019-05-27,Premium,227.05
6030,Arjun Lee,arjun.lee.6030@inbox.net,United Kingdom,2020-04-25,Basic,139.45
6031,Ethan Khan,ethan.khan.6031@inbox.net,Canada,2021-06-12,Standard,259.79
6032,Olivia Dubois,olivia.dubois.6032@mail.example.com,Netherlands,2020-03-10,Premium,251.54
6033,Ethan Smith,ethan.smith.6033@inbox.net,France,2018-05-09,Premium,470.75
6034,Lucas Rossi,lucas.rossi.6034@inbox.net,Germany,2024-05-14,Basic,104.38
6035,Noah Smith,noah.smith.6035@mail.example.com,United States,2020-11-18,Standard,126.23
6036,Isabella Martin,isabella.martin.6036@customer.co,Canada,2021-08-06,Standard,630.14
6037,Priya Taylor,priya.taylor.6037@mail.example.com,France,2025-02-06,Basic,164.45
6038,Emma Patel,emma.patel.6038@shopmail.io,Germany,2023-11-05,Standard,130.32
6039,Mia Wilson,mia.wilson.6039@inbox.net,India,2021-08-05,Standard,1731.53
6040,Liam Khan,liam.khan.6040@customer.co,Italy,2021-04-01,Basic,301.00
6041,Noah Martin,noah.martin.6041@shopmail.io,United States,2018-04-25,Standard,402.86
6042,Chen Lee,chen.lee.6042@customer.co,Italy,2021-04-18,Premium,156.71
6043,Sofia Dubois,sofia.dubois.6043@shopmail.io,Germany,2020-10-16,Basic,288.95
6044,Liam Khan,liam.khan.6044@inbox.net,India,2023-10-10,Basic,362.12
6045,Isabella Garcia,isabella.garcia.6045@inbox.net,Australia,2023-06-07,Basic,539.33
6046,Priya Nguyen,priya.nguyen.6046@mail.example.com,United Kingdom,2020-04-06,Standard,68.35
6047,Aisha Khan,aisha.khan.6047@mail.example.com,Australia,2025-07-15,Standard,300.54
6048,Emma Singh,emma.singh.6048@mail.example.com,United Kingdom,2018-11-20,Basic,110.19
6049,Sofia Martin,sofia.martin.6049@shopmail.io,France,2018-10-11,Basic,102.67
6050,Sofia Kim,sofia.kim.6050@inbox.net,Australia,2018-06-09,Standard,170.34
6051,Ethan Khan,ethan.khan.6051@customer.co,United States,2022-02-20,Premium,87.98
6052,Mia Singh,mia.singh.6052@shopmail.io,United Kingdom,2022-02-27,Basic,480.70
6053,Maria Smith,maria.smith.6053@mail.example.com,United States,2025-03-24,Standard,563.24
6054,Ethan Wilson,ethan.wilson.6054@mail.example.com,India,2021-10-07,Standard,227.72
6055,Noah Rossi,noah.rossi.6055@shopmail.io,Spain,2018-02-04,Standard,215.90
6056,Arjun Lee,arjun.lee.6056@shopmail.io,India,2022-12-29,Standard,200.19
6057,Noah Martin,noah.martin.6057@shopmail.io,United Kingdom,2018-09-09,Standard,302.67
6058,Emma Nguyen,emma.nguyen.6058@inbox.net,United Kingdom,2021-02-05,Standard,652.20
6059,Maria Mueller,maria.mueller.6059@customer.co,Germany,2024-08-21,Basic,752.03
6060,Aisha Smith,aisha.smith.6060@inbox.net,United Kingdom,2021-02-26,Basic,790.81
6061,Aisha Taylor,aisha.taylor.6061@mail.example.com,India,2023-07-30,Basic,1316.49
6062,Liam Martin,liam.martin.6062@customer.co,Canada,2018-07-29,Basic,636.02
6063,Sofia Taylor,sofia.taylor.6063@customer.co,Netherlands,2021-10-08,Standard,233.62
6064,Chen Khan,chen.khan.6064@shopmail.io,Canada,2021-09-28,Standard,453.59
6065,Arjun Rossi,arjun.rossi.6065@shopmail.io,Germany,2021-03-24,Standard,1128.38
6066,Sofia Nguyen,sofia.nguyen.6066@mail.example.com,United Kingdom,2021-05-14,Standard,173.36
6067,Priya Rossi,priya.rossi.6067@customer.co,Canada,2022-03-03,Standard,563.24
6068,Aisha Rossi,aisha.rossi.6068@inbox.net,Italy,2024-02-17,Basic,509.42
6069,Noah Brown,noah.brown.6069@shopmail.io,France,2020-08-28,Basic,772.38
6070,Ethan Nguyen,ethan.nguyen.6070@customer.co,Australia,2020-03-11,Basic,299.69
6071,Ethan Nguyen,ethan.nguyen.6071@inbox.net,France,2023-02-05,Basic,73.26
6072,Arjun Wilson,arjun.wilson.6072@customer.co,Germany,2021-06-29,Standard,357.08
6073,Sofia Taylor,sofia.taylor.6073@shopmail.io,United Kingdom,2019-04-25,Basic,241.08
6074,Maria Singh,maria.singh.6074@customer.co,Spain,2020-03-14,Standard,235.33
6075,Noah Garcia,noah.garcia.6075@mail.example.com,Australia,2018-12-21,Basic,844.91
6076,Sofia Brown,sofia.brown.6076@inbox.net,United Kingdom,2023-02-18,Standard,137.12
6077,Mia Patel,mia.patel.6077@mail.example.com,United States,2021-12-03,Standard,506.21
6078,Isabella Wilson,isabella.wilson.6078@inbox.net,France,2024-11-07,Standard,111.15
6079,Noah Khan,noah.khan.6079@mail.example.com,India,2018-12-04,Standard,329.68
6080,Isabella Garcia,isabella.garcia.6080@inbox.net,Spain,2025-06-01,Premium,286.85
6081,Lucas Martin,lucas.martin.6081@inbox.net,Netherlands,2021-09-15,Standard,104.47
6082,Maria Nguyen,maria.nguyen.6082@mail.example.com,Italy,2022-12-06,Standard,684.70
6083,Arjun Martin,arjun.martin.6083@mail.example.com,Germany,2024-02-17,Basic,87.08
6084,Sofia Wilson,sofia.wilson.6084@customer.co,Canada,2018-11-19,Basic,258.99
6085,Noah Mueller,noah.mueller.6085@mail.example.com,United Kingdom,2021-08-03,Basic,163.79
6086,Noah Khan,noah.khan.6086@mail.example.com,Germany,2022-05-04,Standard,266.04
6087,Lucas Wilson,lucas.wilson.6087@mail.example.com,France,2022-08-02,Premium,254.80
6088,Aisha Garcia,aisha.garcia.6088@customer.co,Germany,2019-08-16,Standard,199.47
6089,Ethan Lee,ethan.lee.6089@shopmail.io,United States,2022-12-09,Premium,507.13
6090,Lucas Khan,lucas.khan.6090@customer.co,Canada,2020-03-25,Standard,256.76
6091,James Smith,james.smith.6091@inbox.net,Netherlands,2023-04-05,Standard,159.18
6092,Mia Mueller,mia.mueller.6092@customer.co,United Kingdom,2023-08-16,Premium,1414.63
6093,Aisha Patel,aisha.patel.6093@customer.co,France,2020-09-19,Standard,148.71
6094,Lucas Brown,lucas.brown.6094@inbox.net,Spain,2022-04-05,Premium,102.92
6095,Noah Wilson,noah.wilson.6095@inbox.net,India,2022-10-18,Premium,567.08
6096,Noah Smith,noah.smith.6096@mail.example.com,Spain,2022-01-18,Basic,336.29
6097,Lucas Garcia,lucas.garcia.6097@inbox.net,Australia,2021-11-18,Standard,708.40
6098,Arjun Wilson,arjun.wilson.6098@mail.example.com,Canada,2018-09-20,Basic,154.16
6099,Chen Lee,chen.lee.6099@shopmail.io,Italy,2022-11-21,Standard,1070.32
6100,Olivia Mueller,olivia.mueller.6100@inbox.net,United States,2018-01-30,Standard,94.31
6101,James Dubois,james.dubois.6101@inbox.net,United Kingdom,2022-05-07,Premium,317.39
6102,Priya Kim,priya.kim.6102@shopmail.io,Netherlands,2018-11-29,Standard,290.93
6103,Ethan Patel,ethan.patel.6103@mail.example.com,Italy,2023-12-29,Standard,279.57
6104,Emma Dubois,emma.dubois.6104@mail.example.com,Spain,2018-10-31,Standard,106.70
6105,Emma Martin,emma.martin.6105@mail.example.com,Spain,2022-11-01,Standard,219.35
6106,Lucas Singh,lucas.singh.6106@inbox.net,Germany,2021-06-08,Standard,184.33
6107,Ethan Khan,ethan.khan.6107@shopmail.io,Germany,2023-09-22,Premium,84.95
6108,Maria Dubois,maria.dubois.6108@inbox.net,Netherlands,2020-04-02,Basic,100.19
6109,Maria Kim,maria.kim.6109@customer.co,Italy,2020-10-04,Premium,544.39
6110,Maria Kim,maria.kim.6110@inbox.net,India,2020-01-17,Standard,1006.44
6111,Isabella Khan,isabella.khan.6111@mail.example.com,Spain,2019-06-07,Standard,206.94
6112,Sofia Brown,sofia.brown.6112@mail.example.com,India,2020-05-28,Basic,154.11
6113,Ethan Patel,ethan.patel.6113@customer.co,Spain,2020-03-06,Standard,203.57
6114,Noah Garcia,noah.garcia.6114@customer.co,United States,2020-02-09,Standard,152.00
6115,Aisha Mueller,aisha.mueller.6115@inbox.net,Spain,2022-12-12,Standard,374.50
6116,Sofia Singh,sofia.singh.6116@customer.co,Canada,2020-11-02,Standard,440.32
6117,Olivia Garcia,olivia.garcia.6117@shopmail.io,United Kingdom,2019-06-05,Premium,234.81
6118,Mia Nguyen,mia.nguyen.6118@inbox.net,Canada,2018-06-13,Basic,307.64
6119,Mia Khan,mia.khan.6119@mail.example.com,France,2021-06-25,Standard,161.73
6120,Isabella Lee,isabella.lee.6120@inbox.net,France,2024-02-13,Standard,167.86
6121,Emma Khan,emma.khan.6121@shopmail.io,Canada,2018-12-22,Standard,231.40
6122,Chen Nguyen,chen.nguyen.6122@shopmail.io,Canada,2018-12-24,Basic,365.99
6123,James Brown,james.brown.6123@inbox.net,India,2022-04-16,Standard,140.97
6124,Sofia Brown,sofia.brown.6124@shopmail.io,France,2022-03-20,Basic,953.24
6125,Emma Wilson,emma.wilson.6125@mail.example.com,United States,2024-04-07,Standard,223.32
6126,Liam Kim,liam.kim.6126@mail.example.com,United States,2020-06-11,Standard,517.25
6127,Priya Dubois,priya.dubois.6127@shopmail.io,Netherlands,2019-04-10,Basic,97.17
6128,Mia Dubois,mia.dubois.6128@inbox.net,India,2022-06-05,Standard,75.12
6129,Liam Dubois,liam.dubois.6129@customer.co,Netherlands,2023-09-15,Standard,71.99
6130,Isabella Taylor,isabella.taylor.6130@customer.co,Australia,2023-08-13,Standard,1069.23
6131,Priya Martin,priya.martin.6131@inbox.net,Italy,2023-05-09,Basic,950.02
6132,Maria Patel,maria.patel.6132@customer.co,India,2018-10-02,Standard,314.25
6133,Priya Wilson,priya.wilson.6133@shopmail.io,France,2025-02-28,Standard,1031.69
6134,Lucas Rossi,lucas.rossi.6134@shopmail.io,Germany,2023-07-14,Basic,73.61
6135,Priya Taylor,priya.taylor.6135@customer.co,Germany,2018-03-14,Basic,87.42
6136,James Kim,james.kim.6136@mail.example.com,France,2018-07-23,Premium,106.71
6137,Mia Nguyen,mia.nguyen.6137@shopmail.io,United States,2022-12-20,Basic,170.32
6138,Noah Nguyen,noah.nguyen.6138@customer.co,Italy,2022-03-11,Basic,61.06
6139,Emma Brown,emma.brown.6139@inbox.net,United Kingdom,2018-05-05,Premium,537.70
6140,Olivia Mueller,olivia.mueller.6140@inbox.net,United States,2021-05-17,Basic,47.69
6141,Isabella Nguyen,isabella.nguyen.6141@inbox.net,United Kingdom,2019-08-11,Standard,964.29
6142,Lucas Khan,lucas.khan.6142@mail.example.com,France,2021-10-05,Standard,201.22
6143,Liam Lee,liam.lee.6143@customer.co,Spain,2025-03-09,Standard,424.62
6144,Ethan Wilson,ethan.wilson.6144@mail.example.com,Germany,2018-07-26,Standard,476.09
6145,James Taylor,james.taylor.6145@mail.example.com,United States,2019-12-20,Basic,273.24
6146,Liam Patel,liam.patel.6146@customer.co,Germany,2020-09-24,Basic,224.67
6147,Isabella Singh,isabella.singh.6147@shopmail.io,Canada,2018-09-14,Basic,150.35
6148,Liam Dubois,liam.dubois.6148@inbox.net,India,2019-10-28,Standard,84.87
6149,Arjun Patel,arjun.patel.6149@customer.co,Germany,2025-03-13,Basic,509.40
6150,Ethan Garcia,ethan.garcia.6150@inbox.net,Canada,2024-01-29,Premium,577.00
6151,Isabella Garcia,isabella.garcia.6151@inbox.net,Australia,2018-03-23,Premium,192.58
6152,Lucas Dubois,lucas.dubois.6152@shopmail.io,Germany,2021-01-26,Standard,276.20
6153,Priya Smith,priya.smith.6153@inbox.net,United Kingdom,2024-12-24,Standard,375.61
6154,Mia Brown,mia.brown.6154@inbox.net,India,2019-12-05,Standard,635.80
6155,Emma Patel,emma.patel.6155@customer.co,Spain,2022-11-11,Standard,33.76
6156,Isabella Taylor,isabella.taylor.6156@inbox.net,Netherlands,2019-01-31,Standard,109.61
6157,Priya Dubois,priya.dubois.6157@mail.example.com,Netherlands,2022-04-05,Basic,1004.55
6158,Lucas Martin,lucas.martin.6158@inbox.net,United States,2018-01-06,Standard,612.93
6159,Chen Garcia,chen.garcia.6159@shopmail.io,Canada,2021-06-07,Standard,294.25
6160,Sofia Garcia,sofia.garcia.6160@mail.example.com,France,2024-10-19,Standard,61.06
6161,Olivia Singh,olivia.singh.6161@customer.co,India,2021-10-26,Standard,447.09
6162,Arjun Rossi,arjun.rossi.6162@inbox.net,Spain,2025-03-29,Standard,361.13
6163,Lucas Wilson,lucas.wilson.6163@customer.co,Italy,2020-03-03,Basic,324.97
6164,Lucas Garcia,lucas.garcia.6164@inbox.net,Spain,2022-07-08,Premium,348.73
6165,Olivia Singh,olivia.singh.6165@customer.co,Netherlands,2023-12-17,Premium,395.27
6166,Sofia Khan,sofia.khan.6166@inbox.net,Australia,2020-05-28,Basic,109.71
6167,James Rossi,james.rossi.6167@shopmail.io,United States,2023-09-01,Premium,438.60
6168,Maria Kim,maria.kim.6168@shopmail.io,Germany,2022-09-23,Premium,192.58
6169,Noah Mueller,noah.mueller.6169@mail.example.com,Italy,2021-02-25,Basic,372.80
6170,Arjun Dubois,arjun.dubois.6170@shopmail.io,India,2022-09-25,Standard,224.54
6171,Chen Garcia,chen.garcia.6171@mail.example.com,France,2024-03-25,Basic,133.88
6172,Chen Khan,chen.khan.6172@mail.example.com,United States,2018-07-20,Standard,246.20
6173,Chen Mueller,chen.mueller.6173@inbox.net,Canada,2019-04-09,Standard,913.44
6174,Priya Singh,priya.singh.6174@inbox.net,Italy,2023-05-14,Standard,99.36
6175,Ethan Kim,ethan.kim.6175@shopmail.io,Italy,2020-04-11,Standard,1299.70
6176,Aisha Taylor,aisha.taylor.6176@inbox.net,Spain,2023-09-30,Premium,115.19
6177,Aisha Taylor,aisha.taylor.6177@shopmail.io,Australia,2023-10-02,Basic,175.54
6178,Maria Singh,maria.singh.6178@mail.example.com,India,2021-11-28,Standard,600.64
6179,Chen Martin,chen.martin.6179@shopmail.io,Netherlands,2024-02-04,Premium,155.80
6180,Emma Kim,emma.kim.6180@mail.example.com,India,2023-10-17,Basic,196.96
6181,Liam Dubois,liam.dubois.6181@shopmail.io,Canada,2019-12-24,Basic,164.67
6182,Ethan Dubois,ethan.dubois.6182@inbox.net,Netherlands,2019-09-23,Basic,313.23
6183,Lucas Garcia,lucas.garcia.6183@mail.example.com,United States,2023-01-16,Standard,305.19
6184,Noah Singh,noah.singh.6184@inbox.net,France,2024-09-30,Standard,267.62
6185,Emma Patel,emma.patel.6185@customer.co,Italy,2022-11-29,Standard,53.68
6186,Liam Dubois,liam.dubois.6186@shopmail.io,France,2018-05-16,Standard,1042.17
6187,Sofia Kim,sofia.kim.6187@shopmail.io,Canada,2019-07-29,Standard,98.64
6188,Noah Patel,noah.patel.6188@inbox.net,Netherlands,2020-02-09,Premium,159.50
6189,Noah Nguyen,noah.nguyen.6189@mail.example.com,Italy,2024-01-07,Premium,307.33
6190,Arjun Brown,arjun.brown.6190@customer.co,Netherlands,2020-01-18,Basic,155.24
6191,Liam Singh,liam.singh.6191@inbox.net,Germany,2022-06-14,Standard,99.03
6192,Priya Martin,priya.martin.6192@customer.co,France,2023-09-13,Standard,74.12
6193,Priya Martin,priya.martin.6193@mail.example.com,United States,2024-06-29,Standard,319.50
6194,Ethan Khan,ethan.khan.6194@shopmail.io,Canada,2025-03-26,Standard,251.28
6195,Isabella Dubois,isabella.dubois.6195@mail.example.com,Canada,2023-08-24,Basic,108.29
6196,Isabella Singh,isabella.singh.6196@customer.co,Canada,2020-07-13,Basic,142.21
6197,Arjun Mueller,arjun.mueller.6197@inbox.net,United Kingdom,2018-09-09,Basic,834.36
6198,Emma Singh,emma.singh.6198@inbox.net,Germany,2019-09-05,Basic,323.28
6199,Chen Garcia,chen.garcia.6199@customer.co,France,2020-08-28,Standard,345.68
6200,James Smith,james.smith.6200@customer.co,United States,2023-05-05,Premium,70.60
6201,Arjun Brown,arjun.brown.6201@shopmail.io,Spain,2018-06-08,Basic,796.03
6202,Mia Nguyen,mia.nguyen.6202@inbox.net,Italy,2025-08-07,Premium,54.32
6203,James Patel,james.patel.6203@shopmail.io,United States,2023-08-02,Basic,289.91
6204,Sofia Wilson,sofia.wilson.6204@mail.example.com,Australia,2022-02-07,Premium,645.82
6205,Olivia Dubois,olivia.dubois.6205@shopmail.io,Germany,2020-11-24,Basic,519.08
6206,Liam Nguyen,liam.nguyen.6206@shopmail.io,Germany,2019-01-28,Standard,219.81
6207,Liam Martin,liam.martin.6207@mail.example.com,France,2024-12-22,Basic,642.06
6208,Isabella Khan,isabella.khan.6208@inbox.net,India,2024-04-29,Standard,202.42
6209,Ethan Kim,ethan.kim.6209@customer.co,India,2024-07-19,Standard,62.06
6210,Sofia Rossi,sofia.rossi.6210@inbox.net,Italy,2022-02-21,Basic,235.39
6211,Lucas Patel,lucas.patel.6211@inbox.net,United Kingdom,2025-04-19,Premium,146.16
6212,Isabella Patel,isabella.patel.6212@mail.example.com,Spain,2025-04-08,Basic,257.32
6213,Maria Patel,maria.patel.6213@shopmail.io,Spain,2019-08-19,Standard,106.59
6214,Maria Mueller,maria.mueller.6214@inbox.net,Germany,2023-09-01,Standard,428.38
6215,Ethan Kim,ethan.kim.6215@mail.example.com,Australia,2019-08-15,Premium,377.94
6216,Maria Taylor,maria.taylor.6216@shopmail.io,United Kingdom,2024-05-27,Standard,39.76
6217,Maria Garcia,maria.garcia.6217@inbox.net,Australia,2020-12-15,Standard,313.72
6218,Ethan Dubois,ethan.dubois.6218@mail.example.com,Italy,2020-09-17,Standard,267.82
6219,Olivia Wilson,olivia.wilson.6219@shopmail.io,Netherlands,2025-03-12,Standard,848.37
6220,Arjun Smith,arjun.smith.6220@customer.co,Spain,2023-04-18,Standard,171.29
6221,James Nguyen,james.nguyen.6221@customer.co,India,2018-01-28,Standard,1028.49
6222,Ethan Lee,ethan.lee.6222@mail.example.com,Australia,2018-02-13,Basic,146.41
6223,Arjun Patel,arjun.patel.6223@customer.co,United States,2022-09-05,Premium,399.82
6224,Noah Lee,noah.lee.6224@customer.co,United States,2021-11-30,Standard,86.61
6225,Ethan Smith,ethan.smith.6225@inbox.net,India,2021-09-12,Basic,952.32
6226,Emma Taylor,emma.taylor.6226@shopmail.io,Italy,2019-01-30,Basic,32.60
6227,Mia Rossi,mia.rossi.6227@mail.example.com,France,2021-08-26,Standard,134.94
6228,Arjun Garcia,arjun.garcia.6228@inbox.net,United States,2024-08-23,Premium,1453.43
6229,Maria Smith,maria.smith.6229@inbox.net,United Kingdom,2021-06-17,Premium,150.39
6230,Chen Mueller,chen.mueller.6230@mail.example.com,Italy,2018-07-21,Standard,163.00
6231,Chen Brown,chen.brown.6231@inbox.net,Netherlands,2020-02-27,Standard,370.52
6232,Priya Dubois,priya.dubois.6232@mail.example.com,Canada,2022-02-24,Standard,816.32
6233,Chen Kim,chen.kim.6233@shopmail.io,Germany,2023-10-11,Standard,127.21
6234,Emma Mueller,emma.mueller.6234@inbox.net,Spain,2022-05-28,Standard,499.39
6235,Noah Khan,noah.khan.6235@customer.co,France,2024-02-09,Standard,93.11
6236,Maria Nguyen,maria.nguyen.6236@mail.example.com,Australia,2021-01-09,Standard,48.03
6237,Aisha Lee,aisha.lee.6237@customer.co,Netherlands,2024-01-23,Standard,919.14
6238,Maria Taylor,maria.taylor.6238@customer.co,Italy,2019-03-13,Standard,780.49
6239,Isabella Mueller,isabella.mueller.6239@mail.example.com,Canada,2021-01-15,Basic,49.30
6240,Noah Brown,noah.brown.6240@customer.co,United Kingdom,2023-02-04,Premium,339.19
6241,Maria Smith,maria.smith.6241@inbox.net,India,2022-10-20,Premium,213.61
6242,Olivia Taylor,olivia.taylor.6242@customer.co,France,2025-02-09,Standard,499.32
6243,Priya Brown,priya.brown.6243@inbox.net,Australia,2024-10-11,Standard,792.14
6244,Ethan Dubois,ethan.dubois.6244@shopmail.io,Canada,2021-02-27,Standard,288.39
6245,Mia Khan,mia.khan.6245@mail.example.com,India,2020-01-12,Basic,38.41
6246,Chen Brown,chen.brown.6246@mail.example.com,Spain,2025-04-08,Standard,31.22
6247,Noah Patel,noah.patel.6247@shopmail.io,India,2020-06-11,Standard,792.56
6248,Lucas Nguyen,lucas.nguyen.6248@shopmail.io,France,2018-12-22,Standard,93.21
6249,Priya Nguyen,priya.nguyen.6249@shopmail.io,Australia,2022-11-01,Premium,68.15
6250,Maria Wilson,maria.wilson.6250@inbox.net,Spain,2021-03-31,Premium,226.59
6251,Emma Kim,emma.kim.6251@shopmail.io,Netherlands,2019-12-01,Standard,171.71
6252,Lucas Garcia,lucas.garcia.6252@mail.example.com,Netherlands,2022-04-07,Standard,575.11
6253,Maria Rossi,maria.rossi.6253@shopmail.io,Australia,2023-11-10,Standard,765.60
6254,Olivia Nguyen,olivia.nguyen.6254@customer.co,France,2019-05-08,Standard,443.58
6255,Aisha Lee,aisha.lee.6255@inbox.net,Canada,2018-03-03,Basic,109.83
6256,Olivia Singh,olivia.singh.6256@inbox.net,United Kingdom,2023-06-19,Standard,110.05
6257,Sofia Brown,sofia.brown.6257@mail.example.com,India,2019-05-26,Standard,233.29
6258,Olivia Dubois,olivia.dubois.6258@mail.example.com,United Kingdom,2023-09-04,Standard,174.14
6259,James Rossi,james.rossi.6259@shopmail.io,Canada,2019-03-04,Standard,191.05
6260,Sofia Dubois,sofia.dubois.6260@customer.co,United States,2018-10-01,Premium,557.82
6261,Noah Wilson,noah.wilson.6261@inbox.net,Canada,2024-10-21,Basic,313.02
6262,Mia Patel,mia.patel.6262@shopmail.io,United States,2019-01-30,Standard,187.13
6263,Arjun Nguyen,arjun.nguyen.6263@mail.example.com,India,2021-05-08,Standard,91.57
6264,Maria Nguyen,maria.nguyen.6264@customer.co,United States,2024-12-10,Basic,120.12
6265,Maria Kim,maria.kim.6265@mail.example.com,Italy,2018-01-24,Standard,350.65
6266,Emma Patel,emma.patel.6266@customer.co,Australia,2019-02-21,Standard,238.02
6267,Liam Rossi,liam.rossi.6267@customer.co,Australia,2023-12-20,Standard,29.49
6268,Isabella Kim,isabella.kim.6268@mail.example.com,Netherlands,2019-12-18,Standard,542.40
6269,Ethan Brown,ethan.brown.6269@mail.example.com,India,2024-01-25,Standard,106.46
6270,Liam Taylor,liam.taylor.6270@shopmail.io,United States,2024-09-01,Premium,232.24
6271,Ethan Smith,ethan.smith.6271@inbox.net,Canada,2020-10-24,Standard,93.49
6272,Sofia Smith,sofia.smith.6272@mail.example.com,Canada,2022-01-04,Standard,350.53
6273,Lucas Martin,lucas.martin.6273@mail.example.com,Spain,2023-05-18,Premium,286.81
6274,Aisha Kim,aisha.kim.6274@inbox.net,France,2019-07-23,Premium,71.97
6275,Isabella Singh,isabella.singh.6275@inbox.net,Italy,2021-08-20,Premium,110.06
6276,James Mueller,james.mueller.6276@mail.example.com,Australia,2024-07-24,Basic,61.34
6277,James Mueller,james.mueller.6277@shopmail.io,Germany,2022-09-10,Standard,182.63
6278,Isabella Wilson,isabella.wilson.6278@mail.example.com,Australia,2020-05-06,Standard,156.33
6279,Ethan Singh,ethan.singh.6279@inbox.net,Canada,2019-08-18,Basic,141.77
6280,Noah Smith,noah.smith.6280@inbox.net,Germany,2023-03-29,Standard,1164.63
6281,Liam Dubois,liam.dubois.6281@shopmail.io,United Kingdom,2022-05-04,Premium,173.52
6282,Liam Patel,liam.patel.6282@shopmail.io,India,2022-02-12,Basic,678.35
6283,Noah Mueller,noah.mueller.6283@customer.co,Germany,2022-10-20,Basic,117.02
6284,James Smith,james.smith.6284@shopmail.io,Germany,2020-02-15,Standard,285.75
6285,Olivia Mueller,olivia.mueller.6285@shopmail.io,Spain,2025-04-01,Standard,839.23
6286,Ethan Nguyen,ethan.nguyen.6286@shopmail.io,Germany,2021-08-28,Basic,26.93
6287,Maria Lee,maria.lee.6287@customer.co,Italy,2022-12-29,Standard,514.59
6288,Emma Nguyen,emma.nguyen.6288@customer.co,India,2020-04-06,Standard,180.61
6289,Olivia Kim,olivia.kim.6289@inbox.net,United States,2020-05-10,Standard,201.60
6290,Maria Martin,maria.martin.6290@shopmail.io,France,2025-03-22,Premium,71.94
6291,Isabella Dubois,isabella.dubois.6291@shopmail.io,Canada,2020-01-02,Standard,253.10
6292,Maria Mueller,maria.mueller.6292@customer.co,Canada,2025-07-31,Standard,267.36
6293,Isabella Khan,isabella.khan.6293@shopmail.io,Italy,2022-10-07,Standard,423.33
6294,Mia Taylor,mia.taylor.6294@shopmail.io,Australia,2021-03-18,Basic,269.72
6295,Aisha Smith,aisha.smith.6295@shopmail.io,Australia,2019-12-10,Standard,128.84
6296,Maria Nguyen,maria.nguyen.6296@mail.example.com,India,2023-12-22,Premium,485.70
6297,Lucas Rossi,lucas.rossi.6297@shopmail.io,Canada,2023-04-11,Standard,1212.54
6298,Maria Nguyen,maria.nguyen.6298@mail.example.com,Spain,2018-07-10,Standard,25.41
6299,Priya Dubois,priya.dubois.6299@customer.co,Australia,2019-03-13,Premium,355.89
6300,Chen Patel,chen.patel.6300@shopmail.io,France,2019-09-20,Basic,194.03
6301,Olivia Nguyen,olivia.nguyen.6301@shopmail.io,Germany,2022-08-17,Basic,673.01
6302,Lucas Martin,lucas.martin.6302@inbox.net,United Kingdom,2021-10-08,Premium,161.83
6303,Priya Smith,priya.smith.6303@inbox.net,Spain,2022-12-10,Standard,63.55
6304,Emma Taylor,emma.taylor.6304@shopmail.io,Germany,2022-09-28,Standard,146.71
6305,Olivia Mueller,olivia.mueller.6305@customer.co,India,2024-11-06,Premium,196.13
6306,Priya Smith,priya.smith.6306@shopmail.io,United Kingdom,2018-05-24,Standard,1312.12
6307,Mia Dubois,mia.dubois.6307@shopmail.io,Germany,2020-03-31,Basic,205.13
6308,Lucas Taylor,lucas.taylor.6308@inbox.net,Spain,2023-04-07,Premium,159.35
6309,Noah Lee,noah.lee.6309@inbox.net,Canada,2018-03-31,Basic,140.35
6310,Priya Rossi,priya.rossi.6310@inbox.net,Spain,2024-10-22,Standard,492.88
6311,Maria Rossi,maria.rossi.6311@inbox.net,Italy,2024-05-29,Basic,60.18
6312,Ethan Rossi,ethan.rossi.6312@mail.example.com,Italy,2021-04-04,Standard,254.14
6313,Olivia Wilson,olivia.wilson.6313@shopmail.io,France,2025-05-25,Basic,223.73
6314,Maria Rossi,maria.rossi.6314@inbox.net,Australia,2023-10-30,Standard,104.97
6315,Isabella Brown,isabella.brown.6315@shopmail.io,Netherlands,2018-05-21,Basic,148.57
6316,Chen Taylor,chen.taylor.6316@inbox.net,Spain,2022-11-08,Basic,302.99
6317,Isabella Dubois,isabella.dubois.6317@customer.co,France,2018-10-13,Basic,165.61
6318,Maria Brown,maria.brown.6318@mail.example.com,Canada,2024-11-27,Premium,369.67
6319,Liam Wilson,liam.wilson.6319@customer.co,France,2018-11-17,Standard,677.13
6320,James Nguyen,james.nguyen.6320@shopmail.io,United States,2025-06-01,Standard,240.02
6321,Isabella Garcia,isabella.garcia.6321@customer.co,Spain,2022-04-18,Standard,271.76
6322,Ethan Singh,ethan.singh.6322@shopmail.io,France,2019-02-13,Standard,169.02
6323,Liam Rossi,liam.rossi.6323@shopmail.io,Australia,2024-02-24,Standard,100.95
6324,Noah Smith,noah.smith.6324@mail.example.com,Spain,2018-07-02,Standard,555.76
6325,Priya Mueller,priya.mueller.6325@mail.example.com,Australia,2019-05-24,Premium,531.91
6326,Isabella Mueller,isabella.mueller.6326@mail.example.com,Spain,2021-11-29,Basic,156.77
6327,James Lee,james.lee.6327@customer.co,Germany,2024-09-29,Premium,151.06
6328,Lucas Brown,lucas.brown.6328@shopmail.io,Germany,2022-08-15,Basic,412.48
6329,Liam Singh,liam.singh.6329@shopmail.io,Canada,2021-10-26,Premium,571.66
6330,Aisha Rossi,aisha.rossi.6330@shopmail.io,Canada,2018-04-18,Basic,97.72
6331,Olivia Patel,olivia.patel.6331@customer.co,France,2024-05-28,Standard,362.93
6332,Lucas Martin,lucas.martin.6332@customer.co,Germany,2023-01-27,Basic,491.85
6333,Isabella Wilson,isabella.wilson.6333@mail.example.com,Italy,2019-02-05,Basic,128.52
6334,Olivia Lee,olivia.lee.6334@inbox.net,India,2019-05-19,Standard,126.19
6335,Mia Mueller,mia.mueller.6335@inbox.net,United States,2019-10-24,Basic,559.95
6336,James Rossi,james.rossi.6336@inbox.net,France,2022-01-06,Basic,210.79
6337,Arjun Dubois,arjun.dubois.6337@mail.example.com,United Kingdom,2023-04-06,Premium,476.05
6338,Sofia Lee,sofia.lee.6338@shopmail.io,France,2023-08-06,Standard,350.94
6339,Ethan Singh,ethan.singh.6339@shopmail.io,Netherlands,2023-05-15,Premium,196.43
6340,Mia Nguyen,mia.nguyen.6340@inbox.net,United Kingdom,2023-07-10,Standard,122.18
6341,Chen Smith,chen.smith.6341@mail.example.com,United States,2020-03-28,Standard,177.85
6342,Mia Wilson,mia.wilson.6342@inbox.net,Canada,2022-12-28,Premium,1051.44
6343,Isabella Mueller,isabella.mueller.6343@shopmail.io,Italy,2021-04-05,Basic,150.64
6344,Olivia Khan,olivia.khan.6344@inbox.net,France,2018-12-22,Basic,178.09
6345,Sofia Mueller,sofia.mueller.6345@customer.co,Italy,2019-04-27,Basic,429.22
6346,Aisha Patel,aisha.patel.6346@inbox.net,India,2023-07-26,Standard,190.86
6347,Maria Kim,maria.kim.6347@shopmail.io,Australia,2018-12-08,Standard,73.78
6348,Lucas Dubois,lucas.dubois.6348@shopmail.io,France,2019-07-25,Standard,95.83
6349,Mia Nguyen,mia.nguyen.6349@customer.co,Germany,2024-09-05,Standard,619.66
6350,Emma Khan,emma.khan.6350@inbox.net,Australia,2022-11-30,Standard,143.81
6351,Emma Nguyen,emma.nguyen.6351@inbox.net,United States,2025-08-31,Standard,63.92
6352,Noah Mueller,noah.mueller.6352@shopmail.io,United Kingdom,2021-08-17,Premium,221.29
6353,Liam Smith,liam.smith.6353@shopmail.io,United States,2023-01-28,Premium,133.36
6354,Mia Nguyen,mia.nguyen.6354@mail.example.com,France,2025-04-19,Premium,208.49
6355,Liam Rossi,liam.rossi.6355@inbox.net,France,2022-08-21,Premium,174.07
6356,Mia Mueller,mia.mueller.6356@customer.co,Canada,2020-04-10,Premium,561.77
6357,Noah Singh,noah.singh.6357@inbox.net,Netherlands,2025-05-23,Standard,586.41
6358,Liam Brown,liam.brown.6358@inbox.net,France,2018-01-20,Standard,445.56
6359,Mia Khan,mia.khan.6359@inbox.net,Italy,2024-04-16,Premium,152.77
6360,Lucas Khan,lucas.khan.6360@mail.example.com,Netherlands,2018-01-05,Basic,264.95
6361,Chen Lee,chen.lee.6361@inbox.net,United Kingdom,2021-04-29,Basic,380.79
6362,Arjun Rossi,arjun.rossi.6362@mail.example.com,Canada,2023-02-26,Standard,72.86
6363,Sofia Brown,sofia.brown.6363@customer.co,Germany,2022-06-20,Basic,597.61
6364,James Wilson,james.wilson.6364@customer.co,India,2018-10-21,Standard,806.56
6365,Liam Khan,liam.khan.6365@customer.co,Italy,2019-11-27,Premium,149.59
6366,Ethan Dubois,ethan.dubois.6366@customer.co,United States,2022-10-01,Premium,207.47
6367,Ethan Smith,ethan.smith.6367@inbox.net,United Kingdom,2018-11-17,Premium,57.87
6368,Chen Smith,chen.smith.6368@customer.co,Italy,2021-09-15,Premium,2086.04
6369,Lucas Wilson,lucas.wilson.6369@shopmail.io,United States,2023-03-19,Basic,333.52
6370,Chen Garcia,chen.garcia.6370@shopmail.io,France,2020-07-07,Premium,413.37
6371,Ethan Taylor,ethan.taylor.6371@mail.example.com,France,2025-01-10,Standard,197.20
6372,Isabella Rossi,isabella.rossi.6372@shopmail.io,Spain,2025-06-02,Standard,483.36
6373,Emma Rossi,emma.rossi.6373@inbox.net,Spain,2019-10-03,Premium,279.30
6374,Aisha Brown,aisha.brown.6374@shopmail.io,Italy,2022-04-19,Premium,270.35
6375,Isabella Wilson,isabella.wilson.6375@customer.co,Canada,2020-12-01,Basic,486.63
6376,Isabella Taylor,isabella.taylor.6376@inbox.net,Germany,2018-04-06,Standard,228.31
6377,Noah Taylor,noah.taylor.6377@mail.example.com,Italy,2023-09-03,Premium,273.62
6378,Lucas Singh,lucas.singh.6378@mail.example.com,United Kingdom,2020-05-03,Premium,81.90
6379,James Khan,james.khan.6379@customer.co,United Kingdom,2024-06-30,Premium,157.76
6380,Lucas Taylor,lucas.taylor.6380@shopmail.io,France,2018-03-28,Premium,382.25
6381,Priya Nguyen,priya.nguyen.6381@shopmail.io,Germany,2022-12-12,Basic,104.05
6382,Maria Wilson,maria.wilson.6382@mail.example.com,Germany,2023-11-01,Basic,86.67
6383,Liam Lee,liam.lee.6383@shopmail.io,India,2020-01-03,Standard,167.04
6384,Liam Wilson,liam.wilson.6384@mail.example.com,India,2020-08-10,Premium,1009.84
6385,Chen Kim,chen.kim.6385@customer.co,United Kingdom,2018-06-04,Standard,548.89
6386,Aisha Singh,aisha.singh.6386@customer.co,Italy,2021-01-01,Standard,109.97
6387,Maria Martin,maria.martin.6387@shopmail.io,Spain,2021-12-04,Standard,51.38
6388,Maria Khan,maria.khan.6388@mail.example.com,India,2021-03-04,Standard,144.57
6389,Isabella Khan,isabella.khan.6389@customer.co,Netherlands,2019-03-12,Standard,146.58
6390,Arjun Kim,arjun.kim.6390@customer.co,United Kingdom,2019-02-08,Premium,301.45
6391,Olivia Nguyen,olivia.nguyen.6391@mail.example.com,Germany,2020-02-23,Standard,103.76
6392,Isabella Martin,isabella.martin.6392@inbox.net,Spain,2019-10-30,Standard,1055.53
6393,Olivia Rossi,olivia.rossi.6393@shopmail.io,Australia,2022-10-23,Premium,345.25
6394,Aisha Khan,aisha.khan.6394@mail.example.com,Germany,2023-01-30,Premium,242.08
6395,Maria Brown,maria.brown.6395@customer.co,Netherlands,2023-10-01,Standard,96.39
6396,Isabella Lee,isabella.lee.6396@shopmail.io,Spain,2020-07-29,Basic,975.86
6397,Liam Singh,liam.singh.6397@mail.example.com,United States,2025-04-09,Standard,225.64
6398,Arjun Khan,arjun.khan.6398@mail.example.com,Spain,2018-05-06,Basic,158.03
6399,Chen Taylor,chen.taylor.6399@shopmail.io,Canada,2025-01-20,Premium,107.35
6400,Mia Wilson,mia.wilson.6400@mail.example.com,Canada,2021-04-25,Premium,857.56
6401,Liam Brown,liam.brown.6401@shopmail.io,Australia,2024-04-23,Standard,272.74
6402,Noah Kim,noah.kim.6402@shopmail.io,France,2021-02-07,Standard,303.28
6403,Sofia Smith,sofia.smith.6403@mail.example.com,France,2025-01-22,Premium,104.11
6404,James Kim,james.kim.6404@inbox.net,Spain,2021-01-01,Premium,334.11
6405,Arjun Brown,arjun.brown.6405@shopmail.io,United States,2024-09-20,Standard,545.32
6406,Olivia Singh,olivia.singh.6406@mail.example.com,Spain,2019-03-09,Premium,141.41
6407,Olivia Brown,olivia.brown.6407@customer.co,Canada,2020-11-14,Standard,294.46
6408,James Nguyen,james.nguyen.6408@mail.example.com,France,2024-05-26,Standard,243.74
6409,Noah Wilson,noah.wilson.6409@inbox.net,United States,2025-05-31,Premium,483.80
6410,Liam Rossi,liam.rossi.6410@shopmail.io,France,2018-10-07,Standard,178.28
6411,Mia Rossi,mia.rossi.6411@inbox.net,India,2023-11-29,Premium,185.22
6412,Mia Brown,mia.brown.6412@customer.co,Spain,2024-06-17,Standard,222.58
6413,Aisha Wilson,aisha.wilson.6413@mail.example.com,Australia,2023-02-14,Standard,448.26
6414,Maria Wilson,maria.wilson.6414@inbox.net,Australia,2022-04-23,Basic,109.70
6415,Arjun Dubois,arjun.dubois.6415@inbox.net,India,2022-09-15,Standard,93.84
6416,Emma Patel,emma.patel.6416@shopmail.io,Australia,2024-05-22,Standard,493.50
6417,Noah Singh,noah.singh.6417@customer.co,Germany,2021-11-14,Standard,466.34
6418,Emma Brown,emma.brown.6418@customer.co,Spain,2018-07-13,Premium,363.70
6419,Arjun Taylor,arjun.taylor.6419@shopmail.io,United States,2020-11-01,Standard,248.81
6420,Aisha Mueller,aisha.mueller.6420@inbox.net,Spain,2022-03-11,Basic,75.83
6421,Aisha Garcia,aisha.garcia.6421@mail.example.com,France,2020-06-16,Basic,46.30
6422,Mia Rossi,mia.rossi.6422@customer.co,Italy,2025-06-02,Standard,536.65
6423,Arjun Smith,arjun.smith.6423@inbox.net,Australia,2018-01-02,Premium,28.15
6424,Chen Wilson,chen.wilson.6424@mail.example.com,Italy,2021-08-23,Standard,262.12
6425,Ethan Smith,ethan.smith.6425@shopmail.io,India,2024-10-12,Premium,275.84
6426,Arjun Patel,arjun.patel.6426@inbox.net,Canada,2023-12-14,Basic,251.58
6427,Isabella Taylor,isabella.taylor.6427@inbox.net,United Kingdom,2022-08-19,Premium,72.35
6428,Lucas Kim,lucas.kim.6428@mail.example.com,Netherlands,2023-02-18,Standard,25.38
6429,Sofia Garcia,sofia.garcia.6429@customer.co,Germany,2022-04-25,Standard,619.51
6430,Ethan Patel,ethan.patel.6430@inbox.net,Spain,2024-02-08,Standard,123.91
6431,Lucas Patel,lucas.patel.6431@customer.co,Australia,2019-11-03,Standard,86.33
6432,Isabella Singh,isabella.singh.6432@inbox.net,Australia,2021-10-16,Basic,230.55
6433,James Nguyen,james.nguyen.6433@mail.example.com,Spain,2024-01-08,Standard,31.67
6434,Olivia Lee,olivia.lee.6434@customer.co,United States,2019-02-20,Basic,176.76
6435,Aisha Dubois,aisha.dubois.6435@inbox.net,United States,2022-12-01,Standard,503.50
6436,Mia Mueller,mia.mueller.6436@mail.example.com,Canada,2018-03-10,Basic,516.37
6437,Liam Brown,liam.brown.6437@shopmail.io,Australia,2022-12-08,Premium,230.08
6438,Mia Khan,mia.khan.6438@shopmail.io,France,2018-07-14,Premium,211.33
6439,Olivia Lee,olivia.lee.6439@customer.co,Canada,2022-06-14,Standard,145.51
6440,Priya Taylor,priya.taylor.6440@customer.co,Italy,2022-05-05,Standard,840.81
6441,Olivia Brown,olivia.brown.6441@shopmail.io,United States,2023-04-19,Premium,201.90
6442,Ethan Dubois,ethan.dubois.6442@customer.co,India,2023-01-01,Premium,420.68
6443,Noah Patel,noah.patel.6443@mail.example.com,United States,2020-06-01,Standard,302.29
6444,Lucas Wilson,lucas.wilson.6444@inbox.net,India,2019-06-29,Standard,356.25
6445,Maria Smith,maria.smith.6445@shopmail.io,Spain,2018-04-16,Basic,526.76
6446,Sofia Singh,sofia.singh.6446@mail.example.com,Canada,2021-05-04,Basic,196.37
6447,Liam Patel,liam.patel.6447@customer.co,Netherlands,2019-10-03,Standard,197.91
6448,Emma Nguyen,emma.nguyen.6448@inbox.net,Australia,2024-01-24,Standard,146.49
6449,Ethan Garcia,ethan.garcia.6449@mail.example.com,Australia,2020-03-05,Basic,296.89
6450,Emma Smith,emma.smith.6450@inbox.net,United States,2025-06-17,Premium,119.30
6451,Emma Garcia,emma.garcia.6451@customer.co,Spain,2024-10-25,Premium,419.92
6452,Aisha Wilson,aisha.wilson.6452@inbox.net,Australia,2022-09-19,Basic,121.52
6453,Emma Singh,emma.singh.6453@customer.co,France,2020-02-02,Standard,147.88
6454,Liam Patel,liam.patel.6454@inbox.net,Spain,2024-10-11,Basic,164.82
6455,Olivia Taylor,olivia.taylor.6455@inbox.net,Canada,2022-11-26,Basic,633.91
6456,Isabella Nguyen,isabella.nguyen.6456@customer.co,India,2021-05-10,Standard,377.05
6457,Sofia Patel,sofia.patel.6457@inbox.net,Italy,2020-09-18,Basic,285.78
6458,Liam Brown,liam.brown.6458@customer.co,United Kingdom,2022-06-21,Standard,56.18
6459,Sofia Garcia,sofia.garcia.6459@shopmail.io,Australia,2019-03-18,Premium,804.63
6460,Maria Taylor,maria.taylor.6460@mail.example.com,Canada,2021-03-11,Standard,258.46
6461,Olivia Dubois,olivia.dubois.6461@inbox.net,France,2024-07-20,Standard,237.70
6462,Emma Lee,emma.lee.6462@inbox.net,Germany,2023-07-30,Basic,101.07
6463,Emma Wilson,emma.wilson.6463@inbox.net,Spain,2023-09-02,Standard,217.28
6464,Isabella Taylor,isabella.taylor.6464@customer.co,Germany,2018-02-07,Standard,181.70
6465,Sofia Lee,sofia.lee.6465@inbox.net,Spain,2021-04-27,Basic,1016.96
6466,Noah Garcia,noah.garcia.6466@inbox.net,Australia,2019-01-15,Premium,115.95
6467,Olivia Martin,olivia.martin.6467@shopmail.io,United Kingdom,2019-06-28,Standard,184.62
6468,Maria Mueller,maria.mueller.6468@shopmail.io,Italy,2023-08-18,Basic,335.72
6469,Priya Wilson,priya.wilson.6469@inbox.net,Australia,2019-03-19,Standard,625.52
6470,Mia Lee,mia.lee.6470@mail.example.com,Australia,2024-05-10,Standard,377.38
6471,Aisha Rossi,aisha.rossi.6471@shopmail.io,Germany,2022-05-07,Standard,468.50
6472,Liam Patel,liam.patel.6472@customer.co,Australia,2019-09-24,Basic,144.07
6473,Lucas Lee,lucas.lee.6473@inbox.net,France,2021-07-23,Basic,400.40
6474,Maria Brown,maria.brown.6474@shopmail.io,United Kingdom,2023-08-12,Standard,230.95
6475,James Smith,james.smith.6475@mail.example.com,United States,2023-12-26,Premium,571.42
6476,Liam Singh,liam.singh.6476@customer.co,Netherlands,2023-06-14,Basic,43.18
6477,Aisha Mueller,aisha.mueller.6477@shopmail.io,Italy,2018-10-07,Standard,101.01
6478,Aisha Garcia,aisha.garcia.6478@shopmail.io,India,2022-05-18,Basic,331.29
6479,Ethan Khan,ethan.khan.6479@customer.co,Italy,2023-10-03,Basic,124.56
6480,Priya Smith,priya.smith.6480@inbox.net,France,2019-07-21,Standard,179.15
6481,Ethan Khan,ethan.khan.6481@customer.co,India,2019-08-04,Standard,172.78
6482,Emma Patel,emma.patel.6482@customer.co,Australia,2024-04-28,Basic,167.52
6483,Olivia Rossi,olivia.rossi.6483@mail.example.com,Italy,2021-05-01,Basic,306.56
6484,Emma Taylor,emma.taylor.6484@inbox.net,Canada,2022-07-19,Premium,85.82
6485,Lucas Nguyen,lucas.nguyen.6485@inbox.net,Germany,2021-01-01,Standard,270.69
6486,Liam Khan,liam.khan.6486@mail.example.com,Italy,2019-12-09,Standard,849.15
6487,Emma Mueller,emma.mueller.6487@mail.example.com,United Kingdom,2019-08-10,Standard,1067.63
6488,Chen Smith,chen.smith.6488@mail.example.com,Germany,2025-03-28,Premium,413.55
6489,Priya Taylor,priya.taylor.6489@mail.example.com,Australia,2021-04-05,Standard,108.74
6490,Arjun Patel,arjun.patel.6490@shopmail.io,Netherlands,2018-02-02,Basic,323.17
6491,James Khan,james.khan.6491@customer.co,United Kingdom,2024-11-21,Standard,742.81
6492,James Khan,james.khan.6492@customer.co,Netherlands,2023-09-18,Premium,204.20
6493,Lucas Mueller,lucas.mueller.6493@customer.co,India,2021-01-19,Standard,25.56
6494,Priya Kim,priya.kim.6494@shopmail.io,Spain,2025-06-12,Premium,146.77
6495,Isabella Nguyen,isabella.nguyen.6495@inbox.net,France,2018-08-14,Basic,70.80
6496,Lucas Nguyen,lucas.nguyen.6496@inbox.net,Canada,2021-10-29,Standard,258.94
6497,Ethan Rossi,ethan.rossi.6497@mail.example.com,Germany,2025-08-18,Standard,126.20
6498,Priya Dubois,priya.dubois.6498@shopmail.io,Italy,2019-11-21,Premium,827.01
6499,Lucas Kim,lucas.kim.6499@shopmail.io,Australia,2023-03-30,Premium,265.44
6500,James Lee,james.lee.6500@shopmail.io,Canada,2020-11-04,Standard,677.95
6501,Mia Martin,mia.martin.6501@inbox.net,Australia,2025-05-03,Basic,50.83
6502,Ethan Singh,ethan.singh.6502@inbox.net,Spain,2023-06-16,Premium,161.49
6503,Aisha Patel,aisha.patel.6503@customer.co,Australia,2024-09-29,Standard,134.06
6504,Lucas Khan,lucas.khan.6504@customer.co,Spain,2020-05-25,Standard,950.57
6505,Lucas Patel,lucas.patel.6505@customer.co,Spain,2023-05-05,Basic,735.22
6506,Chen Brown,chen.brown.6506@inbox.net,United Kingdom,2024-10-17,Premium,68.41
6507,Chen Brown,chen.brown.6507@shopmail.io,Spain,2024-02-20,Standard,46.50
6508,James Singh,james.singh.6508@mail.example.com,United Kingdom,2024-04-25,Standard,704.02
6509,Arjun Brown,arjun.brown.6509@shopmail.io,Australia,2022-08-23,Standard,427.88
6510,Chen Kim,chen.kim.6510@mail.example.com,United Kingdom,2023-09-15,Standard,394.57
6511,Emma Smith,emma.smith.6511@mail.example.com,Australia,2020-08-23,Standard,455.64
6512,Chen Martin,chen.martin.6512@customer.co,India,2018-07-21,Premium,263.74
6513,Olivia Rossi,olivia.rossi.6513@inbox.net,United Kingdom,2018-03-05,Standard,153.88
6514,Arjun Patel,arjun.patel.6514@inbox.net,Australia,2024-05-04,Standard,449.94
6515,Ethan Martin,ethan.martin.6515@mail.example.com,India,2022-09-12,Premium,88.94
6516,Sofia Smith,sofia.smith.6516@customer.co,Netherlands,2022-10-26,Basic,258.58
6517,Isabella Smith,isabella.smith.6517@customer.co,United States,2019-09-22,Premium,213.64
6518,Lucas Mueller,lucas.mueller.6518@shopmail.io,Germany,2023-03-12,Basic,170.43
6519,Isabella Wilson,isabella.wilson.6519@customer.co,United Kingdom,2025-05-31,Basic,64.91
6520,Noah Rossi,noah.rossi.6520@customer.co,India,2021-05-12,Basic,697.19
6521,Noah Taylor,noah.taylor.6521@customer.co,India,2024-11-20,Standard,200.16
6522,Arjun Patel,arjun.patel.6522@mail.example.com,United States,2018-02-25,Standard,373.59
6523,Arjun Martin,arjun.martin.6523@customer.co,Netherlands,2019-02-04,Premium,135.87
6524,James Khan,james.khan.6524@shopmail.io,Germany,2021-08-24,Standard,247.83
6525,Arjun Martin,arjun.martin.6525@shopmail.io,Netherlands,2022-10-18,Basic,555.02
6526,Isabella Khan,isabella.khan.6526@shopmail.io,France,2021-01-05,Basic,307.13
6527,Sofia Smith,sofia.smith.6527@inbox.net,Australia,2023-03-07,Premium,136.87
6528,Olivia Brown,olivia.brown.6528@mail.example.com,United States,2018-03-19,Basic,223.60
6529,Mia Nguyen,mia.nguyen.6529@inbox.net,Germany,2025-03-23,Standard,424.66
6530,Lucas Mueller,lucas.mueller.6530@shopmail.io,Canada,2023-09-13,Standard,612.97
6531,Priya Rossi,priya.rossi.6531@inbox.net,France,2018-12-20,Premium,89.43
6532,Sofia Martin,sofia.martin.6532@mail.example.com,Spain,2023-05-24,Standard,158.98
6533,Sofia Singh,sofia.singh.6533@shopmail.io,United Kingdom,2023-09-16,Basic,230.56
6534,Mia Khan,mia.khan.6534@shopmail.io,Netherlands,2018-08-11,Standard,349.56
6535,Priya Martin,priya.martin.6535@customer.co,United States,2019-03-08,Standard,147.59
6536,Priya Kim,priya.kim.6536@customer.co,United Kingdom,2024-02-28,Standard,77.72
6537,Liam Garcia,liam.garcia.6537@customer.co,Australia,2023-02-01,Standard,112.21
6538,James Patel,james.patel.6538@inbox.net,United States,2018-10-01,Standard,223.39
6539,James Brown,james.brown.6539@inbox.net,United Kingdom,2020-01-24,Standard,199.05
6540,Emma Rossi,emma.rossi.6540@inbox.net,Germany,2025-04-05,Standard,355.70
6541,Priya Singh,priya.singh.6541@mail.example.com,India,2018-04-01,Standard,148.89
6542,Liam Patel,liam.patel.6542@customer.co,India,2022-07-09,Standard,317.59
6543,Arjun Wilson,arjun.wilson.6543@mail.example.com,United States,2023-05-24,Premium,88.55
6544,Sofia Taylor,sofia.taylor.6544@shopmail.io,United States,2024-07-24,Standard,101.55
6545,Emma Nguyen,emma.nguyen.6545@mail.example.com,Canada,2024-06-26,Standard,125.80
6546,Arjun Garcia,arjun.garcia.6546@inbox.net,Spain,2022-11-05,Standard,90.66
6547,Aisha Mueller,aisha.mueller.6547@inbox.net,Canada,2025-06-27,Basic,725.88
6548,Priya Garcia,priya.garcia.6548@shopmail.io,Australia,2021-11-06,Premium,125.55
6549,Olivia Khan,olivia.khan.6549@inbox.net,Australia,2022-07-20,Standard,196.52
6550,Priya Kim,priya.kim.6550@mail.example.com,Spain,2023-10-22,Standard,177.80
6551,Sofia Wilson,sofia.wilson.6551@shopmail.io,Netherlands,2019-11-02,Standard,165.64
6552,Mia Singh,mia.singh.6552@shopmail.io,Canada,2018-07-12,Basic,525.01
6553,Emma Rossi,emma.rossi.6553@mail.example.com,Spain,2018-12-31,Basic,302.92
6554,Noah Lee,noah.lee.6554@mail.example.com,United Kingdom,2018-01-28,Standard,716.89
6555,Aisha Mueller,aisha.mueller.6555@inbox.net,Canada,2021-08-01,Premium,605.32
6556,Emma Khan,emma.khan.6556@mail.example.com,Spain,2021-01-19,Basic,57.39
6557,Priya Taylor,priya.taylor.6557@mail.example.com,Canada,2024-02-21,Premium,882.52
6558,Ethan Smith,ethan.smith.6558@shopmail.io,United Kingdom,2021-12-26,Standard,439.29
6559,Priya Lee,priya.lee.6559@shopmail.io,Netherlands,2023-07-09,Standard,342.83
6560,Chen Mueller,chen.mueller.6560@customer.co,Australia,2022-03-26,Standard,487.02
6561,Maria Taylor,maria.taylor.6561@mail.example.com,Australia,2025-02-15,Basic,193.03
6562,Olivia Martin,olivia.martin.6562@customer.co,Italy,2022-12-21,Basic,125.40
6563,Liam Singh,liam.singh.6563@inbox.net,United Kingdom,2024-10-06,Basic,291.61
6564,Chen Martin,chen.martin.6564@shopmail.io,India,2021-11-24,Standard,407.15
6565,Noah Patel,noah.patel.6565@inbox.net,Spain,2018-10-16,Standard,311.70
6566,Chen Brown,chen.brown.6566@inbox.net,Italy,2024-05-09,Standard,445.87
6567,Arjun Garcia,arjun.garcia.6567@inbox.net,India,2021-12-25,Basic,510.39
6568,Emma Dubois,emma.dubois.6568@inbox.net,Australia,2024-09-11,Basic,133.48
6569,Emma Singh,emma.singh.6569@shopmail.io,Spain,2018-03-06,Standard,224.24
6570,James Dubois,james.dubois.6570@shopmail.io,Netherlands,2020-08-20,Standard,255.08
6571,Arjun Dubois,arjun.dubois.6571@customer.co,United Kingdom,2025-06-13,Standard,124.79
6572,Lucas Garcia,lucas.garcia.6572@customer.co,Netherlands,2018-08-02,Standard,282.52
6573,Emma Kim,emma.kim.6573@customer.co,India,2018-01-13,Standard,672.85
6574,Lucas Martin,lucas.martin.6574@mail.example.com,Australia,2023-10-07,Basic,125.70
6575,Isabella Singh,isabella.singh.6575@mail.example.com,Germany,2025-08-01,Standard,433.49
6576,Chen Rossi,chen.rossi.6576@inbox.net,India,2024-12-08,Standard,95.06
6577,Isabella Kim,isabella.kim.6577@mail.example.com,Netherlands,2024-09-17,Premium,254.57
6578,Lucas Rossi,lucas.rossi.6578@mail.example.com,India,2019-06-06,Basic,985.06
6579,Aisha Lee,aisha.lee.6579@mail.example.com,Italy,2023-07-09,Standard,141.94
6580,Liam Dubois,liam.dubois.6580@inbox.net,Netherlands,2019-05-24,Basic,785.07
6581,Maria Martin,maria.martin.6581@customer.co,Italy,2022-03-25,Standard,414.36
6582,Aisha Mueller,aisha.mueller.6582@mail.example.com,Italy,2020-10-23,Standard,108.18
6583,Maria Brown,maria.brown.6583@inbox.net,Netherlands,2020-01-02,Basic,553.18
6584,Liam Smith,liam.smith.6584@inbox.net,United States,2018-12-08,Standard,168.05
6585,Mia Martin,mia.martin.6585@inbox.net,India,2023-01-13,Standard,522.66
6586,James Patel,james.patel.6586@mail.example.com,Netherlands,2019-04-01,Standard,342.34
6587,James Mueller,james.mueller.6587@shopmail.io,United States,2023-05-06,Basic,489.05
6588,Isabella Patel,isabella.patel.6588@mail.example.com,Germany,2019-12-08,Basic,748.66
6589,Maria Kim,maria.kim.6589@mail.example.com,Australia,2018-05-24,Premium,303.49
6590,Aisha Dubois,aisha.dubois.6590@mail.example.com,Netherlands,2020-11-17,Standard,116.91
6591,Mia Patel,mia.patel.6591@customer.co,Australia,2018-12-18,Standard,494.37
6592,Isabella Garcia,isabella.garcia.6592@inbox.net,Canada,2024-12-13,Basic,143.91
6593,Maria Nguyen,maria.nguyen.6593@shopmail.io,India,2020-03-29,Standard,214.46
6594,Aisha Taylor,aisha.taylor.6594@mail.example.com,United States,2023-01-03,Standard,157.67
6595,Mia Mueller,mia.mueller.6595@customer.co,United States,2018-09-21,Standard,22.71
6596,Ethan Patel,ethan.patel.6596@mail.example.com,India,2025-04-21,Standard,148.61
6597,Noah Rossi,noah.rossi.6597@inbox.net,Netherlands,2023-09-09,Standard,1668.57
6598,Priya Patel,priya.patel.6598@customer.co,Spain,2022-11-10,Basic,395.04
6599,Liam Khan,liam.khan.6599@customer.co,United States,2024-05-26,Standard,354.79
6600,James Lee,james.lee.6600@mail.example.com,India,2020-05-04,Standard,72.64
6601,Ethan Garcia,ethan.garcia.6601@customer.co,United Kingdom,2020-04-17,Standard,70.74
6602,Chen Dubois,chen.dubois.6602@mail.example.com,Germany,2022-10-25,Standard,101.20
6603,Isabella Dubois,isabella.dubois.6603@mail.example.com,Italy,2024-04-16,Basic,268.44
6604,Maria Rossi,maria.rossi.6604@mail.example.com,India,2020-05-15,Basic,335.84
6605,Aisha Rossi,aisha.rossi.6605@shopmail.io,Germany,2024-03-12,Standard,71.81
6606,Noah Nguyen,noah.nguyen.6606@shopmail.io,Canada,2024-06-08,Standard,380.16
6607,Lucas Patel,lucas.patel.6607@mail.example.com,Spain,2020-05-17,Premium,113.30
6608,Mia Dubois,mia.dubois.6608@mail.example.com,India,2023-07-16,Basic,307.95
6609,Ethan Patel,ethan.patel.6609@inbox.net,United States,2023-07-06,Standard,158.91
6610,Ethan Khan,ethan.khan.6610@shopmail.io,France,2020-07-24,Premium,221.84
6611,Lucas Nguyen,lucas.nguyen.6611@shopmail.io,United Kingdom,2022-03-10,Standard,158.23
6612,Aisha Nguyen,aisha.nguyen.6612@inbox.net,Germany,2021-06-28,Standard,462.56
6613,Sofia Martin,sofia.martin.6613@mail.example.com,Italy,2020-11-05,Basic,99.29
6614,Maria Mueller,maria.mueller.6614@inbox.net,Spain,2019-11-11,Basic,313.89
6615,Olivia Lee,olivia.lee.6615@shopmail.io,Canada,2021-03-15,Standard,93.04
6616,Noah Taylor,noah.taylor.6616@inbox.net,Germany,2024-09-14,Premium,635.90
6617,Emma Smith,emma.smith.6617@inbox.net,France,2019-08-03,Standard,187.99
6618,Lucas Garcia,lucas.garcia.6618@shopmail.io,India,2020-03-30,Standard,137.72
6619,Emma Wilson,emma.wilson.6619@mail.example.com,Germany,2021-10-26,Standard,109.65
6620,Liam Patel,liam.patel.6620@mail.example.com,Canada,2020-11-23,Standard,272.83
6621,Emma Mueller,emma.mueller.6621@customer.co,Canada,2018-11-16,Standard,218.29
6622,James Nguyen,james.nguyen.6622@inbox.net,Australia,2020-01-18,Standard,87.62
6623,Isabella Nguyen,isabella.nguyen.6623@customer.co,Canada,2021-01-05,Standard,328.58
6624,Priya Taylor,priya.taylor.6624@customer.co,Australia,2018-01-22,Basic,150.30
6625,Isabella Taylor,isabella.taylor.6625@customer.co,Netherlands,2019-07-13,Standard,322.18
6626,Lucas Taylor,lucas.taylor.6626@mail.example.com,India,2022-10-01,Basic,672.26
6627,Chen Nguyen,chen.nguyen.6627@inbox.net,Netherlands,2019-05-27,Basic,109.64
6628,Liam Rossi,liam.rossi.6628@customer.co,Spain,2020-10-22,Basic,277.43
6629,Ethan Garcia,ethan.garcia.6629@shopmail.io,United States,2021-08-14,Standard,1233.77
6630,Isabella Brown,isabella.brown.6630@mail.example.com,Spain,2019-12-21,Standard,2292.60
6631,James Martin,james.martin.6631@shopmail.io,Germany,2018-05-28,Standard,245.44
6632,Ethan Wilson,ethan.wilson.6632@customer.co,Germany,2020-03-11,Premium,148.26
6633,Priya Nguyen,priya.nguyen.6633@mail.example.com,Germany,2023-06-30,Standard,241.46
6634,Arjun Khan,arjun.khan.6634@mail.example.com,United States,2025-07-17,Standard,91.88
6635,Mia Garcia,mia.garcia.6635@shopmail.io,Australia,2023-03-14,Premium,1444.49
6636,Ethan Khan,ethan.khan.6636@customer.co,Italy,2025-06-26,Standard,253.71
6637,Liam Dubois,liam.dubois.6637@shopmail.io,Germany,2021-05-12,Standard,221.91
6638,James Taylor,james.taylor.6638@mail.example.com,United States,2020-08-12,Premium,360.67
6639,Emma Khan,emma.khan.6639@mail.example.com,India,2024-01-30,Standard,230.49
6640,Sofia Garcia,sofia.garcia.6640@mail.example.com,Spain,2021-08-30,Standard,160.24
6641,Maria Nguyen,maria.nguyen.6641@inbox.net,India,2018-07-06,Premium,72.62
6642,James Rossi,james.rossi.6642@mail.example.com,United Kingdom,2022-12-16,Standard,163.84
6643,Maria Nguyen,maria.nguyen.6643@customer.co,Spain,2023-06-24,Basic,499.63
6644,Aisha Singh,aisha.singh.6644@mail.example.com,United Kingdom,2019-08-21,Premium,127.05
6645,Sofia Rossi,sofia.rossi.6645@shopmail.io,Canada,2020-07-28,Standard,249.04
6646,Lucas Garcia,lucas.garcia.6646@inbox.net,United Kingdom,2021-10-05,Basic,288.76
6647,Liam Lee,liam.lee.6647@customer.co,Italy,2024-09-02,Basic,1194.70
6648,Isabella Dubois,isabella.dubois.6648@customer.co,Netherlands,2025-07-13,Standard,221.95
6649,Arjun Lee,arjun.lee.6649@mail.example.com,France,2022-02-10,Standard,284.30
6650,Aisha Kim,aisha.kim.6650@shopmail.io,United Kingdom,2025-01-06,Standard,136.35
6651,Mia Singh,mia.singh.6651@customer.co,Spain,2024-02-04,Premium,358.03
6652,Priya Brown,priya.brown.6652@customer.co,France,2024-01-29,Standard,399.63
6653,Emma Smith,emma.smith.6653@mail.example.com,United Kingdom,2023-11-08,Standard,103.65
6654,Isabella Taylor,isabella.taylor.6654@mail.example.com,Italy,2019-08-29,Standard,181.43
6655,Lucas Martin,lucas.martin.6655@inbox.net,France,2020-08-11,Standard,348.69
6656,Noah Lee,noah.lee.6656@shopmail.io,United Kingdom,2020-06-11,Standard,180.66
6657,Isabella Singh,isabella.singh.6657@mail.example.com,United States,2022-08-06,Basic,440.20
6658,Aisha Taylor,aisha.taylor.6658@shopmail.io,India,2021-11-23,Premium,159.77
6659,Isabella Mueller,isabella.mueller.6659@mail.example.com,Spain,2024-10-25,Basic,348.55
6660,Priya Lee,priya.lee.6660@customer.co,Australia,2018-09-24,Standard,357.55
6661,Emma Rossi,emma.rossi.6661@mail.example.com,France,2021-01-09,Premium,166.09
6662,Sofia Rossi,sofia.rossi.6662@mail.example.com,Canada,2024-12-02,Basic,274.38
6663,Liam Smith,liam.smith.6663@mail.example.com,India,2024-07-30,Standard,287.07
6664,Sofia Brown,sofia.brown.6664@shopmail.io,France,2020-02-20,Standard,73.54
6665,Maria Brown,maria.brown.6665@shopmail.io,United States,2023-01-05,Standard,435.65
6666,Sofia Smith,sofia.smith.6666@inbox.net,Canada,2018-03-26,Standard,671.68
6667,Olivia Patel,olivia.patel.6667@mail.example.com,Netherlands,2024-12-30,Premium,226.66
6668,Noah Nguyen,noah.nguyen.6668@mail.example.com,Spain,2022-04-16,Premium,571.60
6669,Sofia Kim,sofia.kim.6669@customer.co,Spain,2020-03-12,Basic,164.52
6670,Ethan Kim,ethan.kim.6670@inbox.net,India,2021-09-22,Premium,75.16
6671,Liam Dubois,liam.dubois.6671@mail.example.com,United States,2023-04-05,Standard,256.88
6672,Priya Dubois,priya.dubois.6672@mail.example.com,Italy,2023-03-17,Basic,325.64
6673,James Lee,james.lee.6673@inbox.net,Germany,2020-10-19,Basic,261.04
6674,Lucas Garcia,lucas.garcia.6674@mail.example.com,Italy,2025-04-17,Standard,860.96
6675,Maria Garcia,maria.garcia.6675@customer.co,United Kingdom,2024-02-13,Basic,231.42
6676,James Singh,james.singh.6676@customer.co,India,2023-04-03,Basic,500.93
6677,Noah Khan,noah.khan.6677@inbox.net,India,2021-07-16,Standard,463.21
6678,Emma Patel,emma.patel.6678@inbox.net,Italy,2025-06-15,Premium,332.05
6679,Isabella Nguyen,isabella.nguyen.6679@mail.example.com,United Kingdom,2025-05-24,Premium,200.20
6680,Lucas Mueller,lucas.mueller.6680@inbox.net,Germany,2025-04-12,Premium,36.61
6681,Lucas Dubois,lucas.dubois.6681@shopmail.io,Spain,2024-11-24,Standard,532.76
6682,Emma Wilson,emma.wilson.6682@mail.example.com,Netherlands,2022-07-12,Basic,423.13
6683,Noah Martin,noah.martin.6683@customer.co,Canada,2020-01-15,Standard,194.03
6684,James Wilson,james.wilson.6684@mail.example.com,India,2021-11-22,Standard,229.34
6685,Isabella Taylor,isabella.taylor.6685@inbox.net,Spain,2020-08-15,Premium,1376.33
6686,Noah Kim,noah.kim.6686@mail.example.com,United Kingdom,2024-05-18,Standard,464.46
6687,Chen Garcia,chen.garcia.6687@shopmail.io,France,2024-10-23,Standard,456.26
6688,Priya Kim,priya.kim.6688@inbox.net,Germany,2022-09-03,Standard,211.89
6689,Sofia Nguyen,sofia.nguyen.6689@inbox.net,United Kingdom,2020-02-17,Standard,438.14
6690,Sofia Lee,sofia.lee.6690@shopmail.io,United States,2018-07-31,Basic,80.66
6691,Chen Nguyen,chen.nguyen.6691@inbox.net,Netherlands,2021-06-19,Basic,318.62
6692,James Khan,james.khan.6692@customer.co,France,2020-08-10,Standard,319.57
6693,Maria Khan,maria.khan.6693@shopmail.io,Australia,2022-08-26,Premium,158.11
6694,Chen Wilson,chen.wilson.6694@shopmail.io,United Kingdom,2023-09-17,Basic,281.85
6695,Liam Taylor,liam.taylor.6695@customer.co,Italy,2019-09-10,Basic,458.30
6696,Maria Nguyen,maria.nguyen.6696@inbox.net,United Kingdom,2022-03-30,Premium,203.68
6697,Noah Kim,noah.kim.6697@inbox.net,United States,2019-01-27,Standard,446.14
6698,Olivia Garcia,olivia.garcia.6698@mail.example.com,Germany,2022-02-15,Basic,180.38
6699,Maria Garcia,maria.garcia.6699@shopmail.io,Canada,2018-03-04,Premium,1334.03
6700,Arjun Lee,arjun.lee.6700@customer.co,Canada,2021-11-01,Premium,273.43
6701,Priya Nguyen,priya.nguyen.6701@inbox.net,Netherlands,2019-02-27,Basic,189.12
6702,Maria Singh,maria.singh.6702@customer.co,Netherlands,2021-01-04,Premium,128.17
6703,Maria Lee,maria.lee.6703@shopmail.io,France,2018-01-24,Basic,216.31
6704,James Dubois,james.dubois.6704@shopmail.io,Netherlands,2019-01-11,Premium,173.04
6705,Noah Brown,noah.brown.6705@mail.example.com,Italy,2024-12-25,Standard,646.40
6706,Ethan Singh,ethan.singh.6706@shopmail.io,United States,2022-09-24,Standard,697.70
6707,Isabella Singh,isabella.singh.6707@mail.example.com,United Kingdom,2023-08-05,Standard,172.33
6708,Mia Khan,mia.khan.6708@mail.example.com,United Kingdom,2018-06-14,Basic,473.68
6709,Ethan Wilson,ethan.wilson.6709@customer.co,Germany,2025-04-09,Premium,209.52
6710,Mia Smith,mia.smith.6710@inbox.net,Spain,2022-06-29,Standard,171.17
6711,Lucas Nguyen,lucas.nguyen.6711@shopmail.io,Germany,2023-02-25,Premium,169.29
6712,Isabella Martin,isabella.martin.6712@shopmail.io,Italy,2018-02-03,Basic,102.62
6713,Chen Nguyen,chen.nguyen.6713@mail.example.com,Netherlands,2022-08-04,Basic,134.66
6714,Ethan Wilson,ethan.wilson.6714@inbox.net,Australia,2021-07-01,Basic,207.64
6715,Aisha Rossi,aisha.rossi.6715@mail.example.com,Canada,2022-10-02,Standard,286.53
6716,Aisha Khan,aisha.khan.6716@inbox.net,Canada,2024-07-11,Premium,184.36
6717,Lucas Lee,lucas.lee.6717@customer.co,Netherlands,2024-02-07,Basic,152.69
6718,Priya Patel,priya.patel.6718@customer.co,Canada,2025-02-11,Standard,131.70
6719,Ethan Khan,ethan.khan.6719@customer.co,Spain,2021-05-29,Standard,177.34
6720,Olivia Nguyen,olivia.nguyen.6720@customer.co,Canada,2021-09-07,Basic,167.63
6721,Maria Martin,maria.martin.6721@shopmail.io,Italy,2024-07-29,Standard,106.76
6722,Maria Mueller,maria.mueller.6722@shopmail.io,France,2024-06-30,Premium,434.72
6723,Maria Mueller,maria.mueller.6723@customer.co,India,2019-04-18,Standard,266.68
6724,Isabella Garcia,isabella.garcia.6724@customer.co,Germany,2021-10-04,Standard,300.30
6725,Lucas Rossi,lucas.rossi.6725@mail.example.com,India,2023-04-04,Basic,558.67
6726,Emma Lee,emma.lee.6726@mail.example.com,France,2024-11-09,Basic,794.28
6727,Ethan Martin,ethan.martin.6727@mail.example.com,Netherlands,2021-11-08,Standard,195.17
6728,Aisha Rossi,aisha.rossi.6728@shopmail.io,Spain,2019-10-10,Premium,432.71
6729,Olivia Dubois,olivia.dubois.6729@shopmail.io,Australia,2018-02-23,Standard,605.00
6730,Emma Kim,emma.kim.6730@customer.co,Australia,2018-02-14,Standard,115.98
6731,Sofia Smith,sofia.smith.6731@inbox.net,Spain,2021-09-28,Standard,92.86
6732,Noah Khan,noah.khan.6732@inbox.net,Germany,2025-07-27,Basic,213.26
6733,Emma Dubois,emma.dubois.6733@mail.example.com,Canada,2021-01-07,Basic,58.28
6734,Arjun Nguyen,arjun.nguyen.6734@customer.co,Italy,2024-10-03,Standard,487.08
6735,Emma Nguyen,emma.nguyen.6735@inbox.net,France,2020-09-26,Standard,98.83
6736,Olivia Mueller,olivia.mueller.6736@mail.example.com,Germany,2025-05-08,Standard,55.66
6737,Chen Garcia,chen.garcia.6737@customer.co,Spain,2019-02-15,Premium,408.66
6738,Aisha Patel,aisha.patel.6738@shopmail.io,United States,2024-03-17,Premium,94.26
6739,Ethan Taylor,ethan.taylor.6739@shopmail.io,Germany,2018-06-12,Standard,543.61
6740,Chen Martin,chen.martin.6740@inbox.net,India,2022-07-28,Basic,184.57
6741,Mia Khan,mia.khan.6741@shopmail.io,Spain,2019-10-13,Standard,508.13
6742,Olivia Garcia,olivia.garcia.6742@mail.example.com,United States,2024-09-16,Standard,205.15
6743,Priya Singh,priya.singh.6743@inbox.net,Germany,2022-02-05,Standard,49.35
6744,Priya Wilson,priya.wilson.6744@shopmail.io,United Kingdom,2020-06-09,Standard,389.53
6745,Sofia Nguyen,sofia.nguyen.6745@shopmail.io,India,2020-11-24,Basic,72.92
6746,Noah Brown,noah.brown.6746@customer.co,India,2021-05-07,Standard,225.05
6747,Liam Smith,liam.smith.6747@shopmail.io,United Kingdom,2018-10-31,Standard,75.89
6748,Ethan Martin,ethan.martin.6748@mail.example.com,Australia,2022-03-16,Standard,488.02
6749,Sofia Kim,sofia.kim.6749@customer.co,Australia,2021-07-23,Premium,615.54
6750,James Garcia,james.garcia.6750@customer.co,United States,2021-12-15,Standard,553.03
6751,Olivia Wilson,olivia.wilson.6751@shopmail.io,Spain,2023-08-22,Standard,185.62
6752,Liam Khan,liam.khan.6752@inbox.net,India,2023-09-02,Standard,41.58
6753,Ethan Taylor,ethan.taylor.6753@shopmail.io,Spain,2021-11-12,Premium,94.95
6754,Liam Mueller,liam.mueller.6754@mail.example.com,India,2020-08-14,Basic,117.86
6755,Priya Singh,priya.singh.6755@customer.co,Germany,2018-04-30,Premium,356.45
6756,James Wilson,james.wilson.6756@customer.co,United States,2020-01-21,Basic,1056.37
6757,Priya Rossi,priya.rossi.6757@shopmail.io,Italy,2022-12-19,Standard,199.51
6758,Emma Martin,emma.martin.6758@mail.example.com,Australia,2024-09-13,Standard,145.95
6759,James Martin,james.martin.6759@customer.co,United States,2021-06-16,Standard,77.23
6760,Maria Khan,maria.khan.6760@inbox.net,Netherlands,2024-06-18,Standard,582.88
6761,Isabella Nguyen,isabella.nguyen.6761@shopmail.io,Germany,2024-08-19,Basic,175.60
6762,Maria Dubois,maria.dubois.6762@mail.example.com,United Kingdom,2022-06-19,Standard,188.75
6763,Olivia Taylor,olivia.taylor.6763@shopmail.io,United States,2024-12-27,Standard,1133.89
6764,Lucas Dubois,lucas.dubois.6764@mail.example.com,Canada,2019-02-24,Standard,218.96
6765,Mia Nguyen,mia.nguyen.6765@customer.co,Germany,2023-03-29,Standard,412.94
6766,Mia Brown,mia.brown.6766@inbox.net,Australia,2020-09-18,Standard,468.60
6767,Isabella Singh,isabella.singh.6767@inbox.net,Spain,2021-11-08,Standard,199.98
6768,Arjun Brown,arjun.brown.6768@shopmail.io,India,2018-10-06,Standard,215.91
6769,Priya Martin,priya.martin.6769@shopmail.io,Canada,2018-10-18,Premium,94.62
6770,Mia Singh,mia.singh.6770@shopmail.io,Australia,2022-07-25,Premium,255.57
6771,Priya Kim,priya.kim.6771@mail.example.com,United States,2019-05-18,Standard,364.23
6772,Arjun Patel,arjun.patel.6772@shopmail.io,United Kingdom,2021-01-02,Premium,739.37
6773,Ethan Lee,ethan.lee.6773@mail.example.com,Germany,2018-07-06,Basic,175.28
6774,Isabella Patel,isabella.patel.6774@mail.example.com,Australia,2023-04-30,Standard,547.10
6775,Ethan Brown,ethan.brown.6775@shopmail.io,France,2023-08-13,Premium,464.03
6776,James Garcia,james.garcia.6776@shopmail.io,Canada,2023-05-12,Basic,126.16
6777,Lucas Smith,lucas.smith.6777@shopmail.io,Netherlands,2023-10-21,Standard,66.78
6778,Priya Khan,priya.khan.6778@customer.co,Germany,2021-09-13,Standard,165.26
6779,Liam Garcia,liam.garcia.6779@shopmail.io,India,2025-01-02,Standard,317.82
6780,Mia Patel,mia.patel.6780@inbox.net,India,2022-11-23,Standard,910.18
6781,Ethan Lee,ethan.lee.6781@shopmail.io,Italy,2023-02-24,Premium,640.64
6782,Chen Garcia,chen.garcia.6782@inbox.net,United States,2023-09-15,Basic,859.08
6783,Mia Brown,mia.brown.6783@customer.co,Canada,2021-12-06,Basic,31.02
6784,Aisha Rossi,aisha.rossi.6784@shopmail.io,Italy,2025-05-03,Standard,43.02
6785,James Martin,james.martin.6785@mail.example.com,Germany,2024-03-31,Standard,84.63
6786,Liam Mueller,liam.mueller.6786@shopmail.io,India,2019-06-25,Premium,704.33
6787,Priya Brown,priya.brown.6787@customer.co,Netherlands,2024-09-21,Standard,307.96
6788,James Mueller,james.mueller.6788@inbox.net,Italy,2019-11-14,Standard,169.92
6789,Noah Dubois,noah.dubois.6789@shopmail.io,France,2025-08-31,Standard,551.18
6790,Olivia Garcia,olivia.garcia.6790@mail.example.com,India,2025-02-25,Premium,388.17
6791,Emma Martin,emma.martin.6791@customer.co,Australia,2020-04-09,Basic,124.33
6792,James Rossi,james.rossi.6792@shopmail.io,Spain,2024-02-21,Premium,144.38
6793,Maria Brown,maria.brown.6793@shopmail.io,Netherlands,2019-08-12,Standard,347.23
6794,Aisha Mueller,aisha.mueller.6794@mail.example.com,Canada,2024-02-04,Standard,256.91
6795,Ethan Lee,ethan.lee.6795@shopmail.io,France,2020-02-24,Standard,291.23
6796,Chen Garcia,chen.garcia.6796@inbox.net,United Kingdom,2024-09-30,Standard,420.93
6797,Ethan Rossi,ethan.rossi.6797@shopmail.io,United Kingdom,2020-09-09,Standard,449.73
6798,Priya Kim,priya.kim.6798@shopmail.io,United Kingdom,2020-11-30,Standard,406.92
6799,Sofia Lee,sofia.lee.6799@shopmail.io,Netherlands,2018-04-25,Standard,149.72
6800,Lucas Smith,lucas.smith.6800@inbox.net,Canada,2020-11-07,Basic,1190.21
6801,Chen Dubois,chen.dubois.6801@inbox.net,France,2018-05-11,Premium,124.15
6802,Aisha Singh,aisha.singh.6802@mail.example.com,Spain,2020-05-18,Standard,532.21
6803,Isabella Singh,isabella.singh.6803@mail.example.com,United States,2022-06-28,Basic,426.84
6804,Priya Smith,priya.smith.6804@inbox.net,Netherlands,2020-09-23,Basic,408.84
6805,Noah Martin,noah.martin.6805@customer.co,Italy,2023-10-27,Standard,235.88
6806,Emma Dubois,emma.dubois.6806@shopmail.io,France,2020-08-10,Standard,448.47
6807,Sofia Kim,sofia.kim.6807@mail.example.com,Germany,2020-10-07,Standard,231.70
6808,Olivia Martin,olivia.martin.6808@customer.co,India,2024-08-30,Basic,101.27
6809,Lucas Mueller,lucas.mueller.6809@shopmail.io,Netherlands,2023-11-19,Standard,192.60
6810,Maria Garcia,maria.garcia.6810@inbox.net,Germany,2021-02-20,Basic,680.66
6811,Olivia Smith,olivia.smith.6811@shopmail.io,Canada,2025-05-15,Basic,460.07
6812,Chen Khan,chen.khan.6812@shopmail.io,Netherlands,2019-09-12,Standard,112.80
6813,James Patel,james.patel.6813@mail.example.com,United Kingdom,2019-04-06,Standard,1533.49
6814,Emma Nguyen,emma.nguyen.6814@inbox.net,Canada,2023-05-20,Standard,167.88
6815,Aisha Nguyen,aisha.nguyen.6815@customer.co,Canada,2020-12-02,Premium,651.21
6816,Lucas Rossi,lucas.rossi.6816@mail.example.com,Netherlands,2019-05-25,Basic,609.55
6817,Lucas Brown,lucas.brown.6817@mail.example.com,France,2018-03-16,Standard,219.16
6818,Isabella Garcia,isabella.garcia.6818@mail.example.com,United States,2024-04-13,Basic,52.63
6819,Aisha Kim,aisha.kim.6819@mail.example.com,Australia,2021-07-05,Standard,699.85
6820,Isabella Lee,isabella.lee.6820@shopmail.io,United States,2020-07-30,Premium,740.36
6821,Olivia Wilson,olivia.wilson.6821@shopmail.io,United Kingdom,2020-10-18,Basic,124.76
6822,Emma Martin,emma.martin.6822@customer.co,United States,2021-01-13,Standard,46.59
6823,Olivia Dubois,olivia.dubois.6823@inbox.net,Australia,2024-05-03,Standard,321.38
6824,Arjun Rossi,arjun.rossi.6824@shopmail.io,Netherlands,2023-11-22,Standard,133.79
6825,James Rossi,james.rossi.6825@inbox.net,France,2024-06-25,Standard,508.16
6826,Maria Lee,maria.lee.6826@inbox.net,Netherlands,2024-04-20,Premium,132.98
6827,Noah Dubois,noah.dubois.6827@mail.example.com,Italy,2020-11-20,Premium,92.03
6828,Olivia Brown,olivia.brown.6828@inbox.net,Canada,2021-01-21,Standard,227.81
6829,Arjun Mueller,arjun.mueller.6829@mail.example.com,United Kingdom,2021-11-06,Standard,109.55
6830,Liam Lee,liam.lee.6830@customer.co,Netherlands,2020-07-25,Premium,388.76
6831,James Martin,james.martin.6831@inbox.net,Germany,2021-10-14,Premium,246.14
6832,Olivia Mueller,olivia.mueller.6832@inbox.net,Germany,2023-06-09,Premium,158.28
6833,Lucas Dubois,lucas.dubois.6833@shopmail.io,Netherlands,2025-06-24,Basic,54.61
6834,Chen Kim,chen.kim.6834@customer.co,United Kingdom,2022-05-01,Premium,120.32
6835,Noah Wilson,noah.wilson.6835@customer.co,Italy,2022-12-04,Standard,102.44
6836,Chen Singh,chen.singh.6836@customer.co,India,2018-04-19,Standard,70.01
6837,Sofia Kim,sofia.kim.6837@customer.co,Netherlands,2021-03-19,Basic,155.98
6838,Mia Khan,mia.khan.6838@shopmail.io,Canada,2025-04-03,Basic,519.05
6839,Olivia Brown,olivia.brown.6839@inbox.net,Canada,2022-06-29,Basic,316.32
6840,Isabella Garcia,isabella.garcia.6840@inbox.net,France,2022-05-15,Standard,356.50
6841,Isabella Smith,isabella.smith.6841@mail.example.com,United Kingdom,2018-02-22,Standard,585.42
6842,James Smith,james.smith.6842@mail.example.com,Spain,2019-10-03,Standard,448.52
6843,Lucas Brown,lucas.brown.6843@inbox.net,United States,2020-05-01,Standard,300.61
6844,Mia Garcia,mia.garcia.6844@shopmail.io,France,2025-01-03,Premium,69.73
6845,Priya Garcia,priya.garcia.6845@customer.co,Canada,2021-03-05,Premium,155.33
6846,Mia Singh,mia.singh.6846@shopmail.io,Canada,2021-03-03,Basic,99.99
6847,Isabella Singh,isabella.singh.6847@mail.example.com,Netherlands,2021-07-01,Basic,437.66
6848,James Brown,james.brown.6848@customer.co,Germany,2018-01-24,Basic,282.79
6849,Priya Khan,priya.khan.6849@shopmail.io,France,2023-01-29,Standard,124.44
6850,Noah Patel,noah.patel.6850@shopmail.io,United States,2024-02-09,Basic,1002.59
6851,Emma Taylor,emma.taylor.6851@mail.example.com,Germany,2023-08-12,Basic,242.54
6852,Maria Garcia,maria.garcia.6852@mail.example.com,Australia,2022-11-15,Basic,35.83
6853,Emma Patel,emma.patel.6853@shopmail.io,Australia,2019-02-23,Premium,687.46
6854,Ethan Kim,ethan.kim.6854@customer.co,Canada,2020-07-30,Premium,141.79
6855,Emma Lee,emma.lee.6855@customer.co,United States,2019-02-11,Premium,396.91
6856,Arjun Garcia,arjun.garcia.6856@customer.co,France,2020-02-02,Standard,326.15
6857,James Rossi,james.rossi.6857@mail.example.com,Germany,2021-04-09,Basic,273.75
6858,Emma Dubois,emma.dubois.6858@inbox.net,Spain,2020-04-24,Standard,358.66
6859,James Kim,james.kim.6859@customer.co,United States,2024-11-24,Basic,236.66
6860,Ethan Kim,ethan.kim.6860@inbox.net,India,2025-08-26,Basic,235.93
6861,Olivia Khan,olivia.khan.6861@inbox.net,Netherlands,2024-04-26,Standard,63.36
6862,Ethan Wilson,ethan.wilson.6862@customer.co,United Kingdom,2024-12-29,Basic,112.79
6863,Chen Smith,chen.smith.6863@customer.co,United Kingdom,2024-05-23,Standard,414.31
6864,Liam Smith,liam.smith.6864@customer.co,Italy,2020-05-26,Standard,202.91
6865,Lucas Mueller,lucas.mueller.6865@inbox.net,Italy,2024-12-03,Premium,166.15
6866,Emma Garcia,emma.garcia.6866@customer.co,United States,2019-06-12,Premium,643.81
6867,Mia Garcia,mia.garcia.6867@mail.example.com,Germany,2020-01-27,Standard,71.99
6868,Emma Garcia,emma.garcia.6868@customer.co,Australia,2025-01-04,Standard,1233.89
6869,James Kim,james.kim.6869@shopmail.io,Australia,2020-10-26,Standard,222.60
6870,Isabella Brown,isabella.brown.6870@inbox.net,Netherlands,2025-06-24,Standard,219.76
6871,Emma Taylor,emma.taylor.6871@mail.example.com,India,2020-04-05,Premium,73.20
6872,Olivia Smith,olivia.smith.6872@customer.co,United States,2024-10-29,Standard,41.05
6873,Lucas Rossi,lucas.rossi.6873@inbox.net,Germany,2019-11-27,Basic,784.67
6874,Ethan Martin,ethan.martin.6874@shopmail.io,India,2018-10-10,Premium,177.21
6875,Liam Lee,liam.lee.6875@shopmail.io,Italy,2018-11-24,Standard,187.90
6876,Mia Rossi,mia.rossi.6876@customer.co,Spain,2021-02-24,Standard,123.31
6877,Olivia Mueller,olivia.mueller.6877@shopmail.io,Spain,2020-07-06,Premium,381.82
6878,Arjun Nguyen,arjun.nguyen.6878@customer.co,United Kingdom,2018-12-02,Basic,447.91
6879,Priya Singh,priya.singh.6879@shopmail.io,Spain,2018-07-09,Basic,307.39
6880,Sofia Taylor,sofia.taylor.6880@customer.co,France,2021-10-13,Standard,821.31
6881,Priya Martin,priya.martin.6881@inbox.net,Germany,2022-09-25,Premium,197.77
6882,Mia Wilson,mia.wilson.6882@customer.co,Australia,2022-06-15,Premium,993.25
6883,Aisha Dubois,aisha.dubois.6883@inbox.net,United Kingdom,2020-01-06,Standard,390.77
6884,Noah Nguyen,noah.nguyen.6884@inbox.net,Australia,2021-10-04,Premium,277.06
6885,Olivia Wilson,olivia.wilson.6885@inbox.net,Spain,2023-09-27,Standard,897.16
6886,Arjun Patel,arjun.patel.6886@inbox.net,Australia,2018-11-16,Standard,180.63
6887,Maria Rossi,maria.rossi.6887@inbox.net,Canada,2025-03-22,Standard,492.12
6888,Liam Martin,liam.martin.6888@inbox.net,Spain,2021-08-15,Standard,378.45
6889,Liam Nguyen,liam.nguyen.6889@customer.co,Australia,2024-03-11,Standard,224.50
6890,Lucas Taylor,lucas.taylor.6890@inbox.net,Canada,2020-08-06,Standard,71.08
6891,Mia Garcia,mia.garcia.6891@mail.example.com,Australia,2022-10-11,Basic,368.23
6892,Sofia Garcia,sofia.garcia.6892@inbox.net,Germany,2022-05-16,Standard,710.70
6893,Noah Dubois,noah.dubois.6893@mail.example.com,Australia,2019-05-31,Basic,269.44
6894,Emma Khan,emma.khan.6894@mail.example.com,India,2021-02-10,Standard,157.33
6895,Mia Martin,mia.martin.6895@shopmail.io,Germany,2020-09-04,Basic,201.34
6896,Emma Nguyen,emma.nguyen.6896@shopmail.io,France,2020-07-17,Standard,427.14
6897,Priya Patel,priya.patel.6897@customer.co,Spain,2021-08-22,Standard,162.79
6898,Mia Rossi,mia.rossi.6898@shopmail.io,United States,2022-06-02,Standard,253.76
6899,Noah Brown,noah.brown.6899@mail.example.com,United States,2024-05-13,Standard,104.55
6900,James Smith,james.smith.6900@mail.example.com,United States,2020-04-20,Premium,258.59
6901,Mia Garcia,mia.garcia.6901@inbox.net,Spain,2018-02-23,Basic,97.83
6902,Olivia Martin,olivia.martin.6902@mail.example.com,India,2019-08-12,Standard,205.71
6903,Emma Martin,emma.martin.6903@customer.co,Germany,2021-12-22,Standard,876.55
6904,James Khan,james.khan.6904@shopmail.io,Netherlands,2018-10-27,Premium,175.52
6905,Ethan Singh,ethan.singh.6905@shopmail.io,France,2023-12-14,Basic,192.62
6906,James Patel,james.patel.6906@customer.co,Canada,2022-06-12,Basic,173.53
6907,James Taylor,james.taylor.6907@customer.co,United States,2023-02-10,Standard,169.90
6908,Olivia Khan,olivia.khan.6908@inbox.net,Germany,2019-02-27,Basic,95.98
6909,Arjun Singh,arjun.singh.6909@shopmail.io,Netherlands,2021-11-28,Standard,800.44
6910,Maria Mueller,maria.mueller.6910@inbox.net,India,2023-12-04,Premium,79.12
6911,Priya Rossi,priya.rossi.6911@inbox.net,France,2025-04-07,Standard,497.34
6912,Chen Singh,chen.singh.6912@inbox.net,France,2022-01-13,Standard,113.55
6913,Sofia Dubois,sofia.dubois.6913@mail.example.com,Canada,2025-08-03,Standard,58.05
6914,Ethan Martin,ethan.martin.6914@customer.co,Italy,2022-02-05,Standard,130.41
6915,Aisha Smith,aisha.smith.6915@inbox.net,United States,2021-10-11,Premium,286.10
6916,Isabella Rossi,isabella.rossi.6916@mail.example.com,Canada,2021-07-06,Basic,672.23
6917,Chen Khan,chen.khan.6917@inbox.net,United States,2025-01-30,Basic,504.36
6918,Emma Patel,emma.patel.6918@customer.co,Germany,2018-10-01,Standard,441.94
6919,Chen Dubois,chen.dubois.6919@inbox.net,Australia,2019-08-14,Premium,191.09
6920,Maria Smith,maria.smith.6920@customer.co,Canada,2019-12-20,Basic,265.16
6921,Sofia Lee,sofia.lee.6921@shopmail.io,Germany,2024-12-03,Basic,277.60
6922,James Martin,james.martin.6922@mail.example.com,Netherlands,2018-12-29,Standard,440.30
6923,James Nguyen,james.nguyen.6923@shopmail.io,Italy,2020-06-05,Basic,199.35
6924,Lucas Wilson,lucas.wilson.6924@mail.example.com,Netherlands,2018-02-07,Basic,184.06
6925,Arjun Brown,arjun.brown.6925@shopmail.io,Australia,2023-11-19,Standard,255.75
6926,Isabella Khan,isabella.khan.6926@customer.co,United Kingdom,2023-03-08,Basic,92.12
6927,Mia Nguyen,mia.nguyen.6927@mail.example.com,United States,2021-06-08,Standard,78.07
6928,Olivia Kim,olivia.kim.6928@shopmail.io,Netherlands,2020-10-15,Standard,389.18
6929,Mia Garcia,mia.garcia.6929@customer.co,France,2024-04-06,Standard,153.37
6930,Aisha Garcia,aisha.garcia.6930@shopmail.io,Australia,2018-08-28,Standard,119.97
6931,Noah Wilson,noah.wilson.6931@shopmail.io,Germany,2020-08-07,Basic,174.03
6932,Arjun Smith,arjun.smith.6932@inbox.net,Netherlands,2022-01-28,Premium,615.20
6933,Mia Khan,mia.khan.6933@customer.co,Canada,2018-12-15,Basic,169.86
6934,Olivia Nguyen,olivia.nguyen.6934@mail.example.com,United States,2019-05-11,Standard,57.46
6935,Lucas Dubois,lucas.dubois.6935@mail.example.com,Australia,2018-06-27,Premium,382.87
6936,Ethan Taylor,ethan.taylor.6936@shopmail.io,Canada,2018-06-18,Premium,704.54
6937,Priya Rossi,priya.rossi.6937@inbox.net,India,2023-08-26,Basic,325.67
6938,Liam Lee,liam.lee.6938@customer.co,Germany,2019-10-29,Standard,170.26
6939,Sofia Garcia,sofia.garcia.6939@inbox.net,Australia,2022-02-09,Basic,205.84
6940,Lucas Brown,lucas.brown.6940@shopmail.io,Italy,2019-12-20,Basic,528.41
6941,Emma Singh,emma.singh.6941@customer.co,Germany,2022-07-29,Standard,119.27
6942,Arjun Singh,arjun.singh.6942@shopmail.io,United Kingdom,2022-10-05,Standard,28.95
6943,Noah Smith,noah.smith.6943@mail.example.com,Canada,2024-10-30,Standard,469.04
6944,Olivia Singh,olivia.singh.6944@shopmail.io,Australia,2023-02-13,Premium,77.47
6945,Mia Singh,mia.singh.6945@mail.example.com,Canada,2024-08-11,Standard,153.53
6946,Aisha Taylor,aisha.taylor.6946@shopmail.io,United Kingdom,2023-07-02,Standard,679.80
6947,Sofia Lee,sofia.lee.6947@customer.co,Netherlands,2023-04-01,Standard,118.41
6948,Priya Brown,priya.brown.6948@inbox.net,Australia,2021-05-13,Standard,194.32
6949,Mia Khan,mia.khan.6949@inbox.net,France,2025-02-15,Standard,136.38
6950,James Lee,james.lee.6950@customer.co,Spain,2019-02-26,Standard,239.01
6951,Mia Mueller,mia.mueller.6951@customer.co,Germany,2024-05-10,Standard,1733.28
6952,Olivia Wilson,olivia.wilson.6952@mail.example.com,Italy,2018-03-28,Basic,193.16
6953,Emma Nguyen,emma.nguyen.6953@customer.co,Australia,2022-01-30,Premium,208.78
6954,Isabella Patel,isabella.patel.6954@inbox.net,Italy,2022-04-11,Premium,297.81
6955,Mia Patel,mia.patel.6955@mail.example.com,Netherlands,2018-10-22,Premium,296.48
6956,Lucas Taylor,lucas.taylor.6956@mail.example.com,United Kingdom,2020-02-02,Standard,95.22
6957,Mia Brown,mia.brown.6957@inbox.net,Germany,2025-04-08,Standard,331.00
6958,Arjun Mueller,arjun.mueller.6958@mail.example.com,United Kingdom,2022-07-12,Premium,192.38
6959,Ethan Khan,ethan.khan.6959@customer.co,France,2021-09-28,Basic,218.22
6960,Isabella Garcia,isabella.garcia.6960@customer.co,Netherlands,2018-12-09,Basic,1025.58
6961,Ethan Martin,ethan.martin.6961@inbox.net,United Kingdom,2018-05-12,Premium,124.86
6962,Arjun Martin,arjun.martin.6962@inbox.net,Australia,2024-12-28,Standard,144.41
6963,Arjun Garcia,arjun.garcia.6963@customer.co,Spain,2024-11-16,Premium,415.04
6964,Ethan Khan,ethan.khan.6964@customer.co,France,2018-12-01,Basic,88.26
6965,Emma Garcia,emma.garcia.6965@inbox.net,France,2018-10-01,Basic,920.46
6966,Isabella Patel,isabella.patel.6966@inbox.net,United States,2025-04-24,Standard,60.52
6967,Maria Rossi,maria.rossi.6967@customer.co,United States,2025-08-27,Standard,336.25
6968,Sofia Mueller,sofia.mueller.6968@mail.example.com,France,2019-01-25,Basic,193.58
6969,Chen Nguyen,chen.nguyen.6969@inbox.net,France,2020-11-14,Standard,36.66
6970,Arjun Patel,arjun.patel.6970@customer.co,Canada,2018-01-26,Standard,695.75
6971,Emma Dubois,emma.dubois.6971@inbox.net,Germany,2025-01-24,Basic,73.09
6972,Ethan Mueller,ethan.mueller.6972@mail.example.com,Canada,2021-09-26,Premium,263.64
6973,Mia Dubois,mia.dubois.6973@mail.example.com,Netherlands,2019-07-02,Basic,397.24
6974,Isabella Smith,isabella.smith.6974@customer.co,Australia,2025-06-22,Basic,205.60
6975,Olivia Mueller,olivia.mueller.6975@shopmail.io,Netherlands,2023-06-04,Standard,175.70
6976,Noah Lee,noah.lee.6976@inbox.net,Germany,2021-10-07,Premium,203.31
6977,Chen Singh,chen.singh.6977@customer.co,Canada,2021-01-15,Standard,877.45
6978,Sofia Dubois,sofia.dubois.6978@inbox.net,Netherlands,2023-06-26,Basic,496.72
6979,Liam Lee,liam.lee.6979@mail.example.com,India,2020-05-04,Premium,544.19
6980,Lucas Mueller,lucas.mueller.6980@mail.example.com,Spain,2020-11-15,Standard,601.59
6981,Chen Nguyen,chen.nguyen.6981@customer.co,Germany,2020-07-27,Standard,393.91
6982,Emma Kim,emma.kim.6982@inbox.net,Germany,2021-06-29,Standard,443.60
6983,Olivia Brown,olivia.brown.6983@shopmail.io,Germany,2019-10-23,Standard,557.23
6984,Mia Nguyen,mia.nguyen.6984@mail.example.com,Germany,2020-01-16,Basic,468.20
6985,Emma Dubois,emma.dubois.6985@mail.example.com,France,2020-07-31,Standard,435.00
6986,Olivia Mueller,olivia.mueller.6986@inbox.net,Netherlands,2021-10-04,Standard,546.67
6987,Chen Garcia,chen.garcia.6987@mail.example.com,United States,2021-06-04,Premium,300.93
6988,James Lee,james.lee.6988@mail.example.com,France,2020-07-15,Premium,333.22
6989,Priya Wilson,priya.wilson.6989@customer.co,France,2022-01-10,Standard,376.78
6990,Arjun Smith,arjun.smith.6990@inbox.net,France,2024-02-03,Basic,115.64
6991,Aisha Brown,aisha.brown.6991@shopmail.io,India,2021-10-19,Standard,314.48
6992,Olivia Brown,olivia.brown.6992@inbox.net,Spain,2021-08-08,Basic,1100.32
6993,Arjun Martin,arjun.martin.6993@customer.co,Canada,2021-07-15,Premium,83.28
6994,Lucas Nguyen,lucas.nguyen.6994@inbox.net,France,2023-07-07,Standard,114.30
6995,Arjun Nguyen,arjun.nguyen.6995@shopmail.io,United Kingdom,2023-08-25,Standard,447.88
6996,Priya Taylor,priya.taylor.6996@inbox.net,India,2020-07-29,Standard,192.15
6997,Aisha Wilson,aisha.wilson.6997@customer.co,United Kingdom,2022-04-02,Standard,286.27
6998,Olivia Garcia,olivia.garcia.6998@customer.co,Canada,2025-06-24,Standard,513.50
6999,Ethan Patel,ethan.patel.6999@mail.example.com,India,2022-03-01,Premium,511.96
7000,Priya Mueller,priya.mueller.7000@shopmail.io,India,2023-05-31,Basic,209.20
7001,Priya Lee,priya.lee.7001@shopmail.io,Australia,2019-02-20,Basic,659.02
7002,Aisha Taylor,aisha.taylor.7002@shopmail.io,France,2021-05-21,Standard,678.47
7003,Priya Rossi,priya.rossi.7003@shopmail.io,Germany,2020-05-25,Standard,416.72
7004,Arjun Smith,arjun.smith.7004@mail.example.com,Australia,2024-05-13,Standard,902.26
7005,Noah Singh,noah.singh.7005@inbox.net,United Kingdom,2019-11-19,Standard,410.34
7006,Liam Rossi,liam.rossi.7006@customer.co,Canada,2019-02-04,Basic,339.32
7007,Liam Brown,liam.brown.7007@shopmail.io,Spain,2024-08-01,Standard,292.48
7008,Chen Nguyen,chen.nguyen.7008@inbox.net,France,2021-10-19,Standard,118.51
7009,Priya Lee,priya.lee.7009@shopmail.io,United Kingdom,2018-11-25,Standard,337.96
7010,Lucas Brown,lucas.brown.7010@customer.co,Canada,2023-01-10,Standard,253.78
7011,Olivia Brown,olivia.brown.7011@mail.example.com,Netherlands,2018-09-17,Basic,499.98
7012,Olivia Patel,olivia.patel.7012@mail.example.com,Spain,2019-08-10,Basic,205.08
7013,Noah Khan,noah.khan.7013@mail.example.com,United Kingdom,2021-11-05,Standard,250.92
7014,Aisha Martin,aisha.martin.7014@mail.example.com,Australia,2021-01-18,Standard,338.63
7015,Maria Rossi,maria.rossi.7015@customer.co,Italy,2023-12-29,Premium,1427.35
7016,Priya Nguyen,priya.nguyen.7016@mail.example.com,Canada,2019-06-21,Standard,237.15
7017,Chen Dubois,chen.dubois.7017@shopmail.io,Germany,2023-11-16,Standard,89.31
7018,Priya Nguyen,priya.nguyen.7018@shopmail.io,Netherlands,2018-05-03,Basic,635.40
7019,Olivia Patel,olivia.patel.7019@customer.co,France,2018-12-24,Premium,126.15
7020,Olivia Rossi,olivia.rossi.7020@shopmail.io,Canada,2022-07-05,Basic,97.25
7021,James Wilson,james.wilson.7021@inbox.net,Germany,2022-06-28,Basic,267.75
7022,Isabella Wilson,isabella.wilson.7022@mail.example.com,United States,2024-03-17,Standard,305.11
7023,Noah Brown,noah.brown.7023@customer.co,Netherlands,2024-09-18,Standard,1024.27
7024,James Kim,james.kim.7024@inbox.net,Canada,2019-09-06,Standard,972.94
7025,Lucas Lee,lucas.lee.7025@customer.co,Spain,2023-08-22,Standard,134.88
7026,Mia Singh,mia.singh.7026@inbox.net,Canada,2023-10-25,Standard,293.89
7027,Lucas Dubois,lucas.dubois.7027@mail.example.com,Australia,2024-10-02,Standard,106.09
7028,Mia Lee,mia.lee.7028@shopmail.io,Netherlands,2019-08-10,Standard,244.41
7029,Aisha Nguyen,aisha.nguyen.7029@shopmail.io,Spain,2023-12-27,Premium,158.01
7030,Emma Smith,emma.smith.7030@inbox.net,Germany,2024-12-16,Basic,163.57
7031,Olivia Mueller,olivia.mueller.7031@inbox.net,United States,2018-08-04,Standard,190.87
7032,Ethan Brown,ethan.brown.7032@customer.co,Spain,2020-09-29,Standard,105.68
7033,Isabella Khan,isabella.khan.7033@mail.example.com,United Kingdom,2022-11-16,Standard,562.16
7034,Isabella Brown,isabella.brown.7034@inbox.net,Netherlands,2023-11-28,Standard,333.42
7035,Ethan Nguyen,ethan.nguyen.7035@customer.co,France,2024-11-16,Standard,66.42
7036,Aisha Smith,aisha.smith.7036@shopmail.io,Germany,2022-03-29,Standard,208.04
7037,Lucas Smith,lucas.smith.7037@inbox.net,United Kingdom,2025-02-03,Standard,545.57
7038,Sofia Martin,sofia.martin.7038@inbox.net,Spain,2020-03-28,Standard,1470.20
7039,Emma Martin,emma.martin.7039@inbox.net,United Kingdom,2024-03-02,Standard,378.86
7040,Noah Nguyen,noah.nguyen.7040@inbox.net,United Kingdom,2019-08-24,Standard,273.77
7041,James Mueller,james.mueller.7041@customer.co,India,2022-05-16,Basic,175.83
7042,Aisha Martin,aisha.martin.7042@mail.example.com,France,2024-12-10,Standard,432.99
7043,Chen Khan,chen.khan.7043@mail.example.com,Canada,2020-01-20,Standard,134.46
7044,Maria Smith,maria.smith.7044@mail.example.com,Canada,2025-03-17,Standard,413.61
7045,Olivia Singh,olivia.singh.7045@mail.example.com,United Kingdom,2019-12-16,Standard,357.23
7046,Aisha Kim,aisha.kim.7046@shopmail.io,Netherlands,2025-01-23,Standard,192.07
7047,Emma Martin,emma.martin.7047@shopmail.io,Italy,2025-08-17,Basic,282.85
7048,Ethan Garcia,ethan.garcia.7048@mail.example.com,Netherlands,2021-04-30,Standard,1811.99
7049,Ethan Lee,ethan.lee.7049@shopmail.io,India,2024-07-02,Premium,333.37
7050,Noah Martin,noah.martin.7050@mail.example.com,France,2024-02-26,Standard,574.71
7051,James Martin,james.martin.7051@inbox.net,Netherlands,2020-03-24,Premium,404.63
7052,Lucas Brown,lucas.brown.7052@inbox.net,India,2018-11-10,Premium,337.37
7053,Ethan Mueller,ethan.mueller.7053@customer.co,Spain,2019-03-18,Basic,614.52
7054,Olivia Patel,olivia.patel.7054@shopmail.io,Italy,2020-01-26,Standard,302.26
7055,Chen Dubois,chen.dubois.7055@customer.co,Spain,2024-07-07,Standard,470.15
7056,Aisha Lee,aisha.lee.7056@mail.example.com,United States,2023-05-24,Standard,324.51
7057,Chen Kim,chen.kim.7057@inbox.net,Canada,2022-12-07,Premium,795.97
7058,Olivia Kim,olivia.kim.7058@shopmail.io,Canada,2021-01-08,Basic,181.43
7059,Liam Garcia,liam.garcia.7059@customer.co,United Kingdom,2023-07-25,Standard,239.20
7060,Olivia Nguyen,olivia.nguyen.7060@shopmail.io,France,2024-07-19,Standard,228.83
7061,Chen Taylor,chen.taylor.7061@mail.example.com,Italy,2019-01-19,Standard,84.55
7062,James Mueller,james.mueller.7062@shopmail.io,France,2021-06-24,Standard,441.64
7063,Mia Patel,mia.patel.7063@customer.co,Germany,2021-11-27,Premium,365.30
7064,James Nguyen,james.nguyen.7064@inbox.net,Germany,2022-10-02,Standard,206.67
7065,Arjun Taylor,arjun.taylor.7065@inbox.net,Spain,2024-11-07,Standard,200.35
7066,Noah Patel,noah.patel.7066@inbox.net,Germany,2024-04-25,Standard,1208.70
7067,Noah Garcia,noah.garcia.7067@mail.example.com,United States,2019-01-18,Basic,295.30
7068,Lucas Dubois,lucas.dubois.7068@shopmail.io,France,2018-07-13,Standard,353.29
7069,Noah Nguyen,noah.nguyen.7069@customer.co,United Kingdom,2021-08-03,Premium,229.08
7070,Mia Garcia,mia.garcia.7070@mail.example.com,Canada,2024-10-29,Basic,623.07
7071,Mia Brown,mia.brown.7071@mail.example.com,Australia,2018-06-26,Basic,451.75
7072,Olivia Mueller,olivia.mueller.7072@mail.example.com,Netherlands,2018-02-28,Standard,292.67
7073,Mia Mueller,mia.mueller.7073@shopmail.io,United States,2023-11-16,Premium,103.37
7074,Arjun Singh,arjun.singh.7074@shopmail.io,India,2020-07-07,Standard,473.82
7075,Chen Garcia,chen.garcia.7075@mail.example.com,France,2020-08-03,Basic,254.90
7076,Priya Kim,priya.kim.7076@mail.example.com,United States,2020-06-02,Standard,1107.11
7077,Emma Martin,emma.martin.7077@shopmail.io,Australia,2018-04-07,Standard,103.88
7078,Noah Garcia,noah.garcia.7078@customer.co,Netherlands,2018-08-07,Standard,601.21
7079,Mia Taylor,mia.taylor.7079@shopmail.io,Spain,2022-05-30,Basic,732.17
7080,Arjun Smith,arjun.smith.7080@customer.co,Canada,2020-06-19,Standard,192.84
7081,Isabella Martin,isabella.martin.7081@shopmail.io,Canada,2021-11-18,Standard,368.07
7082,Priya Nguyen,priya.nguyen.7082@customer.co,France,2020-03-13,Standard,147.50
7083,Aisha Smith,aisha.smith.7083@mail.example.com,Spain,2019-04-30,Standard,582.92
7084,Sofia Lee,sofia.lee.7084@inbox.net,Germany,2024-10-03,Standard,178.78
7085,Chen Nguyen,chen.nguyen.7085@customer.co,Italy,2018-09-16,Basic,257.30
7086,Ethan Lee,ethan.lee.7086@shopmail.io,France,2020-05-25,Basic,156.19
7087,Maria Garcia,maria.garcia.7087@customer.co,Australia,2022-07-09,Basic,378.88
7088,Isabella Taylor,isabella.taylor.7088@shopmail.io,United States,2025-02-28,Standard,1094.53
7089,Olivia Smith,olivia.smith.7089@inbox.net,Italy,2019-09-19,Standard,266.64
7090,Emma Rossi,emma.rossi.7090@customer.co,India,2021-08-25,Standard,150.82
7091,Maria Taylor,maria.taylor.7091@shopmail.io,United States,2019-04-14,Premium,92.51
7092,Lucas Mueller,lucas.mueller.7092@shopmail.io,Canada,2018-03-16,Premium,125.23
7093,James Singh,james.singh.7093@inbox.net,United States,2019-02-14,Basic,1796.21
7094,Lucas Smith,lucas.smith.7094@mail.example.com,Netherlands,2020-09-16,Standard,418.18
7095,Liam Wilson,liam.wilson.7095@mail.example.com,Australia,2022-01-12,Standard,273.61
7096,Aisha Lee,aisha.lee.7096@mail.example.com,Netherlands,2021-09-02,Basic,510.07
7097,Chen Wilson,chen.wilson.7097@shopmail.io,Germany,2020-11-12,Basic,499.91
7098,James Dubois,james.dubois.7098@customer.co,Italy,2020-03-19,Basic,311.78
7099,Emma Wilson,emma.wilson.7099@mail.example.com,Spain,2024-08-18,Basic,211.37
7100,Emma Nguyen,emma.nguyen.7100@customer.co,Germany,2020-07-26,Basic,231.77
7101,Sofia Patel,sofia.patel.7101@customer.co,Italy,2019-07-26,Standard,182.74
7102,Arjun Taylor,arjun.taylor.7102@shopmail.io,Canada,2021-03-15,Basic,155.23
7103,Emma Singh,emma.singh.7103@inbox.net,Italy,2020-03-25,Standard,769.42
7104,Ethan Lee,ethan.lee.7104@mail.example.com,Australia,2025-04-16,Basic,117.58
7105,Emma Smith,emma.smith.7105@mail.example.com,Canada,2020-06-16,Basic,47.40
7106,Liam Rossi,liam.rossi.7106@shopmail.io,India,2023-10-17,Standard,291.54
7107,Emma Mueller,emma.mueller.7107@shopmail.io,United Kingdom,2020-12-13,Standard,120.82
7108,Priya Dubois,priya.dubois.7108@mail.example.com,United States,2024-02-11,Premium,297.14
7109,Maria Khan,maria.khan.7109@inbox.net,Spain,2022-11-25,Standard,88.19
7110,Chen Patel,chen.patel.7110@customer.co,Canada,2020-08-17,Basic,515.84
7111,James Nguyen,james.nguyen.7111@customer.co,Australia,2018-03-28,Standard,348.40
7112,Isabella Taylor,isabella.taylor.7112@mail.example.com,India,2018-11-25,Premium,158.39
7113,Aisha Singh,aisha.singh.7113@mail.example.com,Netherlands,2020-07-13,Standard,288.77
7114,Isabella Wilson,isabella.wilson.7114@customer.co,Germany,2023-12-28,Basic,190.36
7115,Liam Brown,liam.brown.7115@inbox.net,Germany,2018-08-04,Basic,425.68
7116,Aisha Wilson,aisha.wilson.7116@shopmail.io,Netherlands,2018-09-06,Premium,283.49
7117,Liam Rossi,liam.rossi.7117@customer.co,United States,2019-10-18,Standard,446.51
7118,Noah Nguyen,noah.nguyen.7118@customer.co,Spain,2018-07-26,Standard,182.14
7119,Chen Kim,chen.kim.7119@customer.co,Spain,2018-04-08,Basic,104.44
7120,Arjun Nguyen,arjun.nguyen.7120@shopmail.io,Netherlands,2020-07-12,Basic,414.69
7121,Emma Lee,emma.lee.7121@customer.co,Canada,2023-07-31,Basic,114.49
7122,Maria Taylor,maria.taylor.7122@shopmail.io,United Kingdom,2021-03-13,Basic,182.94
7123,Noah Patel,noah.patel.7123@shopmail.io,Netherlands,2018-08-29,Standard,170.12
7124,Chen Wilson,chen.wilson.7124@inbox.net,France,2021-04-06,Basic,90.34
7125,Priya Taylor,priya.taylor.7125@customer.co,Netherlands,2023-02-05,Premium,26.60
7126,Priya Patel,priya.patel.7126@customer.co,Italy,2019-07-08,Basic,80.90
7127,Chen Khan,chen.khan.7127@customer.co,Germany,2023-12-21,Standard,325.70
7128,Priya Nguyen,priya.nguyen.7128@mail.example.com,Spain,2020-01-10,Basic,302.85
7129,Isabella Singh,isabella.singh.7129@inbox.net,Australia,2024-07-09,Standard,329.83
7130,Priya Khan,priya.khan.7130@shopmail.io,Netherlands,2020-08-02,Standard,217.11
7131,Noah Mueller,noah.mueller.7131@shopmail.io,Netherlands,2019-04-05,Basic,45.66
7132,Chen Patel,chen.patel.7132@mail.example.com,Italy,2021-09-08,Standard,121.34
7133,Olivia Kim,olivia.kim.7133@inbox.net,France,2019-09-04,Basic,56.97
7134,Aisha Patel,aisha.patel.7134@inbox.net,Canada,2023-05-09,Premium,160.12
7135,Liam Lee,liam.lee.7135@shopmail.io,Australia,2019-08-12,Standard,124.14
7136,Maria Brown,maria.brown.7136@inbox.net,Canada,2018-01-16,Premium,770.63
7137,Ethan Kim,ethan.kim.7137@inbox.net,Canada,2023-05-02,Basic,337.18
7138,Isabella Khan,isabella.khan.7138@customer.co,India,2019-11-03,Standard,143.52
7139,Isabella Patel,isabella.patel.7139@inbox.net,Germany,2022-08-22,Basic,92.58
7140,Emma Wilson,emma.wilson.7140@shopmail.io,India,2023-05-11,Premium,267.33
7141,James Patel,james.patel.7141@shopmail.io,United Kingdom,2025-03-18,Standard,200.79
7142,Emma Lee,emma.lee.7142@customer.co,United Kingdom,2021-05-07,Basic,219.22
7143,Liam Singh,liam.singh.7143@customer.co,France,2020-07-05,Standard,36.47
7144,Emma Martin,emma.martin.7144@mail.example.com,India,2019-07-18,Basic,2470.75
7145,Emma Brown,emma.brown.7145@inbox.net,United States,2022-07-01,Premium,432.42
7146,Aisha Smith,aisha.smith.7146@shopmail.io,France,2020-06-04,Premium,221.34
7147,Priya Khan,priya.khan.7147@inbox.net,Spain,2023-07-03,Basic,451.09
7148,Isabella Kim,isabella.kim.7148@shopmail.io,United Kingdom,2019-03-21,Standard,177.90
7149,Olivia Singh,olivia.singh.7149@shopmail.io,India,2025-03-17,Standard,943.19
7150,Arjun Rossi,arjun.rossi.7150@mail.example.com,United States,2021-12-17,Standard,215.48
7151,Arjun Lee,arjun.lee.7151@customer.co,Canada,2022-08-15,Basic,347.51
7152,Olivia Nguyen,olivia.nguyen.7152@inbox.net,Italy,2019-11-02,Basic,196.55
7153,Ethan Kim,ethan.kim.7153@inbox.net,Italy,2019-06-28,Basic,286.20
7154,Ethan Brown,ethan.brown.7154@inbox.net,Netherlands,2023-01-30,Standard,484.26
7155,Arjun Brown,arjun.brown.7155@customer.co,Germany,2023-05-01,Standard,195.86
7156,Aisha Brown,aisha.brown.7156@customer.co,United States,2020-11-17,Premium,506.94
7157,James Lee,james.lee.7157@shopmail.io,Spain,2024-06-07,Standard,126.69
7158,James Patel,james.patel.7158@shopmail.io,United States,2025-03-15,Premium,182.26
7159,Emma Rossi,emma.rossi.7159@inbox.net,United Kingdom,2023-10-17,Premium,238.58
7160,Chen Nguyen,chen.nguyen.7160@mail.example.com,Germany,2024-03-12,Standard,87.17
7161,Priya Smith,priya.smith.7161@inbox.net,India,2018-12-08,Premium,346.85
7162,Lucas Brown,lucas.brown.7162@inbox.net,India,2022-08-04,Standard,197.33
7163,Chen Wilson,chen.wilson.7163@shopmail.io,France,2024-05-27,Standard,171.84
7164,Chen Kim,chen.kim.7164@mail.example.com,Italy,2024-06-25,Basic,402.76
7165,Lucas Patel,lucas.patel.7165@inbox.net,India,2020-11-09,Premium,171.08
7166,Ethan Taylor,ethan.taylor.7166@shopmail.io,Netherlands,2020-05-08,Standard,128.35
7167,Arjun Nguyen,arjun.nguyen.7167@inbox.net,United States,2021-08-11,Standard,527.73
7168,Liam Singh,liam.singh.7168@customer.co,India,2021-09-02,Premium,365.12
7169,Isabella Garcia,isabella.garcia.7169@customer.co,Netherlands,2019-03-30,Standard,160.39
7170,Olivia Rossi,olivia.rossi.7170@mail.example.com,Netherlands,2020-08-09,Basic,88.62
7171,Mia Martin,mia.martin.7171@inbox.net,Netherlands,2022-07-04,Premium,85.96
7172,Noah Lee,noah.lee.7172@inbox.net,Canada,2019-06-20,Premium,321.01
7173,Aisha Taylor,aisha.taylor.7173@shopmail.io,United States,2024-10-03,Premium,147.26
7174,Liam Patel,liam.patel.7174@inbox.net,Germany,2025-02-07,Premium,148.96
7175,Priya Patel,priya.patel.7175@customer.co,United Kingdom,2018-11-23,Premium,300.90
7176,Mia Kim,mia.kim.7176@shopmail.io,Australia,2021-07-06,Standard,204.25
7177,Maria Singh,maria.singh.7177@shopmail.io,India,2021-05-26,Basic,102.15
7178,Arjun Rossi,arjun.rossi.7178@inbox.net,Australia,2025-08-02,Basic,583.40
7179,Emma Garcia,emma.garcia.7179@mail.example.com,Canada,2020-03-15,Premium,772.66
7180,Arjun Smith,arjun.smith.7180@customer.co,Spain,2024-06-23,Standard,56.70
7181,Ethan Mueller,ethan.mueller.7181@mail.example.com,India,2024-09-14,Standard,339.73
7182,Ethan Martin,ethan.martin.7182@shopmail.io,Netherlands,2018-10-20,Basic,72.09
7183,James Mueller,james.mueller.7183@customer.co,India,2024-01-23,Standard,49.68
7184,Ethan Smith,ethan.smith.7184@inbox.net,Spain,2021-07-10,Basic,174.58
7185,Olivia Dubois,olivia.dubois.7185@inbox.net,Netherlands,2024-12-05,Premium,286.60
7186,Isabella Smith,isabella.smith.7186@inbox.net,Australia,2018-11-07,Standard,974.02
7187,Lucas Martin,lucas.martin.7187@customer.co,Germany,2024-06-23,Standard,488.62
7188,Emma Lee,emma.lee.7188@inbox.net,Netherlands,2020-04-11,Basic,57.52
7189,Aisha Taylor,aisha.taylor.7189@inbox.net,Italy,2021-07-03,Premium,72.87
7190,Priya Mueller,priya.mueller.7190@shopmail.io,United States,2018-05-18,Premium,129.90
7191,Mia Martin,mia.martin.7191@inbox.net,Germany,2020-02-18,Basic,274.64
7192,Aisha Mueller,aisha.mueller.7192@customer.co,Germany,2019-01-17,Standard,266.46
7193,Maria Dubois,maria.dubois.7193@customer.co,Netherlands,2020-06-17,Standard,340.14
7194,Chen Martin,chen.martin.7194@customer.co,India,2018-10-14,Standard,358.27
7195,Emma Dubois,emma.dubois.7195@shopmail.io,United Kingdom,2024-07-08,Premium,111.21
7196,Emma Rossi,emma.rossi.7196@inbox.net,United Kingdom,2023-03-10,Basic,128.39
7197,Liam Smith,liam.smith.7197@mail.example.com,United States,2021-09-22,Standard,309.73
7198,Mia Brown,mia.brown.7198@shopmail.io,Netherlands,2020-05-11,Standard,27.63
7199,Liam Smith,liam.smith.7199@customer.co,Canada,2019-04-24,Standard,605.57
7200,Aisha Khan,aisha.khan.7200@mail.example.com,Australia,2018-08-13,Premium,57.51
7201,Mia Taylor,mia.taylor.7201@shopmail.io,United States,2024-08-15,Basic,365.41
7202,Chen Garcia,chen.garcia.7202@mail.example.com,Netherlands,2019-11-05,Premium,372.05
7203,Ethan Mueller,ethan.mueller.7203@shopmail.io,Canada,2021-10-04,Premium,190.85
7204,Maria Garcia,maria.garcia.7204@shopmail.io,Spain,2021-10-07,Standard,782.43
7205,Sofia Taylor,sofia.taylor.7205@inbox.net,United States,2025-03-28,Standard,306.53
7206,Chen Singh,chen.singh.7206@customer.co,Spain,2022-12-12,Standard,52.30
7207,Arjun Brown,arjun.brown.7207@mail.example.com,Germany,2023-12-11,Basic,179.03
7208,Arjun Smith,arjun.smith.7208@customer.co,Australia,2019-10-09,Basic,1111.94
7209,Mia Patel,mia.patel.7209@customer.co,France,2018-11-20,Premium,477.72
7210,Noah Wilson,noah.wilson.7210@customer.co,Italy,2022-12-23,Premium,187.73
7211,Isabella Patel,isabella.patel.7211@mail.example.com,United States,2021-01-11,Standard,774.07
7212,Chen Wilson,chen.wilson.7212@shopmail.io,Canada,2023-01-22,Standard,318.55
7213,Ethan Brown,ethan.brown.7213@customer.co,United States,2023-08-16,Standard,466.72
7214,Sofia Nguyen,sofia.nguyen.7214@mail.example.com,India,2024-06-08,Standard,253.79
7215,James Mueller,james.mueller.7215@customer.co,Italy,2025-03-08,Standard,514.47
7216,Arjun Taylor,arjun.taylor.7216@mail.example.com,India,2018-06-08,Basic,168.58
7217,Chen Khan,chen.khan.7217@mail.example.com,Australia,2025-08-15,Standard,388.10
7218,Priya Garcia,priya.garcia.7218@mail.example.com,Germany,2018-01-04,Premium,302.33
7219,Isabella Khan,isabella.khan.7219@mail.example.com,Australia,2020-07-30,Standard,244.26
7220,James Garcia,james.garcia.7220@inbox.net,Netherlands,2023-01-13,Basic,151.21
7221,James Nguyen,james.nguyen.7221@shopmail.io,Spain,2021-06-13,Premium,242.05
7222,Maria Martin,maria.martin.7222@shopmail.io,Germany,2022-03-11,Basic,279.97
7223,Aisha Dubois,aisha.dubois.7223@customer.co,United States,2021-05-29,Standard,436.93
7224,Isabella Patel,isabella.patel.7224@mail.example.com,Germany,2025-07-14,Standard,239.13
7225,Arjun Patel,arjun.patel.7225@customer.co,Spain,2021-12-06,Premium,123.38
7226,James Garcia,james.garcia.7226@mail.example.com,United Kingdom,2022-05-12,Standard,785.31
7227,Arjun Taylor,arjun.taylor.7227@inbox.net,France,2018-03-02,Premium,691.30
7228,Ethan Lee,ethan.lee.7228@mail.example.com,Netherlands,2020-02-19,Standard,585.17
7229,Arjun Singh,arjun.singh.7229@shopmail.io,Canada,2018-02-07,Premium,172.63
7230,Liam Mueller,liam.mueller.7230@shopmail.io,Canada,2020-03-30,Basic,1324.73
7231,Noah Patel,noah.patel.7231@shopmail.io,Italy,2018-03-06,Standard,201.94
7232,Liam Kim,liam.kim.7232@inbox.net,Netherlands,2021-11-15,Premium,266.73
7233,Noah Mueller,noah.mueller.7233@shopmail.io,India,2020-09-18,Standard,540.56
7234,Aisha Khan,aisha.khan.7234@mail.example.com,India,2023-09-10,Basic,100.53
7235,Arjun Nguyen,arjun.nguyen.7235@mail.example.com,United Kingdom,2021-05-31,Premium,466.18
7236,Noah Patel,noah.patel.7236@shopmail.io,Netherlands,2020-07-24,Basic,78.75
7237,Mia Rossi,mia.rossi.7237@shopmail.io,United Kingdom,2021-06-02,Premium,524.60
7238,Lucas Khan,lucas.khan.7238@shopmail.io,France,2019-08-03,Standard,250.44
7239,Isabella Mueller,isabella.mueller.7239@inbox.net,Canada,2025-07-13,Standard,684.49
7240,Emma Lee,emma.lee.7240@inbox.net,Germany,2020-11-13,Basic,154.06
7241,Arjun Dubois,arjun.dubois.7241@mail.example.com,France,2020-08-02,Standard,516.54
7242,Chen Mueller,chen.mueller.7242@customer.co,India,2018-03-24,Basic,173.20
7243,Sofia Brown,sofia.brown.7243@customer.co,India,2024-12-04,Standard,142.54
7244,Sofia Lee,sofia.lee.7244@inbox.net,Italy,2019-01-24,Standard,43.56
7245,Aisha Mueller,aisha.mueller.7245@mail.example.com,Germany,2021-10-20,Basic,354.10
7246,Olivia Dubois,olivia.dubois.7246@mail.example.com,Italy,2022-12-18,Premium,163.01
7247,Liam Singh,liam.singh.7247@customer.co,Germany,2020-12-26,Standard,165.50
7248,Maria Mueller,maria.mueller.7248@shopmail.io,India,2018-10-16,Premium,349.07
7249,Arjun Brown,arjun.brown.7249@mail.example.com,Netherlands,2019-10-19,Premium,205.40
7250,Liam Singh,liam.singh.7250@shopmail.io,Italy,2023-05-23,Basic,396.72
7251,Isabella Taylor,isabella.taylor.7251@shopmail.io,Netherlands,2023-04-19,Standard,152.10
7252,Lucas Singh,lucas.singh.7252@shopmail.io,Canada,2019-11-23,Basic,36.88
7253,Emma Taylor,emma.taylor.7253@inbox.net,India,2019-03-11,Standard,336.81
7254,Chen Khan,chen.khan.7254@inbox.net,Netherlands,2024-10-31,Basic,576.17
7255,Ethan Rossi,ethan.rossi.7255@mail.example.com,Italy,2021-06-30,Basic,888.83
7256,Lucas Wilson,lucas.wilson.7256@inbox.net,Australia,2022-07-04,Premium,338.06
7257,Maria Martin,maria.martin.7257@inbox.net,France,2019-08-10,Premium,884.68
7258,Sofia Khan,sofia.khan.7258@shopmail.io,Canada,2023-02-28,Standard,251.94
7259,Maria Brown,maria.brown.7259@inbox.net,Australia,2018-10-12,Standard,203.45
7260,Mia Garcia,mia.garcia.7260@shopmail.io,Spain,2018-04-18,Premium,147.75
7261,Lucas Singh,lucas.singh.7261@inbox.net,United States,2019-04-11,Standard,515.55
7262,Noah Rossi,noah.rossi.7262@shopmail.io,India,2019-05-30,Standard,664.17
7263,Emma Smith,emma.smith.7263@mail.example.com,France,2023-04-19,Standard,756.02
7264,Olivia Rossi,olivia.rossi.7264@shopmail.io,Australia,2021-04-21,Standard,204.46
7265,Arjun Kim,arjun.kim.7265@inbox.net,France,2024-03-08,Standard,639.27
7266,Sofia Wilson,sofia.wilson.7266@mail.example.com,Australia,2018-06-10,Standard,188.08
7267,James Mueller,james.mueller.7267@mail.example.com,India,2025-03-17,Basic,1170.26
7268,Noah Khan,noah.khan.7268@customer.co,Italy,2019-10-03,Standard,171.20
7269,Priya Mueller,priya.mueller.7269@mail.example.com,Australia,2023-11-27,Standard,425.15
7270,Priya Taylor,priya.taylor.7270@inbox.net,United States,2019-11-22,Standard,114.83
7271,Maria Patel,maria.patel.7271@mail.example.com,Germany,2024-01-17,Standard,433.45
7272,Ethan Lee,ethan.lee.7272@inbox.net,Australia,2022-11-15,Basic,57.59
7273,Arjun Lee,arjun.lee.7273@customer.co,Canada,2025-07-30,Standard,238.07
7274,Isabella Taylor,isabella.taylor.7274@shopmail.io,Spain,2020-06-21,Standard,348.74
7275,Aisha Brown,aisha.brown.7275@customer.co,Italy,2020-03-16,Standard,568.86
7276,Liam Singh,liam.singh.7276@shopmail.io,India,2023-03-23,Basic,150.61
7277,Olivia Martin,olivia.martin.7277@mail.example.com,United Kingdom,2021-09-09,Basic,14.73
7278,Mia Nguyen,mia.nguyen.7278@mail.example.com,Italy,2022-04-18,Standard,1602.43
7279,Liam Lee,liam.lee.7279@inbox.net,India,2018-04-23,Premium,207.27
7280,Isabella Khan,isabella.khan.7280@customer.co,Netherlands,2020-07-20,Basic,204.21
7281,James Singh,james.singh.7281@inbox.net,Italy,2023-08-02,Standard,259.36
7282,Lucas Martin,lucas.martin.7282@inbox.net,Italy,2024-07-22,Standard,154.47
7283,Liam Brown,liam.brown.7283@customer.co,India,2021-07-11,Basic,113.92
7284,Olivia Rossi,olivia.rossi.7284@inbox.net,Spain,2021-04-26,Basic,266.73
7285,Arjun Mueller,arjun.mueller.7285@mail.example.com,Canada,2022-03-12,Basic,179.27
7286,Emma Dubois,emma.dubois.7286@inbox.net,France,2024-03-14,Standard,1140.92
7287,Arjun Patel,arjun.patel.7287@inbox.net,Germany,2023-12-09,Standard,202.35
7288,Maria Nguyen,maria.nguyen.7288@shopmail.io,France,2019-10-23,Basic,48.10
7289,Isabella Singh,isabella.singh.7289@mail.example.com,India,2025-01-31,Basic,175.99
7290,Isabella Rossi,isabella.rossi.7290@inbox.net,India,2023-11-14,Standard,291.97
7291,Emma Lee,emma.lee.7291@customer.co,Netherlands,2019-03-24,Standard,33.78
7292,Olivia Khan,olivia.khan.7292@shopmail.io,Canada,2018-06-09,Basic,388.37
7293,Ethan Brown,ethan.brown.7293@inbox.net,Australia,2019-04-10,Premium,1681.99
7294,Maria Khan,maria.khan.7294@customer.co,Canada,2018-08-28,Standard,212.32
7295,Noah Smith,noah.smith.7295@shopmail.io,India,2024-11-23,Premium,114.66
7296,Noah Rossi,noah.rossi.7296@shopmail.io,France,2019-12-19,Basic,1459.39
7297,Isabella Khan,isabella.khan.7297@shopmail.io,Canada,2020-03-03,Premium,94.91
7298,Noah Rossi,noah.rossi.7298@inbox.net,Germany,2022-09-25,Standard,81.96
7299,Emma Patel,emma.patel.7299@inbox.net,United States,2018-10-26,Basic,487.35
7300,Chen Rossi,chen.rossi.7300@customer.co,Australia,2021-04-13,Basic,838.19
7301,Maria Dubois,maria.dubois.7301@mail.example.com,India,2025-03-06,Basic,362.53
7302,Lucas Lee,lucas.lee.7302@shopmail.io,United States,2018-05-10,Standard,860.35
7303,Liam Nguyen,liam.nguyen.7303@inbox.net,Spain,2021-10-06,Standard,422.03
7304,Ethan Garcia,ethan.garcia.7304@inbox.net,Netherlands,2021-06-06,Premium,113.47
7305,Priya Patel,priya.patel.7305@shopmail.io,Canada,2019-08-13,Standard,291.56
7306,James Martin,james.martin.7306@shopmail.io,United Kingdom,2023-08-09,Standard,498.32
7307,James Mueller,james.mueller.7307@inbox.net,United States,2025-06-04,Basic,199.35
7308,Isabella Martin,isabella.martin.7308@inbox.net,Germany,2019-05-25,Basic,363.98
7309,Maria Brown,maria.brown.7309@shopmail.io,India,2022-02-03,Standard,194.29
7310,Ethan Rossi,ethan.rossi.7310@mail.example.com,India,2025-07-07,Standard,695.14
7311,Noah Nguyen,noah.nguyen.7311@inbox.net,India,2019-11-02,Standard,1095.53
7312,Chen Khan,chen.khan.7312@mail.example.com,United States,2019-07-25,Basic,88.66
7313,Maria Kim,maria.kim.7313@inbox.net,France,2024-10-02,Basic,384.09
7314,Ethan Mueller,ethan.mueller.7314@mail.example.com,Canada,2022-06-13,Standard,134.96
7315,James Khan,james.khan.7315@inbox.net,Canada,2018-03-05,Standard,367.51
7316,Lucas Singh,lucas.singh.7316@mail.example.com,Netherlands,2022-02-20,Standard,170.15
7317,Noah Brown,noah.brown.7317@shopmail.io,France,2024-07-18,Basic,210.03
7318,Mia Garcia,mia.garcia.7318@inbox.net,United Kingdom,2018-06-13,Standard,1097.28
7319,Isabella Kim,isabella.kim.7319@mail.example.com,Spain,2023-02-26,Premium,107.07
7320,Chen Brown,chen.brown.7320@customer.co,United Kingdom,2019-04-14,Standard,1678.44
7321,Ethan Kim,ethan.kim.7321@mail.example.com,Italy,2018-03-17,Basic,487.21
7322,Liam Nguyen,liam.nguyen.7322@mail.example.com,Italy,2020-09-22,Standard,232.66
7323,James Mueller,james.mueller.7323@customer.co,Germany,2023-05-13,Premium,299.83
7324,Aisha Patel,aisha.patel.7324@customer.co,India,2023-07-06,Premium,427.31
7325,Mia Garcia,mia.garcia.7325@customer.co,United States,2020-10-14,Premium,81.38
7326,Arjun Taylor,arjun.taylor.7326@shopmail.io,Germany,2020-01-13,Standard,392.12
7327,Liam Rossi,liam.rossi.7327@customer.co,United States,2022-06-27,Premium,488.53
7328,Noah Dubois,noah.dubois.7328@shopmail.io,Germany,2019-07-04,Basic,102.64
7329,James Dubois,james.dubois.7329@customer.co,Spain,2022-05-03,Standard,1097.24
7330,Maria Taylor,maria.taylor.7330@mail.example.com,Canada,2020-06-17,Premium,458.98
7331,Chen Khan,chen.khan.7331@customer.co,Australia,2022-03-27,Premium,87.97
7332,Lucas Smith,lucas.smith.7332@inbox.net,United Kingdom,2023-01-25,Basic,254.37
7333,Olivia Smith,olivia.smith.7333@shopmail.io,Spain,2021-06-11,Standard,501.52
7334,Emma Wilson,emma.wilson.7334@shopmail.io,India,2022-01-30,Premium,863.50
7335,Ethan Khan,ethan.khan.7335@inbox.net,Germany,2023-05-18,Standard,107.37
7336,Arjun Lee,arjun.lee.7336@mail.example.com,United Kingdom,2022-11-28,Basic,137.82
7337,Chen Dubois,chen.dubois.7337@shopmail.io,India,2018-10-20,Premium,888.73
7338,Noah Singh,noah.singh.7338@inbox.net,United States,2019-09-11,Premium,717.04
7339,Chen Martin,chen.martin.7339@shopmail.io,United States,2024-06-28,Standard,100.04
7340,Maria Mueller,maria.mueller.7340@shopmail.io,Spain,2020-11-11,Basic,778.90
7341,Arjun Patel,arjun.patel.7341@mail.example.com,United Kingdom,2023-10-16,Basic,423.94
7342,Ethan Garcia,ethan.garcia.7342@shopmail.io,Italy,2023-03-11,Standard,236.85
7343,Chen Rossi,chen.rossi.7343@inbox.net,Netherlands,2018-10-26,Standard,233.45
7344,Aisha Dubois,aisha.dubois.7344@shopmail.io,Spain,2023-04-06,Basic,398.80
7345,Priya Brown,priya.brown.7345@inbox.net,Canada,2019-10-07,Standard,1266.19
7346,Lucas Singh,lucas.singh.7346@inbox.net,Spain,2022-02-17,Basic,559.30
7347,Chen Nguyen,chen.nguyen.7347@mail.example.com,France,2019-05-17,Standard,303.99
7348,Arjun Martin,arjun.martin.7348@customer.co,United Kingdom,2024-07-13,Standard,321.23
7349,Sofia Mueller,sofia.mueller.7349@customer.co,Canada,2018-06-19,Standard,136.72
7350,Chen Nguyen,chen.nguyen.7350@customer.co,Spain,2021-08-24,Basic,1215.97
7351,Aisha Patel,aisha.patel.7351@customer.co,India,2018-02-15,Standard,849.96
7352,Olivia Martin,olivia.martin.7352@mail.example.com,Netherlands,2022-11-17,Standard,645.71
7353,Olivia Kim,olivia.kim.7353@mail.example.com,United Kingdom,2018-02-17,Standard,93.45
7354,Arjun Dubois,arjun.dubois.7354@mail.example.com,Italy,2023-11-01,Standard,98.08
7355,Ethan Wilson,ethan.wilson.7355@shopmail.io,United Kingdom,2022-09-13,Basic,153.63
7356,Olivia Martin,olivia.martin.7356@mail.example.com,India,2021-03-23,Premium,563.62
7357,Ethan Patel,ethan.patel.7357@mail.example.com,Italy,2022-03-24,Basic,158.29
7358,Liam Wilson,liam.wilson.7358@inbox.net,India,2018-09-25,Standard,42.53
7359,Arjun Khan,arjun.khan.7359@customer.co,Spain,2021-04-16,Basic,67.99
7360,Chen Nguyen,chen.nguyen.7360@customer.co,Netherlands,2020-03-25,Premium,130.72
7361,Lucas Rossi,lucas.rossi.7361@customer.co,Spain,2025-05-02,Premium,260.24
7362,Ethan Taylor,ethan.taylor.7362@customer.co,United Kingdom,2020-08-23,Standard,135.79
7363,Aisha Kim,aisha.kim.7363@customer.co,Canada,2020-03-15,Premium,403.48
7364,Chen Kim,chen.kim.7364@customer.co,United Kingdom,2022-09-10,Premium,210.84
7365,Ethan Singh,ethan.singh.7365@inbox.net,Netherlands,2023-05-28,Standard,787.10
7366,Isabella Garcia,isabella.garcia.7366@customer.co,Germany,2023-03-22,Basic,246.21
7367,Arjun Patel,arjun.patel.7367@inbox.net,Canada,2021-12-26,Basic,418.19
7368,Sofia Martin,sofia.martin.7368@shopmail.io,Canada,2023-06-18,Standard,251.97
7369,Noah Dubois,noah.dubois.7369@customer.co,Canada,2018-01-02,Standard,158.09
7370,Noah Brown,noah.brown.7370@shopmail.io,Australia,2020-06-06,Standard,393.03
7371,Chen Taylor,chen.taylor.7371@mail.example.com,United Kingdom,2019-02-06,Premium,273.96
7372,Priya Lee,priya.lee.7372@shopmail.io,Italy,2024-02-05,Basic,240.69
7373,Lucas Kim,lucas.kim.7373@inbox.net,Australia,2023-01-07,Basic,90.01
7374,Mia Wilson,mia.wilson.7374@mail.example.com,India,2018-07-15,Premium,119.85
7375,Maria Taylor,maria.taylor.7375@mail.example.com,India,2024-08-24,Basic,214.97
7376,Sofia Taylor,sofia.taylor.7376@mail.example.com,France,2019-05-11,Premium,512.16
7377,Olivia Khan,olivia.khan.7377@mail.example.com,India,2020-07-05,Standard,497.64
7378,Chen Garcia,chen.garcia.7378@shopmail.io,France,2022-09-27,Basic,158.71
7379,Noah Wilson,noah.wilson.7379@shopmail.io,United Kingdom,2023-08-02,Basic,475.96
7380,Priya Rossi,priya.rossi.7380@mail.example.com,France,2018-04-23,Standard,440.08
7381,Arjun Martin,arjun.martin.7381@mail.example.com,Australia,2025-03-10,Standard,73.37
7382,Olivia Patel,olivia.patel.7382@customer.co,India,2019-07-30,Standard,217.84
7383,Aisha Dubois,aisha.dubois.7383@inbox.net,India,2023-10-12,Standard,307.99
7384,Olivia Nguyen,olivia.nguyen.7384@inbox.net,Canada,2021-08-23,Basic,33.53
7385,Olivia Garcia,olivia.garcia.7385@inbox.net,France,2020-10-14,Standard,31.08
7386,Aisha Dubois,aisha.dubois.7386@inbox.net,Germany,2020-08-22,Premium,222.09
7387,Liam Lee,liam.lee.7387@mail.example.com,United Kingdom,2019-05-31,Premium,92.05
7388,Priya Taylor,priya.taylor.7388@mail.example.com,United States,2019-03-21,Basic,681.44
7389,Maria Garcia,maria.garcia.7389@mail.example.com,Spain,2023-07-21,Standard,91.77
7390,Lucas Lee,lucas.lee.7390@inbox.net,France,2023-01-20,Standard,161.76
7391,James Singh,james.singh.7391@inbox.net,France,2023-02-11,Premium,84.75
7392,Lucas Nguyen,lucas.nguyen.7392@customer.co,India,2019-11-09,Premium,524.26
7393,Chen Garcia,chen.garcia.7393@inbox.net,India,2018-05-26,Standard,520.34
7394,James Rossi,james.rossi.7394@mail.example.com,Germany,2022-04-08,Standard,314.03
7395,Maria Rossi,maria.rossi.7395@customer.co,United Kingdom,2024-02-07,Standard,275.70
7396,Isabella Wilson,isabella.wilson.7396@mail.example.com,Canada,2023-09-19,Standard,461.59
7397,Ethan Khan,ethan.khan.7397@inbox.net,Italy,2022-02-20,Standard,200.34
7398,Liam Lee,liam.lee.7398@mail.example.com,Germany,2020-10-04,Standard,175.07
7399,Liam Smith,liam.smith.7399@customer.co,United States,2025-01-20,Premium,66.85
7400,Maria Nguyen,maria.nguyen.7400@customer.co,Germany,2018-04-06,Premium,193.48
7401,Maria Garcia,maria.garcia.7401@mail.example.com,Italy,2021-05-16,Basic,190.13
7402,Aisha Mueller,aisha.mueller.7402@mail.example.com,Italy,2024-02-21,Premium,31.20
7403,Priya Nguyen,priya.nguyen.7403@customer.co,United Kingdom,2025-07-04,Standard,443.28
7404,Lucas Kim,lucas.kim.7404@inbox.net,United Kingdom,2025-02-24,Basic,350.61
7405,Aisha Brown,aisha.brown.7405@inbox.net,Spain,2024-08-23,Basic,245.41
7406,Sofia Kim,sofia.kim.7406@shopmail.io,Australia,2023-12-26,Basic,542.59
7407,Sofia Wilson,sofia.wilson.7407@customer.co,United Kingdom,2021-07-13,Standard,123.51
7408,Liam Patel,liam.patel.7408@shopmail.io,Canada,2020-08-21,Basic,128.98
7409,James Taylor,james.taylor.7409@mail.example.com,India,2020-12-13,Standard,279.94
7410,Priya Patel,priya.patel.7410@customer.co,United States,2024-05-14,Basic,85.08
7411,Arjun Lee,arjun.lee.7411@customer.co,Netherlands,2024-06-08,Standard,35.47
7412,Priya Smith,priya.smith.7412@inbox.net,France,2024-06-04,Premium,254.70
7413,Sofia Taylor,sofia.taylor.7413@shopmail.io,Italy,2022-05-13,Standard,105.77
7414,Sofia Kim,sofia.kim.7414@mail.example.com,Italy,2024-03-14,Standard,214.99
7415,Sofia Wilson,sofia.wilson.7415@customer.co,United Kingdom,2023-11-24,Standard,144.25
7416,Aisha Mueller,aisha.mueller.7416@customer.co,Canada,2025-02-11,Standard,74.50
7417,Emma Lee,emma.lee.7417@customer.co,United States,2020-09-11,Premium,486.39
7418,Priya Kim,priya.kim.7418@customer.co,United States,2019-09-26,Standard,113.47
7419,Mia Patel,mia.patel.7419@mail.example.com,Canada,2022-05-13,Premium,155.71
7420,James Brown,james.brown.7420@shopmail.io,United States,2024-12-15,Standard,1128.02
7421,Noah Brown,noah.brown.7421@mail.example.com,India,2022-03-20,Basic,494.79
7422,Arjun Smith,arjun.smith.7422@shopmail.io,Italy,2018-06-13,Standard,157.47
7423,Liam Nguyen,liam.nguyen.7423@shopmail.io,France,2020-03-01,Standard,151.39
7424,Maria Rossi,maria.rossi.7424@mail.example.com,Spain,2019-05-25,Basic,581.70
7425,Maria Lee,maria.lee.7425@inbox.net,France,2024-02-24,Basic,61.65
7426,James Dubois,james.dubois.7426@mail.example.com,Italy,2022-07-09,Premium,211.10
7427,Olivia Khan,olivia.khan.7427@inbox.net,Spain,2025-05-30,Basic,202.97
7428,Olivia Mueller,olivia.mueller.7428@shopmail.io,France,2023-12-21,Basic,222.68
7429,Maria Lee,maria.lee.7429@mail.example.com,United Kingdom,2021-01-08,Premium,121.67
7430,James Nguyen,james.nguyen.7430@customer.co,Netherlands,2025-05-12,Standard,156.39
7431,Aisha Taylor,aisha.taylor.7431@shopmail.io,Netherlands,2019-12-30,Basic,147.56
7432,Sofia Martin,sofia.martin.7432@customer.co,Spain,2021-02-26,Standard,744.33
7433,Ethan Brown,ethan.brown.7433@inbox.net,United States,2019-03-29,Premium,310.95
7434,Emma Kim,emma.kim.7434@customer.co,United States,2021-11-16,Standard,167.09
7435,Maria Lee,maria.lee.7435@inbox.net,United Kingdom,2021-05-17,Standard,212.26
7436,Chen Brown,chen.brown.7436@inbox.net,Netherlands,2023-05-10,Basic,119.77
7437,Isabella Martin,isabella.martin.7437@mail.example.com,United Kingdom,2018-03-07,Premium,58.42
7438,Olivia Smith,olivia.smith.7438@inbox.net,Canada,2024-12-06,Premium,1090.06
7439,Maria Kim,maria.kim.7439@customer.co,India,2020-12-25,Basic,368.71
7440,Chen Nguyen,chen.nguyen.7440@inbox.net,Netherlands,2024-07-20,Premium,184.60
7441,Mia Patel,mia.patel.7441@customer.co,India,2021-11-10,Premium,482.41
7442,Noah Kim,noah.kim.7442@shopmail.io,Canada,2024-02-18,Basic,220.87
7443,Olivia Rossi,olivia.rossi.7443@inbox.net,United States,2022-05-13,Premium,521.41
7444,Noah Dubois,noah.dubois.7444@inbox.net,Spain,2023-04-19,Premium,354.31
7445,Liam Mueller,liam.mueller.7445@customer.co,Germany,2019-01-18,Premium,87.93
7446,Emma Martin,emma.martin.7446@shopmail.io,United Kingdom,2024-12-22,Premium,416.52
7447,Liam Smith,liam.smith.7447@mail.example.com,France,2022-11-07,Standard,213.83
7448,Emma Patel,emma.patel.7448@customer.co,Italy,2025-06-30,Standard,356.83
7449,Arjun Taylor,arjun.taylor.7449@mail.example.com,Germany,2022-04-22,Standard,965.17
7450,Arjun Kim,arjun.kim.7450@customer.co,United Kingdom,2021-06-09,Standard,328.75
7451,Sofia Lee,sofia.lee.7451@shopmail.io,France,2020-03-12,Basic,145.13
7452,Mia Smith,mia.smith.7452@shopmail.io,Canada,2019-11-28,Standard,252.34
7453,Mia Rossi,mia.rossi.7453@customer.co,Italy,2023-01-01,Standard,482.78
7454,Priya Lee,priya.lee.7454@inbox.net,France,2025-05-22,Standard,166.77
7455,Liam Brown,liam.brown.7455@customer.co,Italy,2019-05-12,Standard,135.97
7456,Aisha Patel,aisha.patel.7456@mail.example.com,Spain,2019-01-18,Premium,132.53
7457,Sofia Dubois,sofia.dubois.7457@mail.example.com,Germany,2020-03-11,Basic,158.87
7458,Noah Khan,noah.khan.7458@mail.example.com,Spain,2025-05-15,Basic,282.05
7459,Olivia Garcia,olivia.garcia.7459@mail.example.com,France,2025-05-13,Standard,137.84
7460,Ethan Nguyen,ethan.nguyen.7460@customer.co,Australia,2023-01-16,Basic,49.16
7461,James Kim,james.kim.7461@mail.example.com,United Kingdom,2025-05-01,Premium,165.01
7462,Aisha Wilson,aisha.wilson.7462@shopmail.io,United States,2023-09-25,Premium,185.82
7463,Maria Mueller,maria.mueller.7463@customer.co,Netherlands,2021-02-03,Premium,139.18
7464,Lucas Nguyen,lucas.nguyen.7464@inbox.net,France,2025-03-11,Standard,431.88
7465,Aisha Smith,aisha.smith.7465@customer.co,Netherlands,2023-12-14,Premium,578.04
7466,Maria Wilson,maria.wilson.7466@customer.co,Australia,2025-02-18,Standard,284.37
7467,Priya Dubois,priya.dubois.7467@inbox.net,Canada,2019-09-24,Premium,165.86
7468,Maria Khan,maria.khan.7468@inbox.net,Germany,2019-12-12,Standard,505.81
7469,Arjun Lee,arjun.lee.7469@mail.example.com,Italy,2022-07-19,Premium,451.87
7470,Lucas Khan,lucas.khan.7470@mail.example.com,Spain,2025-06-03,Standard,113.91
7471,James Khan,james.khan.7471@mail.example.com,Italy,2021-01-24,Standard,179.55
7472,Isabella Garcia,isabella.garcia.7472@inbox.net,United Kingdom,2024-11-17,Premium,847.04
7473,Ethan Smith,ethan.smith.7473@inbox.net,Australia,2024-06-17,Basic,360.62
7474,Lucas Patel,lucas.patel.7474@mail.example.com,Australia,2023-01-08,Standard,716.34
7475,Mia Mueller,mia.mueller.7475@mail.example.com,Italy,2023-11-25,Standard,616.30
7476,Mia Brown,mia.brown.7476@customer.co,United Kingdom,2022-10-09,Standard,629.61
7477,Olivia Garcia,olivia.garcia.7477@customer.co,Netherlands,2024-11-11,Premium,415.51
7478,Liam Khan,liam.khan.7478@customer.co,United Kingdom,2025-06-22,Premium,526.30
7479,Sofia Smith,sofia.smith.7479@mail.example.com,United Kingdom,2024-02-04,Standard,592.60
7480,Olivia Lee,olivia.lee.7480@inbox.net,Spain,2023-06-30,Premium,114.76
7481,Aisha Mueller,aisha.mueller.7481@inbox.net,India,2023-01-29,Standard,121.08
7482,Sofia Singh,sofia.singh.7482@customer.co,Canada,2018-04-10,Standard,377.64
7483,Chen Kim,chen.kim.7483@customer.co,Germany,2022-04-26,Premium,396.98
7484,Olivia Kim,olivia.kim.7484@customer.co,Netherlands,2019-01-25,Standard,455.10
7485,Aisha Wilson,aisha.wilson.7485@inbox.net,United States,2018-07-06,Basic,677.67
7486,Maria Brown,maria.brown.7486@shopmail.io,Germany,2021-01-14,Standard,180.34
7487,Mia Lee,mia.lee.7487@inbox.net,Spain,2024-11-20,Basic,96.54
7488,Priya Kim,priya.kim.7488@inbox.net,India,2018-07-30,Premium,412.71
7489,Liam Smith,liam.smith.7489@shopmail.io,Germany,2021-12-02,Standard,430.25
7490,Isabella Rossi,isabella.rossi.7490@inbox.net,Germany,2019-05-02,Basic,351.91
7491,Arjun Smith,arjun.smith.7491@shopmail.io,Netherlands,2019-06-15,Basic,272.23
7492,Emma Khan,emma.khan.7492@inbox.net,Australia,2021-01-28,Premium,764.60
7493,Mia Rossi,mia.rossi.7493@shopmail.io,United States,2020-09-12,Standard,157.24
7494,Emma Nguyen,emma.nguyen.7494@mail.example.com,Spain,2023-10-17,Standard,232.66
7495,Aisha Smith,aisha.smith.7495@customer.co,Spain,2019-05-19,Basic,269.55
7496,Arjun Singh,arjun.singh.7496@customer.co,Germany,2023-01-01,Basic,406.26
7497,Lucas Rossi,lucas.rossi.7497@shopmail.io,Netherlands,2024-11-27,Basic,38.46
7498,Olivia Khan,olivia.khan.7498@shopmail.io,France,2024-06-26,Basic,430.00
7499,Emma Rossi,emma.rossi.7499@inbox.net,United States,2018-10-11,Basic,482.80
7500,Sofia Lee,sofia.lee.7500@customer.co,Canada,2020-10-15,Premium,711.80
7501,Maria Smith,maria.smith.7501@shopmail.io,United Kingdom,2018-03-30,Basic,73.52
7502,Mia Kim,mia.kim.7502@mail.example.com,United States,2024-08-08,Basic,187.83
7503,Chen Martin,chen.martin.7503@shopmail.io,Netherlands,2018-04-09,Standard,1013.48
7504,Isabella Rossi,isabella.rossi.7504@mail.example.com,Australia,2021-06-12,Standard,722.86
7505,Sofia Smith,sofia.smith.7505@inbox.net,Australia,2024-09-19,Basic,387.45
7506,Olivia Khan,olivia.khan.7506@customer.co,India,2025-05-08,Basic,124.84
7507,Emma Mueller,emma.mueller.7507@inbox.net,Canada,2019-11-08,Standard,136.67
7508,Arjun Nguyen,arjun.nguyen.7508@inbox.net,Canada,2019-07-23,Premium,1179.40
7509,Noah Nguyen,noah.nguyen.7509@customer.co,United States,2022-07-27,Basic,443.34
7510,Noah Khan,noah.khan.7510@mail.example.com,United Kingdom,2022-11-09,Premium,117.56
7511,Priya Smith,priya.smith.7511@mail.example.com,Spain,2019-03-07,Basic,66.94
7512,Maria Martin,maria.martin.7512@mail.example.com,United States,2024-07-21,Standard,227.46
7513,Arjun Brown,arjun.brown.7513@customer.co,Netherlands,2020-01-10,Standard,348.46
7514,Lucas Smith,lucas.smith.7514@customer.co,United Kingdom,2018-05-23,Premium,204.91
7515,Mia Rossi,mia.rossi.7515@customer.co,Canada,2018-01-18,Premium,162.73
7516,Priya Nguyen,priya.nguyen.7516@customer.co,Germany,2024-06-05,Basic,1275.34
7517,Isabella Brown,isabella.brown.7517@customer.co,Netherlands,2019-07-18,Basic,428.98
7518,Isabella Singh,isabella.singh.7518@mail.example.com,Canada,2020-12-30,Standard,270.13
7519,Noah Garcia,noah.garcia.7519@customer.co,Netherlands,2018-10-28,Premium,78.49
7520,Ethan Rossi,ethan.rossi.7520@customer.co,Germany,2025-01-11,Premium,207.06
7521,Maria Mueller,maria.mueller.7521@inbox.net,Spain,2018-11-14,Premium,112.51
7522,Arjun Kim,arjun.kim.7522@shopmail.io,Italy,2018-02-10,Basic,859.49
7523,Emma Smith,emma.smith.7523@shopmail.io,Canada,2019-08-09,Premium,143.89
7524,Liam Singh,liam.singh.7524@shopmail.io,Germany,2019-06-08,Premium,339.35
7525,Sofia Martin,sofia.martin.7525@customer.co,United States,2018-04-26,Standard,394.43
7526,Liam Wilson,liam.wilson.7526@shopmail.io,Canada,2019-04-26,Standard,1037.39
7527,Liam Kim,liam.kim.7527@customer.co,India,2022-06-05,Standard,388.29
7528,Aisha Rossi,aisha.rossi.7528@inbox.net,Italy,2021-01-23,Standard,153.49
7529,Ethan Singh,ethan.singh.7529@customer.co,India,2025-05-27,Standard,199.74
7530,Noah Singh,noah.singh.7530@mail.example.com,India,2024-07-20,Standard,67.13
7531,Isabella Khan,isabella.khan.7531@customer.co,Australia,2020-03-28,Basic,109.32
7532,Lucas Garcia,lucas.garcia.7532@customer.co,India,2019-01-25,Basic,331.19
7533,James Smith,james.smith.7533@mail.example.com,United States,2021-10-01,Standard,251.50
7534,Arjun Taylor,arjun.taylor.7534@inbox.net,Australia,2018-11-06,Premium,353.89
7535,Isabella Mueller,isabella.mueller.7535@mail.example.com,Spain,2020-07-18,Standard,54.52
7536,Emma Brown,emma.brown.7536@mail.example.com,United States,2021-08-07,Standard,360.40
7537,Emma Taylor,emma.taylor.7537@customer.co,United States,2025-05-18,Standard,93.40
7538,Mia Kim,mia.kim.7538@customer.co,Germany,2019-09-04,Basic,538.04
7539,Lucas Wilson,lucas.wilson.7539@customer.co,United States,2020-02-23,Premium,352.60
7540,Isabella Patel,isabella.patel.7540@customer.co,Italy,2024-11-20,Premium,28.59
7541,Arjun Dubois,arjun.dubois.7541@customer.co,United Kingdom,2024-10-24,Basic,275.06
7542,Lucas Singh,lucas.singh.7542@shopmail.io,India,2018-07-08,Premium,196.37
7543,Maria Taylor,maria.taylor.7543@shopmail.io,Germany,2024-02-23,Premium,578.15
7544,James Lee,james.lee.7544@shopmail.io,India,2018-10-18,Standard,341.40
7545,Mia Mueller,mia.mueller.7545@mail.example.com,Netherlands,2024-07-01,Standard,1139.75
7546,Chen Wilson,chen.wilson.7546@mail.example.com,United Kingdom,2019-02-12,Premium,216.85
7547,Arjun Wilson,arjun.wilson.7547@mail.example.com,Netherlands,2020-08-18,Standard,662.41
7548,Emma Smith,emma.smith.7548@customer.co,Australia,2018-06-20,Premium,167.77
7549,Arjun Kim,arjun.kim.7549@inbox.net,France,2018-12-27,Standard,377.93
7550,Aisha Lee,aisha.lee.7550@customer.co,France,2020-11-11,Premium,2134.51
7551,Lucas Lee,lucas.lee.7551@mail.example.com,France,2022-03-25,Standard,333.73
7552,Chen Patel,chen.patel.7552@customer.co,United States,2022-04-22,Standard,3946.57
7553,James Patel,james.patel.7553@shopmail.io,United States,2021-11-06,Basic,85.48
7554,Lucas Taylor,lucas.taylor.7554@inbox.net,Australia,2020-06-19,Standard,272.34
7555,Ethan Kim,ethan.kim.7555@mail.example.com,France,2020-02-13,Standard,77.03
7556,Sofia Kim,sofia.kim.7556@inbox.net,Australia,2019-03-31,Standard,530.40
7557,Olivia Smith,olivia.smith.7557@customer.co,Spain,2019-08-05,Standard,219.42
7558,Sofia Nguyen,sofia.nguyen.7558@inbox.net,United Kingdom,2019-08-01,Standard,474.10
7559,Aisha Dubois,aisha.dubois.7559@mail.example.com,Australia,2018-01-19,Basic,154.85
7560,Emma Khan,emma.khan.7560@inbox.net,Germany,2024-05-05,Standard,487.05
7561,Liam Lee,liam.lee.7561@inbox.net,France,2019-02-05,Standard,134.04
7562,Mia Dubois,mia.dubois.7562@shopmail.io,Spain,2022-06-13,Standard,309.42
7563,Aisha Kim,aisha.kim.7563@mail.example.com,United Kingdom,2025-07-01,Standard,225.54
7564,Maria Garcia,maria.garcia.7564@shopmail.io,Italy,2020-07-20,Premium,58.10
7565,Ethan Mueller,ethan.mueller.7565@shopmail.io,Spain,2023-09-25,Premium,223.39
7566,Maria Khan,maria.khan.7566@inbox.net,United States,2021-04-18,Standard,156.77
7567,James Garcia,james.garcia.7567@inbox.net,United States,2022-04-25,Standard,228.20
7568,Liam Taylor,liam.taylor.7568@shopmail.io,Italy,2024-08-09,Premium,119.85
7569,Isabella Garcia,isabella.garcia.7569@mail.example.com,India,2024-02-16,Standard,141.82
7570,Olivia Mueller,olivia.mueller.7570@shopmail.io,Italy,2022-05-14,Standard,333.00
7571,James Brown,james.brown.7571@shopmail.io,France,2024-12-15,Standard,462.00
7572,Maria Rossi,maria.rossi.7572@inbox.net,Canada,2021-12-24,Premium,717.62
7573,Isabella Mueller,isabella.mueller.7573@mail.example.com,France,2025-06-11,Basic,173.37
7574,Maria Lee,maria.lee.7574@inbox.net,Australia,2024-07-13,Standard,658.24
7575,Chen Singh,chen.singh.7575@mail.example.com,Germany,2024-10-18,Standard,296.88
7576,Priya Brown,priya.brown.7576@shopmail.io,Netherlands,2023-07-23,Standard,604.07
7577,Maria Rossi,maria.rossi.7577@mail.example.com,Italy,2024-08-02,Basic,194.91
7578,Liam Patel,liam.patel.7578@inbox.net,Netherlands,2019-10-21,Basic,143.63
7579,Ethan Patel,ethan.patel.7579@customer.co,United States,2019-04-22,Premium,245.85
7580,Isabella Mueller,isabella.mueller.7580@shopmail.io,United Kingdom,2024-08-19,Standard,450.12
7581,Isabella Brown,isabella.brown.7581@shopmail.io,Spain,2020-11-24,Premium,335.77
7582,Lucas Mueller,lucas.mueller.7582@mail.example.com,Spain,2018-04-30,Basic,108.81
7583,Liam Nguyen,liam.nguyen.7583@shopmail.io,United Kingdom,2025-02-18,Standard,309.79
7584,Arjun Lee,arjun.lee.7584@inbox.net,Australia,2022-10-02,Basic,322.03
7585,Isabella Martin,isabella.martin.7585@shopmail.io,Netherlands,2018-04-07,Basic,206.45
7586,Liam Singh,liam.singh.7586@shopmail.io,Australia,2018-04-03,Premium,700.40
7587,Noah Khan,noah.khan.7587@inbox.net,Italy,2025-05-30,Standard,267.72
7588,Sofia Patel,sofia.patel.7588@customer.co,United States,2022-02-08,Standard,381.24
7589,Sofia Taylor,sofia.taylor.7589@customer.co,Australia,2019-10-04,Standard,200.26
7590,Arjun Garcia,arjun.garcia.7590@mail.example.com,Germany,2022-02-03,Standard,328.80
7591,Priya Rossi,priya.rossi.7591@customer.co,Australia,2021-03-12,Basic,124.48
7592,Chen Garcia,chen.garcia.7592@inbox.net,Germany,2024-06-24,Basic,99.14
7593,Maria Garcia,maria.garcia.7593@inbox.net,Netherlands,2020-09-03,Standard,1479.51
7594,Aisha Lee,aisha.lee.7594@mail.example.com,India,2020-06-01,Standard,471.42
7595,Chen Kim,chen.kim.7595@customer.co,Australia,2023-05-08,Premium,333.64
7596,Isabella Brown,isabella.brown.7596@mail.example.com,India,2022-08-23,Premium,301.64
7597,Chen Patel,chen.patel.7597@inbox.net,Canada,2024-04-02,Basic,501.57
7598,Lucas Brown,lucas.brown.7598@shopmail.io,United States,2020-05-20,Standard,136.12
7599,Noah Brown,noah.brown.7599@mail.example.com,Germany,2022-04-30,Standard,578.03
7600,Priya Taylor,priya.taylor.7600@customer.co,United States,2021-09-28,Standard,92.94
7601,Aisha Khan,aisha.khan.7601@customer.co,Germany,2020-02-03,Premium,328.08
7602,Olivia Taylor,olivia.taylor.7602@shopmail.io,Netherlands,2021-01-21,Standard,206.08
7603,Mia Brown,mia.brown.7603@mail.example.com,Australia,2024-04-16,Premium,149.30
7604,Isabella Taylor,isabella.taylor.7604@shopmail.io,Australia,2018-12-30,Premium,254.61
7605,Emma Patel,emma.patel.7605@inbox.net,Canada,2021-10-19,Standard,69.20
7606,James Wilson,james.wilson.7606@inbox.net,Canada,2025-05-31,Basic,69.53
7607,Liam Smith,liam.smith.7607@mail.example.com,Germany,2025-08-19,Basic,531.48
7608,Sofia Kim,sofia.kim.7608@customer.co,Germany,2020-12-01,Basic,51.17
7609,Priya Smith,priya.smith.7609@shopmail.io,United States,2019-04-11,Basic,988.94
7610,Sofia Taylor,sofia.taylor.7610@shopmail.io,Italy,2021-12-07,Premium,258.54
7611,Aisha Patel,aisha.patel.7611@mail.example.com,Australia,2019-06-06,Premium,192.46
7612,Chen Dubois,chen.dubois.7612@mail.example.com,Spain,2024-05-02,Basic,484.28
7613,Noah Smith,noah.smith.7613@inbox.net,India,2023-03-31,Standard,174.36
7614,James Lee,james.lee.7614@mail.example.com,India,2018-08-06,Basic,564.39
7615,Mia Nguyen,mia.nguyen.7615@mail.example.com,Australia,2019-01-27,Basic,86.41
7616,Maria Taylor,maria.taylor.7616@mail.example.com,Canada,2021-02-22,Standard,269.85
7617,James Singh,james.singh.7617@mail.example.com,Netherlands,2020-02-18,Standard,464.82
7618,Lucas Garcia,lucas.garcia.7618@customer.co,Germany,2019-09-28,Basic,212.48
7619,Liam Lee,liam.lee.7619@inbox.net,Spain,2024-05-08,Basic,401.70
7620,Chen Wilson,chen.wilson.7620@customer.co,Germany,2023-04-17,Basic,136.11
7621,Aisha Taylor,aisha.taylor.7621@customer.co,India,2018-04-21,Standard,519.54
7622,Lucas Dubois,lucas.dubois.7622@customer.co,India,2023-09-23,Standard,1028.16
7623,Priya Wilson,priya.wilson.7623@customer.co,Netherlands,2024-05-13,Standard,159.96
7624,Priya Rossi,priya.rossi.7624@shopmail.io,Italy,2020-11-01,Standard,272.92
7625,Arjun Mueller,arjun.mueller.7625@mail.example.com,Netherlands,2025-04-25,Basic,360.09
7626,Lucas Taylor,lucas.taylor.7626@customer.co,Canada,2024-09-07,Standard,169.28
7627,Priya Martin,priya.martin.7627@inbox.net,United Kingdom,2021-06-22,Premium,121.17
7628,Priya Brown,priya.brown.7628@mail.example.com,United Kingdom,2023-09-11,Basic,264.57
7629,Aisha Singh,aisha.singh.7629@mail.example.com,Spain,2024-09-25,Standard,290.29
7630,Olivia Patel,olivia.patel.7630@mail.example.com,United Kingdom,2019-03-30,Standard,476.11
7631,James Mueller,james.mueller.7631@customer.co,Canada,2020-11-11,Standard,252.97
7632,Sofia Wilson,sofia.wilson.7632@shopmail.io,United Kingdom,2018-09-21,Basic,105.09
7633,Ethan Lee,ethan.lee.7633@shopmail.io,India,2021-12-19,Basic,644.62
7634,Mia Khan,mia.khan.7634@inbox.net,Germany,2025-08-19,Standard,192.72
7635,Mia Wilson,mia.wilson.7635@inbox.net,India,2021-05-07,Premium,261.81
7636,Lucas Khan,lucas.khan.7636@customer.co,Australia,2022-10-26,Premium,139.93
7637,Isabella Rossi,isabella.rossi.7637@customer.co,Italy,2020-08-06,Basic,322.21
7638,Sofia Mueller,sofia.mueller.7638@inbox.net,India,2018-10-23,Standard,513.22
7639,Ethan Lee,ethan.lee.7639@inbox.net,Netherlands,2020-10-08,Basic,364.93
7640,Maria Patel,maria.patel.7640@inbox.net,Australia,2024-07-05,Premium,338.25
7641,Aisha Kim,aisha.kim.7641@customer.co,United Kingdom,2025-01-07,Standard,261.87
7642,Liam Rossi,liam.rossi.7642@inbox.net,Netherlands,2019-07-05,Standard,382.39
7643,Aisha Rossi,aisha.rossi.7643@mail.example.com,United Kingdom,2023-11-20,Standard,671.60
7644,Olivia Garcia,olivia.garcia.7644@mail.example.com,Australia,2025-06-21,Premium,137.53
7645,Isabella Rossi,isabella.rossi.7645@inbox.net,United States,2020-10-28,Basic,779.02
7646,Chen Nguyen,chen.nguyen.7646@inbox.net,Netherlands,2020-10-19,Standard,208.49
7647,Chen Wilson,chen.wilson.7647@mail.example.com,Netherlands,2018-02-01,Standard,145.95
7648,Chen Taylor,chen.taylor.7648@inbox.net,Germany,2020-05-07,Standard,50.29
7649,Olivia Smith,olivia.smith.7649@inbox.net,India,2020-01-07,Standard,131.23
7650,Ethan Brown,ethan.brown.7650@shopmail.io,Netherlands,2020-07-26,Standard,160.24
7651,Liam Garcia,liam.garcia.7651@customer.co,Germany,2022-06-15,Standard,1056.96
7652,Olivia Nguyen,olivia.nguyen.7652@mail.example.com,India,2023-09-05,Basic,152.49
7653,Olivia Rossi,olivia.rossi.7653@shopmail.io,Germany,2018-10-16,Standard,250.17
7654,Ethan Patel,ethan.patel.7654@mail.example.com,Canada,2021-05-02,Standard,427.07
7655,Chen Patel,chen.patel.7655@customer.co,India,2020-10-28,Standard,180.64
7656,Arjun Nguyen,arjun.nguyen.7656@customer.co,United States,2021-06-20,Basic,147.18
7657,Priya Khan,priya.khan.7657@customer.co,United Kingdom,2023-06-18,Basic,807.01
7658,James Smith,james.smith.7658@customer.co,Netherlands,2020-12-24,Premium,96.34
7659,Isabella Garcia,isabella.garcia.7659@mail.example.com,Australia,2025-07-24,Premium,875.01
7660,Isabella Taylor,isabella.taylor.7660@shopmail.io,Spain,2025-06-23,Premium,55.47
7661,Ethan Patel,ethan.patel.7661@shopmail.io,Canada,2019-09-08,Standard,245.93
7662,James Singh,james.singh.7662@inbox.net,Germany,2019-09-13,Standard,726.75
7663,Noah Wilson,noah.wilson.7663@customer.co,Spain,2022-11-23,Standard,525.01
7664,James Patel,james.patel.7664@customer.co,Spain,2021-08-14,Basic,333.03
7665,Isabella Mueller,isabella.mueller.7665@customer.co,United Kingdom,2022-11-24,Standard,624.82
7666,Mia Singh,mia.singh.7666@shopmail.io,Netherlands,2018-09-24,Basic,4185.52
7667,Lucas Rossi,lucas.rossi.7667@inbox.net,United Kingdom,2023-10-04,Basic,161.51
7668,Noah Singh,noah.singh.7668@inbox.net,Germany,2018-04-21,Premium,309.77
7669,Maria Khan,maria.khan.7669@customer.co,Netherlands,2018-11-17,Standard,387.08
7670,Aisha Kim,aisha.kim.7670@inbox.net,France,2020-11-04,Premium,188.17
7671,Olivia Dubois,olivia.dubois.7671@customer.co,France,2025-03-20,Premium,206.62
7672,Lucas Rossi,lucas.rossi.7672@mail.example.com,Spain,2023-08-09,Basic,141.95
7673,Lucas Brown,lucas.brown.7673@inbox.net,India,2019-01-14,Premium,161.46
7674,James Wilson,james.wilson.7674@mail.example.com,Italy,2021-11-24,Premium,183.91
7675,Lucas Taylor,lucas.taylor.7675@shopmail.io,Germany,2024-06-08,Basic,380.92
7676,Lucas Taylor,lucas.taylor.7676@inbox.net,United Kingdom,2021-05-09,Standard,117.16
7677,Sofia Smith,sofia.smith.7677@customer.co,United States,2020-07-19,Standard,289.22
7678,Arjun Singh,arjun.singh.7678@mail.example.com,Germany,2021-10-22,Standard,393.75
7679,Maria Mueller,maria.mueller.7679@inbox.net,United Kingdom,2023-11-23,Premium,875.95
7680,Ethan Lee,ethan.lee.7680@shopmail.io,United Kingdom,2019-09-30,Premium,166.53
7681,Maria Khan,maria.khan.7681@shopmail.io,Spain,2023-02-06,Standard,306.71
7682,Aisha Smith,aisha.smith.7682@shopmail.io,Spain,2024-08-11,Premium,113.67
7683,Emma Rossi,emma.rossi.7683@inbox.net,Australia,2022-11-20,Basic,57.13
7684,Lucas Martin,lucas.martin.7684@mail.example.com,United States,2024-03-03,Standard,315.59
7685,Ethan Wilson,ethan.wilson.7685@customer.co,Italy,2021-01-21,Standard,94.31
7686,Lucas Smith,lucas.smith.7686@mail.example.com,France,2020-08-27,Premium,167.52
7687,James Dubois,james.dubois.7687@shopmail.io,Australia,2021-08-19,Standard,402.70
7688,Liam Wilson,liam.wilson.7688@customer.co,United Kingdom,2020-11-27,Standard,166.77
7689,Maria Dubois,maria.dubois.7689@customer.co,Australia,2023-12-03,Standard,203.20
7690,Isabella Brown,isabella.brown.7690@shopmail.io,United States,2021-11-25,Basic,62.24
7691,Noah Patel,noah.patel.7691@mail.example.com,United Kingdom,2025-07-11,Basic,307.50
7692,Priya Martin,priya.martin.7692@inbox.net,Netherlands,2024-12-16,Standard,131.20
7693,James Taylor,james.taylor.7693@shopmail.io,Germany,2018-11-09,Premium,414.04
7694,Arjun Patel,arjun.patel.7694@shopmail.io,United States,2023-09-10,Premium,250.49
7695,Emma Rossi,emma.rossi.7695@mail.example.com,France,2023-10-16,Standard,476.33
7696,Isabella Lee,isabella.lee.7696@inbox.net,United States,2019-10-25,Standard,385.82
7697,James Wilson,james.wilson.7697@mail.example.com,Spain,2019-05-04,Basic,315.89
7698,Liam Kim,liam.kim.7698@customer.co,Spain,2023-11-20,Standard,248.93
7699,Isabella Singh,isabella.singh.7699@inbox.net,Italy,2018-07-30,Standard,244.84
7700,Chen Mueller,chen.mueller.7700@shopmail.io,Australia,2024-06-12,Standard,165.78
7701,Olivia Martin,olivia.martin.7701@customer.co,United States,2024-07-19,Basic,371.57
7702,Chen Lee,chen.lee.7702@customer.co,Canada,2019-08-17,Basic,71.97
7703,Isabella Wilson,isabella.wilson.7703@mail.example.com,Canada,2023-03-15,Basic,289.13
7704,Noah Taylor,noah.taylor.7704@inbox.net,France,2025-04-05,Standard,1886.49
7705,Priya Rossi,priya.rossi.7705@customer.co,Spain,2022-03-17,Basic,134.66
7706,Noah Lee,noah.lee.7706@shopmail.io,Canada,2024-01-16,Standard,569.53
7707,Arjun Mueller,arjun.mueller.7707@inbox.net,Netherlands,2024-05-10,Basic,626.96
7708,Arjun Dubois,arjun.dubois.7708@inbox.net,France,2020-06-11,Basic,314.79
7709,Liam Nguyen,liam.nguyen.7709@inbox.net,India,2018-12-22,Standard,80.04
7710,Lucas Mueller,lucas.mueller.7710@customer.co,Italy,2018-08-29,Standard,207.15
7711,Olivia Martin,olivia.martin.7711@mail.example.com,United States,2023-06-03,Standard,601.69
7712,James Brown,james.brown.7712@customer.co,Italy,2022-09-08,Premium,66.47
7713,James Brown,james.brown.7713@shopmail.io,Germany,2024-08-02,Basic,298.16
7714,Isabella Khan,isabella.khan.7714@customer.co,Spain,2023-10-07,Basic,146.47
7715,Isabella Mueller,isabella.mueller.7715@mail.example.com,Spain,2019-03-24,Standard,582.45
7716,Emma Mueller,emma.mueller.7716@shopmail.io,India,2025-04-22,Standard,449.89
7717,Aisha Khan,aisha.khan.7717@inbox.net,France,2025-04-09,Standard,67.26
7718,Isabella Smith,isabella.smith.7718@mail.example.com,Netherlands,2023-04-03,Standard,145.86
7719,Liam Brown,liam.brown.7719@customer.co,United States,2024-05-09,Standard,537.54
7720,Lucas Lee,lucas.lee.7720@mail.example.com,United Kingdom,2025-07-16,Standard,168.72
7721,Arjun Kim,arjun.kim.7721@inbox.net,Germany,2023-06-18,Standard,162.25
7722,Lucas Mueller,lucas.mueller.7722@customer.co,France,2020-11-20,Standard,213.30
7723,James Khan,james.khan.7723@customer.co,Germany,2022-04-11,Premium,96.83
7724,Aisha Dubois,aisha.dubois.7724@customer.co,Netherlands,2023-04-25,Premium,924.64
7725,Olivia Martin,olivia.martin.7725@mail.example.com,United Kingdom,2019-01-05,Standard,190.95
7726,Olivia Brown,olivia.brown.7726@inbox.net,France,2021-05-27,Standard,251.58
7727,James Patel,james.patel.7727@inbox.net,Netherlands,2020-11-15,Basic,267.06
7728,Maria Taylor,maria.taylor.7728@shopmail.io,Netherlands,2018-11-22,Basic,1010.08
7729,Priya Nguyen,priya.nguyen.7729@customer.co,Spain,2019-11-26,Basic,1105.32
7730,Lucas Taylor,lucas.taylor.7730@shopmail.io,Canada,2020-05-09,Standard,105.21
7731,Isabella Rossi,isabella.rossi.7731@mail.example.com,Spain,2023-12-06,Standard,126.19
7732,Noah Lee,noah.lee.7732@inbox.net,Canada,2021-09-25,Standard,232.98
7733,Emma Patel,emma.patel.7733@shopmail.io,Netherlands,2020-12-17,Standard,871.91
7734,Priya Martin,priya.martin.7734@mail.example.com,Netherlands,2018-10-31,Standard,1018.35
7735,Chen Kim,chen.kim.7735@shopmail.io,United Kingdom,2021-09-20,Premium,224.33
7736,Sofia Mueller,sofia.mueller.7736@inbox.net,Netherlands,2025-06-12,Basic,199.54
7737,Lucas Smith,lucas.smith.7737@shopmail.io,India,2021-01-10,Standard,264.57
7738,Aisha Garcia,aisha.garcia.7738@mail.example.com,India,2020-09-19,Standard,511.87
7739,Chen Dubois,chen.dubois.7739@customer.co,Spain,2021-03-17,Standard,186.23
7740,James Wilson,james.wilson.7740@customer.co,Netherlands,2022-07-27,Premium,317.00
7741,Lucas Smith,lucas.smith.7741@inbox.net,Netherlands,2024-06-02,Premium,345.60
7742,Aisha Wilson,aisha.wilson.7742@shopmail.io,India,2025-02-27,Standard,469.67
7743,Lucas Smith,lucas.smith.7743@inbox.net,Spain,2024-09-20,Basic,323.11
7744,Priya Garcia,priya.garcia.7744@shopmail.io,France,2023-11-02,Basic,244.25
7745,Maria Dubois,maria.dubois.7745@shopmail.io,Canada,2018-01-23,Premium,485.79
7746,Olivia Martin,olivia.martin.7746@shopmail.io,India,2020-12-04,Premium,501.06
7747,Isabella Brown,isabella.brown.7747@shopmail.io,Germany,2025-03-24,Standard,84.63
7748,Mia Martin,mia.martin.7748@inbox.net,Spain,2023-11-03,Standard,144.67
7749,Arjun Lee,arjun.lee.7749@customer.co,Italy,2021-09-18,Standard,1474.12
7750,Liam Singh,liam.singh.7750@shopmail.io,Netherlands,2019-01-21,Standard,37.63
7751,Liam Wilson,liam.wilson.7751@mail.example.com,United Kingdom,2020-10-04,Premium,348.36
7752,Mia Martin,mia.martin.7752@customer.co,United States,2024-05-30,Standard,336.20
7753,Noah Rossi,noah.rossi.7753@customer.co,France,2025-01-13,Basic,176.97
7754,Emma Nguyen,emma.nguyen.7754@mail.example.com,Australia,2022-04-23,Basic,469.88
7755,James Garcia,james.garcia.7755@mail.example.com,France,2019-11-23,Basic,94.37
7756,Priya Dubois,priya.dubois.7756@mail.example.com,United States,2022-05-10,Basic,360.86
7757,Olivia Mueller,olivia.mueller.7757@shopmail.io,Italy,2020-08-03,Premium,349.35
7758,Olivia Wilson,olivia.wilson.7758@shopmail.io,Germany,2018-01-31,Standard,176.41
7759,James Martin,james.martin.7759@customer.co,Canada,2025-08-23,Basic,276.26
7760,Isabella Martin,isabella.martin.7760@mail.example.com,United States,2023-09-28,Standard,87.06
7761,Sofia Nguyen,sofia.nguyen.7761@shopmail.io,India,2020-11-09,Standard,238.20
7762,James Khan,james.khan.7762@mail.example.com,Spain,2019-07-14,Basic,201.72
7763,Chen Garcia,chen.garcia.7763@shopmail.io,Italy,2022-03-07,Standard,65.76
7764,James Patel,james.patel.7764@shopmail.io,United Kingdom,2020-06-09,Premium,158.37
7765,Ethan Rossi,ethan.rossi.7765@customer.co,Spain,2019-05-09,Standard,41.90
7766,Liam Garcia,liam.garcia.7766@mail.example.com,Canada,2024-12-04,Standard,180.65
7767,Maria Brown,maria.brown.7767@customer.co,France,2025-08-27,Basic,598.96
7768,Chen Patel,chen.patel.7768@customer.co,Germany,2025-06-04,Premium,332.05
7769,Olivia Patel,olivia.patel.7769@customer.co,United Kingdom,2025-01-03,Basic,789.09
7770,Arjun Rossi,arjun.rossi.7770@mail.example.com,Netherlands,2022-07-24,Standard,335.49
7771,Aisha Smith,aisha.smith.7771@mail.example.com,United Kingdom,2021-11-25,Standard,356.66
7772,Liam Khan,liam.khan.7772@inbox.net,United States,2018-11-17,Basic,1349.85
7773,Priya Mueller,priya.mueller.7773@shopmail.io,United States,2022-07-23,Premium,857.04
7774,Liam Lee,liam.lee.7774@inbox.net,France,2022-11-11,Standard,291.64
7775,Isabella Nguyen,isabella.nguyen.7775@shopmail.io,Italy,2023-02-10,Premium,443.90
7776,Chen Nguyen,chen.nguyen.7776@customer.co,India,2021-12-07,Basic,350.95
7777,Noah Martin,noah.martin.7777@inbox.net,Netherlands,2018-10-21,Basic,293.00
7778,Mia Garcia,mia.garcia.7778@mail.example.com,United Kingdom,2020-07-24,Standard,171.33
7779,James Nguyen,james.nguyen.7779@shopmail.io,France,2025-04-10,Basic,221.41
7780,Lucas Garcia,lucas.garcia.7780@mail.example.com,Netherlands,2025-06-27,Standard,339.49
7781,Aisha Smith,aisha.smith.7781@inbox.net,Spain,2022-11-25,Standard,195.05
7782,Arjun Patel,arjun.patel.7782@customer.co,Canada,2018-07-04,Standard,47.76
7783,Liam Smith,liam.smith.7783@inbox.net,Spain,2025-05-13,Premium,446.34
7784,Liam Nguyen,liam.nguyen.7784@customer.co,Spain,2020-12-08,Standard,362.12
7785,Olivia Patel,olivia.patel.7785@shopmail.io,Netherlands,2024-02-28,Standard,128.00
7786,Maria Mueller,maria.mueller.7786@inbox.net,Canada,2024-11-14,Basic,659.84
7787,Isabella Singh,isabella.singh.7787@mail.example.com,Germany,2022-06-28,Standard,424.80
7788,Ethan Taylor,ethan.taylor.7788@customer.co,France,2020-02-26,Premium,433.30
7789,Olivia Mueller,olivia.mueller.7789@shopmail.io,France,2019-04-28,Basic,198.89
7790,James Martin,james.martin.7790@customer.co,India,2020-11-25,Premium,189.08
7791,Sofia Rossi,sofia.rossi.7791@customer.co,India,2021-12-31,Standard,64.79
7792,Lucas Rossi,lucas.rossi.7792@customer.co,United States,2020-10-25,Basic,753.93
7793,Mia Mueller,mia.mueller.7793@shopmail.io,United States,2024-08-25,Basic,29.66
7794,Sofia Mueller,sofia.mueller.7794@shopmail.io,Spain,2020-05-13,Standard,110.72
7795,Maria Wilson,maria.wilson.7795@customer.co,Italy,2021-04-18,Premium,197.55
7796,Mia Mueller,mia.mueller.7796@shopmail.io,Italy,2025-02-16,Basic,100.24
7797,Ethan Nguyen,ethan.nguyen.7797@inbox.net,France,2018-01-15,Standard,148.61
7798,Arjun Mueller,arjun.mueller.7798@mail.example.com,Italy,2021-05-30,Standard,121.97
7799,Emma Taylor,emma.taylor.7799@inbox.net,France,2024-02-16,Standard,194.29
7800,Olivia Wilson,olivia.wilson.7800@customer.co,Italy,2019-10-21,Premium,314.07
7801,Sofia Patel,sofia.patel.7801@inbox.net,Germany,2020-09-29,Premium,667.72
7802,Maria Patel,maria.patel.7802@customer.co,India,2020-07-01,Standard,575.29
7803,Mia Lee,mia.lee.7803@shopmail.io,France,2021-08-02,Standard,968.40
7804,Ethan Wilson,ethan.wilson.7804@customer.co,United States,2023-02-21,Basic,93.91
7805,Priya Dubois,priya.dubois.7805@inbox.net,Italy,2021-03-16,Standard,1638.38
7806,Arjun Patel,arjun.patel.7806@inbox.net,France,2021-10-25,Standard,140.43
7807,Ethan Garcia,ethan.garcia.7807@inbox.net,Germany,2022-02-18,Standard,66.35
7808,Isabella Singh,isabella.singh.7808@inbox.net,United Kingdom,2022-10-01,Basic,170.13
7809,Mia Wilson,mia.wilson.7809@inbox.net,India,2021-06-23,Standard,688.37
7810,James Brown,james.brown.7810@inbox.net,United Kingdom,2023-01-08,Standard,191.76
7811,Maria Patel,maria.patel.7811@inbox.net,Italy,2020-07-12,Premium,288.11
7812,Ethan Dubois,ethan.dubois.7812@inbox.net,Germany,2020-07-17,Basic,118.56
7813,Liam Mueller,liam.mueller.7813@customer.co,United Kingdom,2021-11-12,Standard,289.10
7814,Noah Garcia,noah.garcia.7814@customer.co,Netherlands,2023-01-07,Basic,109.83
7815,Priya Mueller,priya.mueller.7815@shopmail.io,India,2018-08-17,Premium,371.88
7816,Maria Smith,maria.smith.7816@mail.example.com,Australia,2020-05-29,Basic,214.11
7817,Liam Martin,liam.martin.7817@mail.example.com,India,2025-07-17,Basic,94.93
7818,Lucas Khan,lucas.khan.7818@mail.example.com,India,2019-03-23,Standard,186.21
7819,Olivia Wilson,olivia.wilson.7819@inbox.net,India,2018-01-26,Standard,67.52
7820,Olivia Lee,olivia.lee.7820@mail.example.com,France,2022-03-20,Basic,64.95
7821,Mia Dubois,mia.dubois.7821@inbox.net,India,2020-01-02,Standard,129.83
7822,Chen Singh,chen.singh.7822@mail.example.com,Netherlands,2020-07-05,Premium,383.02
7823,Noah Brown,noah.brown.7823@inbox.net,France,2024-10-23,Basic,164.51
7824,James Brown,james.brown.7824@inbox.net,Germany,2025-06-22,Basic,240.18
7825,Aisha Brown,aisha.brown.7825@customer.co,Netherlands,2022-11-07,Standard,225.94
7826,Noah Nguyen,noah.nguyen.7826@mail.example.com,Germany,2019-10-09,Standard,331.25
7827,Noah Patel,noah.patel.7827@customer.co,Australia,2023-01-12,Basic,439.46
7828,Chen Mueller,chen.mueller.7828@inbox.net,Canada,2024-01-13,Standard,282.12
7829,Lucas Dubois,lucas.dubois.7829@customer.co,Netherlands,2023-10-02,Premium,296.50
7830,Isabella Patel,isabella.patel.7830@mail.example.com,Netherlands,2018-02-21,Basic,117.89
7831,Aisha Lee,aisha.lee.7831@inbox.net,Netherlands,2018-02-08,Standard,102.56
7832,Sofia Kim,sofia.kim.7832@mail.example.com,Spain,2021-09-06,Basic,833.29
7833,Maria Rossi,maria.rossi.7833@inbox.net,Italy,2022-07-08,Standard,269.41
7834,Lucas Garcia,lucas.garcia.7834@mail.example.com,United Kingdom,2018-06-25,Standard,118.99
7835,Arjun Kim,arjun.kim.7835@inbox.net,Australia,2023-12-03,Premium,468.78
7836,Noah Kim,noah.kim.7836@customer.co,United States,2021-04-29,Standard,304.98
7837,Isabella Mueller,isabella.mueller.7837@mail.example.com,France,2018-01-15,Premium,190.00
7838,Noah Kim,noah.kim.7838@inbox.net,United Kingdom,2025-01-22,Standard,255.84
7839,Isabella Khan,isabella.khan.7839@mail.example.com,Spain,2024-04-20,Basic,566.01
7840,Mia Smith,mia.smith.7840@inbox.net,Australia,2023-12-11,Standard,1788.31
7841,Lucas Mueller,lucas.mueller.7841@shopmail.io,Spain,2023-02-27,Basic,435.96
7842,Maria Wilson,maria.wilson.7842@inbox.net,Italy,2020-07-30,Standard,431.62
7843,Sofia Lee,sofia.lee.7843@customer.co,Australia,2024-01-27,Standard,481.51
7844,Mia Martin,mia.martin.7844@inbox.net,France,2025-04-24,Basic,312.71
7845,James Patel,james.patel.7845@mail.example.com,Canada,2021-12-15,Standard,286.82
7846,Isabella Lee,isabella.lee.7846@customer.co,India,2022-10-06,Standard,282.08
7847,Aisha Brown,aisha.brown.7847@mail.example.com,India,2020-03-11,Standard,195.39
7848,Arjun Singh,arjun.singh.7848@inbox.net,France,2020-03-17,Standard,117.57
7849,Isabella Dubois,isabella.dubois.7849@inbox.net,Italy,2025-02-11,Premium,166.50
7850,Sofia Singh,sofia.singh.7850@mail.example.com,France,2021-01-12,Premium,445.94
7851,Aisha Patel,aisha.patel.7851@shopmail.io,Australia,2022-07-18,Basic,190.27
7852,Chen Patel,chen.patel.7852@customer.co,Netherlands,2018-12-29,Basic,163.10
7853,Isabella Khan,isabella.khan.7853@customer.co,Italy,2019-06-12,Premium,538.77
7854,Arjun Patel,arjun.patel.7854@shopmail.io,Spain,2024-11-09,Standard,256.70
7855,Emma Khan,emma.khan.7855@mail.example.com,Germany,2020-10-30,Premium,390.98
7856,Sofia Brown,sofia.brown.7856@shopmail.io,United Kingdom,2025-07-30,Standard,2118.40
7857,Arjun Smith,arjun.smith.7857@inbox.net,United States,2018-03-03,Standard,464.41
7858,Isabella Lee,isabella.lee.7858@customer.co,Italy,2020-07-14,Standard,229.18
7859,Liam Nguyen,liam.nguyen.7859@customer.co,India,2020-04-26,Basic,165.29
7860,Aisha Brown,aisha.brown.7860@mail.example.com,France,2019-11-02,Premium,319.64
7861,Aisha Patel,aisha.patel.7861@customer.co,Netherlands,2020-07-26,Premium,242.94
7862,James Taylor,james.taylor.7862@customer.co,United States,2020-04-28,Premium,280.23
7863,Lucas Martin,lucas.martin.7863@customer.co,Spain,2018-02-06,Standard,104.42
7864,Liam Garcia,liam.garcia.7864@mail.example.com,United Kingdom,2025-05-24,Standard,607.82
7865,Noah Taylor,noah.taylor.7865@mail.example.com,United Kingdom,2021-07-03,Basic,531.33
7866,Isabella Kim,isabella.kim.7866@inbox.net,France,2020-03-05,Standard,242.42
7867,Isabella Martin,isabella.martin.7867@inbox.net,India,2022-06-24,Standard,145.43
7868,Olivia Garcia,olivia.garcia.7868@shopmail.io,Spain,2023-01-30,Standard,237.33
7869,Isabella Singh,isabella.singh.7869@mail.example.com,Spain,2023-10-24,Standard,82.04
7870,Arjun Garcia,arjun.garcia.7870@customer.co,Australia,2020-11-05,Standard,222.78
7871,Chen Taylor,chen.taylor.7871@inbox.net,Canada,2019-12-06,Standard,364.40
7872,Maria Smith,maria.smith.7872@customer.co,Canada,2023-02-08,Standard,109.70
7873,Arjun Khan,arjun.khan.7873@shopmail.io,United States,2019-05-07,Standard,833.86
7874,Olivia Khan,olivia.khan.7874@shopmail.io,Italy,2020-07-28,Basic,129.40
7875,Priya Martin,priya.martin.7875@inbox.net,Netherlands,2022-10-02,Basic,273.86
7876,Isabella Smith,isabella.smith.7876@shopmail.io,Netherlands,2018-06-13,Basic,1310.85
7877,Ethan Taylor,ethan.taylor.7877@customer.co,France,2025-08-25,Standard,103.86
7878,Isabella Kim,isabella.kim.7878@customer.co,France,2022-08-11,Basic,2137.37
7879,Aisha Mueller,aisha.mueller.7879@mail.example.com,Canada,2022-12-24,Standard,747.01
7880,Priya Lee,priya.lee.7880@customer.co,Canada,2021-11-26,Basic,274.05
7881,Isabella Garcia,isabella.garcia.7881@customer.co,Italy,2019-03-17,Standard,196.72
7882,Liam Taylor,liam.taylor.7882@shopmail.io,United Kingdom,2025-04-19,Premium,220.16
7883,Olivia Rossi,olivia.rossi.7883@inbox.net,Italy,2020-11-18,Standard,258.83
7884,Isabella Brown,isabella.brown.7884@mail.example.com,Canada,2019-03-01,Premium,134.85
7885,Priya Singh,priya.singh.7885@mail.example.com,United States,2021-08-31,Basic,676.39
7886,Noah Brown,noah.brown.7886@mail.example.com,Germany,2021-10-25,Premium,554.32
7887,Mia Khan,mia.khan.7887@inbox.net,Australia,2020-08-11,Basic,355.60
7888,Sofia Singh,sofia.singh.7888@shopmail.io,India,2018-04-26,Standard,199.19
7889,Aisha Dubois,aisha.dubois.7889@shopmail.io,Canada,2021-08-10,Premium,52.90
7890,Olivia Brown,olivia.brown.7890@customer.co,Canada,2019-02-19,Premium,670.09
7891,Olivia Lee,olivia.lee.7891@shopmail.io,Germany,2023-05-24,Standard,307.50
7892,Lucas Brown,lucas.brown.7892@mail.example.com,Spain,2019-08-12,Basic,740.41
7893,Mia Kim,mia.kim.7893@mail.example.com,Canada,2022-12-31,Standard,93.92
7894,Lucas Kim,lucas.kim.7894@shopmail.io,Canada,2020-02-18,Premium,177.68
7895,Lucas Dubois,lucas.dubois.7895@mail.example.com,India,2019-07-03,Basic,800.82
7896,Sofia Rossi,sofia.rossi.7896@inbox.net,United Kingdom,2023-08-25,Standard,1978.67
7897,Sofia Patel,sofia.patel.7897@inbox.net,France,2019-04-22,Premium,150.76
7898,Lucas Nguyen,lucas.nguyen.7898@inbox.net,Spain,2022-06-04,Standard,391.74
7899,Mia Khan,mia.khan.7899@shopmail.io,Spain,2020-08-02,Premium,259.68
7900,Priya Martin,priya.martin.7900@customer.co,United States,2019-06-19,Standard,886.31
7901,Noah Lee,noah.lee.7901@shopmail.io,Australia,2025-06-03,Basic,67.99
7902,Olivia Dubois,olivia.dubois.7902@shopmail.io,Australia,2025-03-29,Basic,460.28
7903,Liam Smith,liam.smith.7903@customer.co,Spain,2021-04-03,Basic,812.49
7904,Chen Wilson,chen.wilson.7904@customer.co,Italy,2020-01-04,Premium,310.72
7905,Olivia Singh,olivia.singh.7905@inbox.net,Australia,2020-07-20,Standard,228.79
7906,Isabella Taylor,isabella.taylor.7906@customer.co,France,2024-08-20,Standard,267.72
7907,Arjun Garcia,arjun.garcia.7907@shopmail.io,Germany,2022-06-07,Standard,692.36
7908,Priya Mueller,priya.mueller.7908@customer.co,Canada,2021-03-19,Basic,262.51
7909,Olivia Rossi,olivia.rossi.7909@customer.co,Germany,2023-03-31,Basic,376.34
7910,Aisha Nguyen,aisha.nguyen.7910@inbox.net,Canada,2021-02-04,Standard,84.20
7911,Lucas Taylor,lucas.taylor.7911@inbox.net,United States,2018-05-26,Basic,436.49
7912,Maria Rossi,maria.rossi.7912@customer.co,Germany,2018-09-27,Premium,126.76
7913,Priya Lee,priya.lee.7913@shopmail.io,Canada,2021-04-04,Basic,537.97
7914,Aisha Singh,aisha.singh.7914@shopmail.io,United States,2022-10-03,Standard,72.34
7915,Noah Dubois,noah.dubois.7915@inbox.net,Netherlands,2018-08-09,Standard,179.18
7916,Mia Kim,mia.kim.7916@customer.co,Australia,2023-06-04,Standard,684.18
7917,Isabella Nguyen,isabella.nguyen.7917@shopmail.io,Australia,2023-01-30,Standard,250.19
7918,Olivia Mueller,olivia.mueller.7918@inbox.net,United Kingdom,2025-08-02,Standard,24.81
7919,Lucas Dubois,lucas.dubois.7919@mail.example.com,Netherlands,2024-02-17,Basic,408.13
7920,Maria Taylor,maria.taylor.7920@mail.example.com,Spain,2025-01-26,Standard,246.50
7921,Mia Brown,mia.brown.7921@customer.co,United States,2023-08-25,Premium,318.13
7922,Priya Singh,priya.singh.7922@inbox.net,Germany,2019-03-11,Premium,199.82
7923,James Smith,james.smith.7923@mail.example.com,Italy,2021-04-08,Basic,128.16
7924,James Brown,james.brown.7924@mail.example.com,United States,2020-03-04,Standard,751.42
7925,Mia Singh,mia.singh.7925@shopmail.io,Italy,2018-12-04,Basic,566.12
7926,James Garcia,james.garcia.7926@shopmail.io,Netherlands,2023-09-05,Basic,226.35
7927,Aisha Singh,aisha.singh.7927@mail.example.com,Canada,2023-04-17,Basic,84.48
7928,James Patel,james.patel.7928@customer.co,India,2019-10-05,Basic,210.93
7929,Ethan Garcia,ethan.garcia.7929@inbox.net,Germany,2018-08-02,Standard,770.24
7930,Maria Kim,maria.kim.7930@inbox.net,India,2020-07-27,Standard,480.99
7931,James Garcia,james.garcia.7931@mail.example.com,United Kingdom,2024-03-06,Basic,1578.09
7932,James Kim,james.kim.7932@customer.co,France,2022-02-02,Premium,178.90
7933,Ethan Patel,ethan.patel.7933@inbox.net,France,2023-08-02,Premium,161.11
7934,Mia Dubois,mia.dubois.7934@shopmail.io,Canada,2021-09-18,Basic,99.58
7935,Priya Rossi,priya.rossi.7935@mail.example.com,France,2020-05-23,Basic,328.66
7936,Ethan Patel,ethan.patel.7936@shopmail.io,Italy,2020-01-20,Basic,267.04
7937,Lucas Martin,lucas.martin.7937@shopmail.io,Spain,2023-04-19,Basic,186.27
7938,James Nguyen,james.nguyen.7938@customer.co,Canada,2023-06-15,Basic,162.47
7939,Sofia Nguyen,sofia.nguyen.7939@shopmail.io,India,2024-12-12,Premium,178.19
7940,James Khan,james.khan.7940@customer.co,Italy,2024-11-20,Standard,396.80
7941,Maria Mueller,maria.mueller.7941@mail.example.com,Netherlands,2024-03-06,Standard,69.31
7942,Emma Taylor,emma.taylor.7942@shopmail.io,India,2018-02-12,Standard,242.48
7943,James Mueller,james.mueller.7943@customer.co,Germany,2023-07-26,Basic,143.10
7944,Arjun Nguyen,arjun.nguyen.7944@inbox.net,Italy,2021-11-15,Standard,149.26
7945,Aisha Singh,aisha.singh.7945@inbox.net,United Kingdom,2019-11-01,Premium,134.53
7946,Mia Garcia,mia.garcia.7946@customer.co,France,2022-09-02,Standard,1727.97
7947,Ethan Garcia,ethan.garcia.7947@shopmail.io,Australia,2023-09-24,Basic,55.64
7948,Sofia Kim,sofia.kim.7948@inbox.net,United States,2023-09-12,Basic,348.48
7949,Mia Rossi,mia.rossi.7949@inbox.net,United States,2022-11-18,Standard,256.81
7950,Priya Mueller,priya.mueller.7950@inbox.net,Spain,2019-06-18,Premium,116.30
7951,Noah Wilson,noah.wilson.7951@customer.co,India,2018-10-11,Standard,236.49
7952,James Nguyen,james.nguyen.7952@shopmail.io,United Kingdom,2024-02-14,Basic,312.64
7953,Mia Smith,mia.smith.7953@customer.co,United States,2021-09-03,Standard,143.74
7954,James Khan,james.khan.7954@customer.co,Italy,2021-01-24,Basic,815.00
7955,Ethan Smith,ethan.smith.7955@shopmail.io,Netherlands,2018-02-13,Standard,147.15
7956,Mia Brown,mia.brown.7956@mail.example.com,Netherlands,2019-03-06,Premium,306.15
7957,Mia Rossi,mia.rossi.7957@mail.example.com,Netherlands,2023-06-02,Standard,162.07
7958,Lucas Mueller,lucas.mueller.7958@inbox.net,Italy,2022-12-14,Premium,341.20
7959,Sofia Lee,sofia.lee.7959@customer.co,Canada,2021-08-13,Standard,978.95
7960,Lucas Patel,lucas.patel.7960@shopmail.io,Spain,2023-12-30,Standard,145.74
7961,Aisha Brown,aisha.brown.7961@mail.example.com,Spain,2024-02-24,Basic,76.92
7962,Noah Taylor,noah.taylor.7962@inbox.net,Australia,2023-06-29,Basic,798.06
7963,Mia Patel,mia.patel.7963@shopmail.io,United States,2022-12-04,Standard,821.15
7964,Sofia Martin,sofia.martin.7964@inbox.net,Australia,2024-03-20,Basic,169.78
7965,Liam Patel,liam.patel.7965@shopmail.io,Germany,2018-03-31,Basic,566.44
7966,Noah Mueller,noah.mueller.7966@shopmail.io,India,2018-12-14,Standard,234.51
7967,Ethan Lee,ethan.lee.7967@shopmail.io,Italy,2022-07-10,Standard,101.54
7968,Aisha Martin,aisha.martin.7968@customer.co,Italy,2025-05-04,Basic,334.28
7969,Lucas Garcia,lucas.garcia.7969@inbox.net,Australia,2025-03-16,Basic,466.33
7970,Isabella Taylor,isabella.taylor.7970@shopmail.io,Australia,2023-04-02,Premium,505.02
7971,Olivia Kim,olivia.kim.7971@customer.co,Germany,2022-10-10,Standard,332.70
7972,James Smith,james.smith.7972@shopmail.io,France,2018-03-09,Premium,51.29
7973,Emma Kim,emma.kim.7973@shopmail.io,India,2021-12-05,Standard,113.36
7974,Chen Wilson,chen.wilson.7974@customer.co,Australia,2020-01-02,Premium,86.40
7975,Mia Wilson,mia.wilson.7975@mail.example.com,United Kingdom,2024-10-25,Premium,196.40
7976,Priya Martin,priya.martin.7976@customer.co,United Kingdom,2018-12-08,Standard,190.19
7977,Lucas Patel,lucas.patel.7977@mail.example.com,United Kingdom,2019-11-14,Basic,392.00
7978,Mia Taylor,mia.taylor.7978@shopmail.io,India,2023-03-30,Standard,421.68
7979,Isabella Smith,isabella.smith.7979@mail.example.com,Netherlands,2024-11-30,Premium,74.74
7980,Ethan Patel,ethan.patel.7980@mail.example.com,Italy,2019-01-17,Standard,836.92
7981,James Mueller,james.mueller.7981@mail.example.com,Netherlands,2021-07-26,Standard,170.15
7982,Isabella Brown,isabella.brown.7982@customer.co,Spain,2020-09-07,Premium,300.02
7983,Sofia Dubois,sofia.dubois.7983@shopmail.io,India,2020-01-28,Standard,553.33
7984,Liam Dubois,liam.dubois.7984@mail.example.com,Australia,2020-01-21,Basic,368.56
7985,Isabella Kim,isabella.kim.7985@mail.example.com,Netherlands,2024-03-05,Standard,164.34
7986,Aisha Nguyen,aisha.nguyen.7986@customer.co,United States,2025-01-27,Basic,73.81
7987,Mia Lee,mia.lee.7987@mail.example.com,United Kingdom,2024-02-12,Standard,258.86
7988,Sofia Nguyen,sofia.nguyen.7988@inbox.net,India,2022-11-11,Standard,211.92
7989,Mia Garcia,mia.garcia.7989@inbox.net,United Kingdom,2018-05-19,Basic,231.47
7990,Liam Garcia,liam.garcia.7990@customer.co,France,2024-04-20,Basic,62.80
7991,Noah Taylor,noah.taylor.7991@inbox.net,Spain,2018-03-28,Premium,244.99
7992,James Martin,james.martin.7992@inbox.net,Italy,2018-01-03,Standard,204.39
7993,James Wilson,james.wilson.7993@customer.co,Australia,2018-09-06,Standard,72.06
7994,Lucas Singh,lucas.singh.7994@customer.co,France,2024-08-16,Standard,256.23
7995,Liam Mueller,liam.mueller.7995@shopmail.io,India,2020-06-06,Standard,309.10
7996,Ethan Dubois,ethan.dubois.7996@mail.example.com,France,2023-12-29,Standard,359.61
7997,Mia Dubois,mia.dubois.7997@customer.co,United Kingdom,2021-07-30,Standard,88.98
7998,Mia Nguyen,mia.nguyen.7998@shopmail.io,Netherlands,2023-03-04,Basic,469.05
7999,Emma Lee,emma.lee.7999@inbox.net,United Kingdom,2022-05-26,Standard,98.38
8000,James Smith,james.smith.8000@inbox.net,Spain,2022-12-28,Premium,119.49
8001,Maria Khan,maria.khan.8001@inbox.net,Spain,2025-03-10,Basic,221.62
8002,Arjun Rossi,arjun.rossi.8002@mail.example.com,Italy,2025-03-11,Premium,171.88
8003,James Wilson,james.wilson.8003@customer.co,India,2022-04-23,Standard,128.73
8004,Priya Brown,priya.brown.8004@shopmail.io,Australia,2022-02-23,Premium,187.65
8005,Lucas Garcia,lucas.garcia.8005@inbox.net,France,2023-02-28,Basic,274.49
8006,Priya Taylor,priya.taylor.8006@mail.example.com,Italy,2018-04-20,Standard,225.75
8007,Chen Mueller,chen.mueller.8007@mail.example.com,Netherlands,2023-01-09,Basic,166.73
8008,Chen Kim,chen.kim.8008@shopmail.io,United States,2024-05-16,Basic,290.58
8009,Arjun Smith,arjun.smith.8009@shopmail.io,Australia,2019-05-25,Standard,366.43
8010,Arjun Wilson,arjun.wilson.8010@customer.co,Spain,2022-03-07,Standard,204.34
8011,Lucas Khan,lucas.khan.8011@customer.co,Netherlands,2019-05-08,Standard,891.19
8012,Arjun Nguyen,arjun.nguyen.8012@inbox.net,United Kingdom,2021-08-17,Basic,190.76
8013,Lucas Martin,lucas.martin.8013@shopmail.io,India,2024-01-13,Basic,295.31
8014,Chen Wilson,chen.wilson.8014@mail.example.com,Australia,2019-08-10,Premium,138.03
8015,Noah Dubois,noah.dubois.8015@inbox.net,Italy,2022-02-03,Basic,375.80
8016,Lucas Khan,lucas.khan.8016@inbox.net,Italy,2023-01-12,Standard,322.02
8017,Chen Nguyen,chen.nguyen.8017@inbox.net,Italy,2020-12-04,Premium,225.79
8018,Ethan Martin,ethan.martin.8018@customer.co,United Kingdom,2019-03-27,Premium,481.01
8019,James Dubois,james.dubois.8019@inbox.net,Spain,2020-03-21,Basic,298.21
8020,Maria Kim,maria.kim.8020@mail.example.com,Italy,2020-03-18,Standard,133.25
8021,Lucas Khan,lucas.khan.8021@inbox.net,Australia,2023-09-09,Standard,438.32
8022,Olivia Patel,olivia.patel.8022@shopmail.io,Netherlands,2022-03-28,Standard,261.95
8023,James Brown,james.brown.8023@customer.co,Australia,2018-08-15,Premium,330.70
8024,Mia Singh,mia.singh.8024@mail.example.com,Netherlands,2024-01-03,Standard,164.03
8025,Chen Wilson,chen.wilson.8025@shopmail.io,Canada,2025-06-02,Basic,26.11
8026,Liam Mueller,liam.mueller.8026@customer.co,Italy,2024-08-31,Standard,269.46
8027,Maria Smith,maria.smith.8027@inbox.net,India,2025-08-25,Standard,215.43
8028,Aisha Nguyen,aisha.nguyen.8028@inbox.net,Spain,2020-04-06,Standard,348.77
8029,Chen Smith,chen.smith.8029@customer.co,France,2022-12-28,Premium,415.25
8030,James Patel,james.patel.8030@inbox.net,Germany,2019-07-01,Premium,312.92
8031,Liam Rossi,liam.rossi.8031@shopmail.io,Canada,2024-01-01,Basic,16.24
8032,Emma Singh,emma.singh.8032@mail.example.com,United States,2025-01-03,Standard,204.40
8033,Olivia Dubois,olivia.dubois.8033@mail.example.com,Australia,2023-07-11,Standard,162.63
8034,Maria Taylor,maria.taylor.8034@shopmail.io,Netherlands,2019-04-24,Basic,429.22
8035,Lucas Smith,lucas.smith.8035@inbox.net,Australia,2022-09-06,Standard,138.20
8036,Sofia Taylor,sofia.taylor.8036@mail.example.com,United States,2020-05-30,Standard,108.07
8037,Arjun Singh,arjun.singh.8037@mail.example.com,Germany,2018-11-19,Standard,152.84
8038,Lucas Garcia,lucas.garcia.8038@inbox.net,Canada,2018-11-03,Standard,395.42
8039,Sofia Nguyen,sofia.nguyen.8039@shopmail.io,United Kingdom,2024-12-19,Standard,318.69
8040,Maria Kim,maria.kim.8040@mail.example.com,Germany,2023-08-17,Standard,32.40
8041,Chen Rossi,chen.rossi.8041@mail.example.com,Netherlands,2018-12-12,Standard,238.95
8042,Isabella Dubois,isabella.dubois.8042@shopmail.io,France,2022-07-25,Standard,132.14
8043,Noah Taylor,noah.taylor.8043@customer.co,Italy,2019-07-31,Basic,485.60
8044,Emma Taylor,emma.taylor.8044@inbox.net,France,2019-11-25,Standard,233.60
8045,Liam Nguyen,liam.nguyen.8045@customer.co,Australia,2021-01-16,Standard,1039.35
8046,Ethan Khan,ethan.khan.8046@inbox.net,India,2018-06-23,Basic,271.74
8047,Liam Patel,liam.patel.8047@inbox.net,Netherlands,2019-03-29,Basic,91.85
8048,Emma Patel,emma.patel.8048@shopmail.io,Spain,2020-02-10,Standard,458.44
8049,Ethan Brown,ethan.brown.8049@mail.example.com,United States,2021-06-24,Standard,457.05
8050,Chen Rossi,chen.rossi.8050@mail.example.com,Spain,2018-06-29,Standard,683.69
8051,Noah Khan,noah.khan.8051@inbox.net,Netherlands,2022-05-24,Standard,161.05
8052,Lucas Singh,lucas.singh.8052@mail.example.com,Spain,2023-05-22,Basic,299.14
8053,Lucas Nguyen,lucas.nguyen.8053@customer.co,United Kingdom,2024-07-19,Standard,71.03
8054,Isabella Lee,isabella.lee.8054@inbox.net,Canada,2025-08-28,Basic,177.75
8055,Mia Dubois,mia.dubois.8055@mail.example.com,France,2021-01-09,Basic,69.24
8056,Noah Singh,noah.singh.8056@customer.co,Netherlands,2020-09-04,Premium,213.71
8057,Olivia Patel,olivia.patel.8057@mail.example.com,Netherlands,2019-11-20,Premium,346.34
8058,Maria Taylor,maria.taylor.8058@mail.example.com,India,2020-10-13,Standard,269.62
8059,Liam Smith,liam.smith.8059@customer.co,Italy,2018-03-25,Standard,165.72
8060,Isabella Patel,isabella.patel.8060@mail.example.com,Canada,2024-08-22,Standard,96.90
8061,Priya Kim,priya.kim.8061@shopmail.io,Netherlands,2023-06-12,Standard,268.53
8062,James Patel,james.patel.8062@inbox.net,Italy,2019-07-08,Basic,372.25
8063,Priya Taylor,priya.taylor.8063@shopmail.io,France,2023-08-20,Standard,327.55
8064,Priya Patel,priya.patel.8064@inbox.net,Canada,2025-04-27,Basic,67.39
8065,Isabella Smith,isabella.smith.8065@shopmail.io,India,2019-11-05,Premium,242.86
8066,Olivia Dubois,olivia.dubois.8066@shopmail.io,Netherlands,2022-04-24,Basic,162.73
8067,James Martin,james.martin.8067@shopmail.io,Italy,2021-02-17,Standard,130.01
8068,Liam Dubois,liam.dubois.8068@shopmail.io,Germany,2022-10-02,Premium,415.23
8069,Liam Dubois,liam.dubois.8069@shopmail.io,France,2021-06-02,Standard,245.38
8070,Lucas Kim,lucas.kim.8070@shopmail.io,Germany,2019-07-12,Premium,117.48
8071,Chen Lee,chen.lee.8071@customer.co,Spain,2020-05-27,Standard,173.98
8072,Liam Lee,liam.lee.8072@mail.example.com,Spain,2018-12-08,Standard,87.93
8073,Lucas Martin,lucas.martin.8073@shopmail.io,Australia,2024-10-03,Standard,810.99
8074,Emma Nguyen,emma.nguyen.8074@shopmail.io,United States,2024-12-12,Premium,253.56
8075,Aisha Rossi,aisha.rossi.8075@mail.example.com,Italy,2019-12-23,Standard,118.84
8076,Ethan Kim,ethan.kim.8076@mail.example.com,Canada,2021-12-02,Standard,214.27
8077,Sofia Mueller,sofia.mueller.8077@customer.co,Germany,2024-09-25,Basic,293.06
8078,Mia Lee,mia.lee.8078@shopmail.io,Germany,2020-08-04,Standard,156.59
8079,Aisha Khan,aisha.khan.8079@customer.co,Australia,2023-01-07,Standard,113.91
8080,Priya Lee,priya.lee.8080@customer.co,United Kingdom,2020-08-07,Basic,658.52
8081,Ethan Kim,ethan.kim.8081@mail.example.com,Germany,2022-09-17,Basic,646.90
8082,Liam Nguyen,liam.nguyen.8082@inbox.net,Australia,2022-12-21,Basic,490.15
8083,James Nguyen,james.nguyen.8083@customer.co,Italy,2025-03-29,Standard,569.94
8084,Maria Lee,maria.lee.8084@shopmail.io,Australia,2021-10-11,Standard,135.36
8085,James Patel,james.patel.8085@mail.example.com,France,2020-12-02,Standard,410.71
8086,Maria Patel,maria.patel.8086@shopmail.io,United States,2025-06-03,Basic,155.48
8087,Priya Lee,priya.lee.8087@shopmail.io,Germany,2025-01-27,Premium,44.60
8088,Noah Khan,noah.khan.8088@inbox.net,Spain,2025-03-17,Basic,699.60
8089,Noah Brown,noah.brown.8089@customer.co,Spain,2024-01-21,Standard,325.85
8090,Noah Khan,noah.khan.8090@inbox.net,Australia,2022-10-25,Standard,341.93
8091,Olivia Patel,olivia.patel.8091@mail.example.com,United Kingdom,2018-03-15,Standard,501.90
8092,Chen Rossi,chen.rossi.8092@shopmail.io,Australia,2018-02-28,Basic,114.06
8093,Arjun Rossi,arjun.rossi.8093@shopmail.io,Italy,2022-05-11,Standard,628.50
8094,Ethan Mueller,ethan.mueller.8094@shopmail.io,United States,2018-12-01,Basic,370.38
8095,Arjun Kim,arjun.kim.8095@inbox.net,Italy,2018-10-17,Basic,143.03
8096,Arjun Patel,arjun.patel.8096@mail.example.com,United Kingdom,2021-10-20,Standard,191.75
8097,Maria Martin,maria.martin.8097@shopmail.io,France,2024-12-22,Standard,686.80
8098,Noah Khan,noah.khan.8098@shopmail.io,India,2024-07-22,Standard,758.16
8099,James Smith,james.smith.8099@mail.example.com,United States,2023-12-04,Standard,149.64
8100,Olivia Khan,olivia.khan.8100@shopmail.io,Canada,2024-12-13,Basic,92.32
8101,Emma Kim,emma.kim.8101@shopmail.io,United Kingdom,2019-10-22,Premium,160.33
8102,Ethan Martin,ethan.martin.8102@inbox.net,United Kingdom,2022-11-02,Premium,434.33
8103,James Khan,james.khan.8103@inbox.net,Germany,2024-04-07,Premium,443.17
8104,Ethan Lee,ethan.lee.8104@shopmail.io,United Kingdom,2018-06-10,Basic,347.87
8105,Maria Nguyen,maria.nguyen.8105@mail.example.com,Italy,2023-07-01,Basic,76.74
8106,Isabella Taylor,isabella.taylor.8106@shopmail.io,United States,2024-07-10,Standard,238.61
8107,Emma Lee,emma.lee.8107@inbox.net,France,2019-02-25,Basic,205.03
8108,James Smith,james.smith.8108@customer.co,Germany,2019-07-05,Standard,176.53
8109,Mia Kim,mia.kim.8109@inbox.net,United Kingdom,2020-11-24,Standard,379.49
8110,Mia Wilson,mia.wilson.8110@customer.co,United States,2023-05-28,Standard,516.91
8111,Noah Khan,noah.khan.8111@inbox.net,Australia,2018-06-11,Premium,159.57
8112,Ethan Lee,ethan.lee.8112@customer.co,Spain,2020-06-28,Standard,26.12
8113,Maria Singh,maria.singh.8113@inbox.net,United States,2018-10-29,Basic,472.64
8114,Noah Patel,noah.patel.8114@inbox.net,France,2018-05-07,Standard,336.04
8115,Mia Singh,mia.singh.8115@customer.co,Spain,2020-09-14,Standard,371.21
8116,Noah Kim,noah.kim.8116@shopmail.io,Spain,2024-11-22,Standard,225.98
8117,Olivia Taylor,olivia.taylor.8117@inbox.net,Spain,2023-10-30,Premium,119.02
8118,Chen Garcia,chen.garcia.8118@customer.co,Spain,2022-10-25,Basic,1303.53
8119,Chen Kim,chen.kim.8119@shopmail.io,Canada,2019-06-22,Standard,1046.05
8120,Chen Brown,chen.brown.8120@shopmail.io,United States,2022-01-27,Standard,52.05
8121,Noah Wilson,noah.wilson.8121@inbox.net,United States,2022-07-13,Standard,164.54
8122,Maria Lee,maria.lee.8122@customer.co,France,2021-05-21,Standard,195.62
8123,Chen Patel,chen.patel.8123@shopmail.io,Italy,2018-04-20,Premium,271.17
8124,Aisha Martin,aisha.martin.8124@inbox.net,Spain,2018-02-12,Premium,297.22
8125,Isabella Garcia,isabella.garcia.8125@inbox.net,Canada,2024-04-10,Basic,82.11
8126,Sofia Patel,sofia.patel.8126@inbox.net,United Kingdom,2019-08-27,Standard,27.39
8127,Liam Singh,liam.singh.8127@customer.co,Italy,2023-02-12,Basic,470.66
8128,Noah Brown,noah.brown.8128@inbox.net,Australia,2024-09-15,Standard,217.55
8129,Priya Dubois,priya.dubois.8129@shopmail.io,Netherlands,2023-02-07,Standard,60.16
8130,Lucas Mueller,lucas.mueller.8130@shopmail.io,Australia,2021-04-06,Standard,603.66
8131,Isabella Nguyen,isabella.nguyen.8131@inbox.net,Spain,2019-12-03,Standard,148.44
8132,James Smith,james.smith.8132@shopmail.io,Australia,2019-10-15,Premium,239.48
8133,Lucas Martin,lucas.martin.8133@customer.co,Germany,2018-07-09,Standard,79.32
8134,Liam Brown,liam.brown.8134@mail.example.com,Australia,2023-05-01,Basic,62.77
8135,Chen Brown,chen.brown.8135@mail.example.com,United States,2019-08-18,Basic,212.98
8136,Lucas Martin,lucas.martin.8136@mail.example.com,United Kingdom,2019-06-18,Premium,179.14
8137,Mia Patel,mia.patel.8137@customer.co,United States,2024-05-23,Basic,463.59
8138,Ethan Nguyen,ethan.nguyen.8138@mail.example.com,United States,2022-04-23,Standard,596.06
8139,Aisha Patel,aisha.patel.8139@mail.example.com,India,2022-05-13,Standard,189.92
8140,Emma Dubois,emma.dubois.8140@mail.example.com,India,2021-08-14,Basic,68.52
8141,Maria Brown,maria.brown.8141@customer.co,Netherlands,2020-03-17,Standard,105.34
8142,Emma Smith,emma.smith.8142@shopmail.io,Spain,2023-01-17,Standard,160.15
8143,Emma Khan,emma.khan.8143@mail.example.com,United States,2024-05-13,Basic,242.13
8144,Olivia Nguyen,olivia.nguyen.8144@shopmail.io,Australia,2025-01-06,Standard,171.30
8145,Emma Brown,emma.brown.8145@customer.co,Canada,2025-03-28,Standard,127.48
8146,Aisha Lee,aisha.lee.8146@mail.example.com,France,2023-07-15,Standard,87.83
8147,Noah Smith,noah.smith.8147@mail.example.com,Netherlands,2020-10-06,Premium,752.67
8148,Emma Kim,emma.kim.8148@shopmail.io,United Kingdom,2022-11-15,Basic,192.61
8149,Arjun Rossi,arjun.rossi.8149@mail.example.com,Canada,2022-04-24,Standard,208.33
8150,Priya Brown,priya.brown.8150@shopmail.io,United Kingdom,2024-07-19,Premium,141.30
8151,Ethan Mueller,ethan.mueller.8151@mail.example.com,India,2018-12-16,Standard,135.74
8152,Sofia Rossi,sofia.rossi.8152@shopmail.io,India,2025-05-10,Premium,497.64
8153,Chen Garcia,chen.garcia.8153@customer.co,United Kingdom,2024-12-14,Basic,174.71
8154,Mia Mueller,mia.mueller.8154@mail.example.com,France,2022-08-30,Basic,321.35
8155,Aisha Mueller,aisha.mueller.8155@inbox.net,United Kingdom,2022-09-01,Premium,485.85
8156,Ethan Kim,ethan.kim.8156@customer.co,Germany,2023-12-28,Premium,158.86
8157,James Mueller,james.mueller.8157@inbox.net,Canada,2021-02-10,Standard,47.15
8158,Liam Wilson,liam.wilson.8158@customer.co,India,2019-01-28,Standard,250.81
8159,Isabella Nguyen,isabella.nguyen.8159@mail.example.com,Australia,2024-11-12,Basic,335.39
8160,Maria Nguyen,maria.nguyen.8160@inbox.net,Italy,2020-10-30,Standard,81.91
8161,Ethan Patel,ethan.patel.8161@mail.example.com,India,2018-03-09,Standard,485.11
8162,Priya Martin,priya.martin.8162@inbox.net,United States,2019-09-29,Basic,55.45
8163,Lucas Rossi,lucas.rossi.8163@inbox.net,United Kingdom,2021-07-02,Standard,142.81
8164,Emma Smith,emma.smith.8164@customer.co,United States,2018-03-16,Basic,234.77
8165,Isabella Lee,isabella.lee.8165@inbox.net,Italy,2022-12-31,Standard,149.72
8166,Mia Khan,mia.khan.8166@inbox.net,United States,2025-04-22,Basic,144.12
8167,Liam Martin,liam.martin.8167@customer.co,India,2018-10-12,Standard,312.11
8168,Chen Mueller,chen.mueller.8168@customer.co,United Kingdom,2019-07-31,Standard,104.23
8169,Arjun Nguyen,arjun.nguyen.8169@shopmail.io,India,2019-03-24,Premium,246.42
8170,Isabella Khan,isabella.khan.8170@inbox.net,Italy,2023-06-17,Basic,382.32
8171,Olivia Nguyen,olivia.nguyen.8171@mail.example.com,Canada,2020-12-27,Basic,109.28
8172,Lucas Brown,lucas.brown.8172@mail.example.com,United States,2025-02-25,Standard,148.64
8173,Priya Garcia,priya.garcia.8173@mail.example.com,Netherlands,2019-02-21,Basic,169.80
8174,Liam Patel,liam.patel.8174@mail.example.com,Australia,2023-11-09,Premium,127.17
8175,Olivia Dubois,olivia.dubois.8175@shopmail.io,India,2025-02-06,Basic,123.03
8176,Priya Martin,priya.martin.8176@shopmail.io,United Kingdom,2020-06-26,Basic,75.00
8177,Lucas Mueller,lucas.mueller.8177@mail.example.com,Spain,2019-10-18,Standard,201.27
8178,Ethan Nguyen,ethan.nguyen.8178@customer.co,Germany,2019-07-03,Basic,287.40
8179,Chen Dubois,chen.dubois.8179@customer.co,Netherlands,2024-07-11,Standard,98.93
8180,Lucas Singh,lucas.singh.8180@shopmail.io,United Kingdom,2019-12-14,Standard,739.97
8181,James Brown,james.brown.8181@customer.co,Canada,2020-09-28,Standard,175.69
8182,Isabella Martin,isabella.martin.8182@mail.example.com,Germany,2024-09-12,Premium,252.19
8183,Priya Khan,priya.khan.8183@customer.co,France,2018-11-11,Standard,287.58
8184,James Singh,james.singh.8184@inbox.net,India,2021-02-25,Standard,513.30
8185,Chen Singh,chen.singh.8185@mail.example.com,United Kingdom,2023-12-24,Standard,851.49
8186,Olivia Dubois,olivia.dubois.8186@shopmail.io,Germany,2024-05-26,Standard,602.81
8187,Chen Wilson,chen.wilson.8187@mail.example.com,United Kingdom,2022-08-29,Standard,96.87
8188,Olivia Khan,olivia.khan.8188@shopmail.io,Spain,2019-03-05,Premium,488.12
8189,Arjun Rossi,arjun.rossi.8189@mail.example.com,Netherlands,2023-07-04,Standard,146.07
8190,Chen Patel,chen.patel.8190@mail.example.com,India,2022-09-14,Standard,809.35
8191,Mia Dubois,mia.dubois.8191@customer.co,Australia,2020-08-13,Standard,97.96
8192,Liam Dubois,liam.dubois.8192@inbox.net,United Kingdom,2023-02-06,Basic,401.33
8193,Chen Khan,chen.khan.8193@customer.co,Canada,2020-05-10,Standard,113.17
8194,Priya Patel,priya.patel.8194@mail.example.com,Spain,2022-07-26,Standard,334.05
8195,Ethan Taylor,ethan.taylor.8195@shopmail.io,United Kingdom,2023-09-08,Premium,84.57
8196,Sofia Rossi,sofia.rossi.8196@customer.co,Italy,2019-08-17,Premium,97.04
8197,Chen Dubois,chen.dubois.8197@inbox.net,India,2025-01-21,Standard,98.37
8198,Maria Brown,maria.brown.8198@customer.co,Netherlands,2018-05-29,Basic,375.65
8199,Lucas Smith,lucas.smith.8199@inbox.net,India,2021-08-10,Premium,230.19
8200,Sofia Lee,sofia.lee.8200@customer.co,Australia,2023-05-31,Basic,234.78
8201,Chen Rossi,chen.rossi.8201@inbox.net,Australia,2018-10-22,Premium,96.69
8202,Emma Brown,emma.brown.8202@shopmail.io,Netherlands,2019-09-01,Basic,450.52
8203,Isabella Singh,isabella.singh.8203@mail.example.com,Germany,2019-04-26,Premium,121.69
8204,Lucas Nguyen,lucas.nguyen.8204@shopmail.io,Italy,2024-08-12,Premium,344.13
8205,Olivia Garcia,olivia.garcia.8205@inbox.net,United Kingdom,2020-06-11,Basic,604.81
8206,Priya Patel,priya.patel.8206@mail.example.com,Netherlands,2023-03-21,Premium,130.14
8207,Arjun Martin,arjun.martin.8207@shopmail.io,Spain,2023-05-03,Premium,1612.82
8208,Ethan Nguyen,ethan.nguyen.8208@customer.co,Australia,2020-10-20,Standard,514.15
8209,Sofia Martin,sofia.martin.8209@inbox.net,India,2019-12-10,Standard,30.20
8210,Arjun Kim,arjun.kim.8210@shopmail.io,Netherlands,2020-08-12,Basic,337.14
8211,Noah Kim,noah.kim.8211@customer.co,United Kingdom,2024-01-14,Standard,597.96
8212,Arjun Martin,arjun.martin.8212@shopmail.io,France,2022-10-15,Premium,437.66
8213,Olivia Garcia,olivia.garcia.8213@customer.co,India,2020-12-18,Standard,41.62
8214,Mia Khan,mia.khan.8214@shopmail.io,United Kingdom,2018-09-10,Basic,773.21
8215,Mia Smith,mia.smith.8215@shopmail.io,Netherlands,2021-07-31,Basic,146.70
8216,Emma Dubois,emma.dubois.8216@shopmail.io,Australia,2021-12-03,Premium,576.37
8217,Chen Rossi,chen.rossi.8217@inbox.net,Italy,2020-10-21,Premium,207.94
8218,Liam Singh,liam.singh.8218@inbox.net,India,2023-11-26,Standard,787.30
8219,Arjun Wilson,arjun.wilson.8219@shopmail.io,Australia,2020-11-15,Standard,278.29
8220,Sofia Wilson,sofia.wilson.8220@shopmail.io,Canada,2018-04-30,Basic,459.29
8221,Arjun Wilson,arjun.wilson.8221@mail.example.com,Germany,2019-10-26,Premium,64.00
8222,Mia Martin,mia.martin.8222@customer.co,United States,2019-03-15,Standard,115.75
8223,James Garcia,james.garcia.8223@mail.example.com,Canada,2025-06-08,Basic,424.30
8224,Chen Lee,chen.lee.8224@inbox.net,Canada,2024-12-30,Standard,179.77
8225,Priya Dubois,priya.dubois.8225@shopmail.io,Canada,2024-05-08,Premium,98.56
8226,Sofia Wilson,sofia.wilson.8226@shopmail.io,Canada,2024-12-26,Premium,198.30
8227,Maria Patel,maria.patel.8227@customer.co,Netherlands,2025-03-21,Basic,321.48
8228,Olivia Khan,olivia.khan.8228@inbox.net,Canada,2022-05-14,Standard,181.20
8229,Emma Rossi,emma.rossi.8229@shopmail.io,United Kingdom,2025-04-07,Standard,458.01
8230,Ethan Martin,ethan.martin.8230@mail.example.com,United States,2022-07-15,Standard,69.44
8231,Lucas Taylor,lucas.taylor.8231@shopmail.io,Spain,2023-08-09,Standard,676.90
8232,Aisha Mueller,aisha.mueller.8232@customer.co,Spain,2023-02-24,Standard,214.90
8233,Aisha Patel,aisha.patel.8233@shopmail.io,Australia,2024-04-19,Premium,545.67
8234,Noah Singh,noah.singh.8234@customer.co,Canada,2020-07-08,Standard,16.49
8235,Maria Kim,maria.kim.8235@customer.co,India,2018-11-15,Premium,363.07
8236,Aisha Brown,aisha.brown.8236@shopmail.io,Italy,2018-05-21,Standard,147.82
8237,Lucas Mueller,lucas.mueller.8237@inbox.net,Canada,2018-05-18,Basic,99.86
8238,Emma Garcia,emma.garcia.8238@mail.example.com,Spain,2023-05-11,Standard,1522.75
8239,Ethan Rossi,ethan.rossi.8239@mail.example.com,Australia,2019-10-17,Standard,263.73
8240,Emma Singh,emma.singh.8240@mail.example.com,Netherlands,2025-02-10,Standard,123.54
8241,Lucas Kim,lucas.kim.8241@shopmail.io,Germany,2018-05-26,Basic,123.21
8242,Liam Smith,liam.smith.8242@mail.example.com,Italy,2023-02-13,Basic,147.35
8243,Ethan Rossi,ethan.rossi.8243@mail.example.com,Italy,2022-07-17,Basic,128.80
8244,Emma Dubois,emma.dubois.8244@inbox.net,Italy,2022-12-01,Premium,37.15
8245,Olivia Patel,olivia.patel.8245@customer.co,United Kingdom,2022-11-11,Standard,187.58
8246,Isabella Taylor,isabella.taylor.8246@inbox.net,United States,2018-08-11,Premium,348.53
8247,Emma Kim,emma.kim.8247@inbox.net,United States,2024-10-21,Basic,62.54
8248,Arjun Brown,arjun.brown.8248@inbox.net,Netherlands,2020-04-12,Basic,229.61
8249,Arjun Mueller,arjun.mueller.8249@customer.co,Germany,2022-11-02,Basic,355.16
8250,Emma Taylor,emma.taylor.8250@customer.co,United States,2021-08-20,Standard,88.87
8251,Liam Taylor,liam.taylor.8251@inbox.net,France,2023-04-09,Standard,475.94
8252,James Patel,james.patel.8252@inbox.net,Netherlands,2019-02-19,Standard,732.38
8253,Mia Martin,mia.martin.8253@shopmail.io,Netherlands,2024-03-22,Standard,315.89
8254,Isabella Patel,isabella.patel.8254@shopmail.io,France,2024-04-26,Basic,114.71
8255,Priya Rossi,priya.rossi.8255@shopmail.io,India,2023-08-17,Premium,234.56
8256,Noah Dubois,noah.dubois.8256@mail.example.com,Germany,2022-05-20,Basic,123.38
8257,Maria Smith,maria.smith.8257@customer.co,India,2025-05-20,Standard,427.57
8258,Mia Nguyen,mia.nguyen.8258@shopmail.io,Netherlands,2022-10-19,Premium,301.45
8259,Lucas Lee,lucas.lee.8259@inbox.net,Canada,2019-10-26,Standard,37.44
8260,Noah Lee,noah.lee.8260@mail.example.com,Canada,2019-06-29,Standard,224.36
8261,Arjun Kim,arjun.kim.8261@customer.co,France,2021-03-03,Standard,52.76
8262,James Dubois,james.dubois.8262@inbox.net,India,2022-11-21,Standard,140.61
8263,Liam Singh,liam.singh.8263@inbox.net,United States,2025-03-09,Standard,501.36
8264,Sofia Brown,sofia.brown.8264@inbox.net,United States,2019-09-21,Standard,394.31
8265,Ethan Martin,ethan.martin.8265@mail.example.com,France,2021-12-23,Basic,121.20
8266,Arjun Brown,arjun.brown.8266@customer.co,Spain,2018-02-28,Premium,280.54
8267,Noah Taylor,noah.taylor.8267@customer.co,United States,2020-04-15,Premium,1003.93
8268,Priya Brown,priya.brown.8268@shopmail.io,France,2023-04-29,Basic,328.05
8269,Sofia Smith,sofia.smith.8269@shopmail.io,Germany,2020-01-28,Standard,594.38
8270,Lucas Brown,lucas.brown.8270@inbox.net,Germany,2021-03-06,Premium,84.28
8271,Arjun Smith,arjun.smith.8271@inbox.net,Australia,2024-09-03,Standard,338.61
8272,Lucas Mueller,lucas.mueller.8272@mail.example.com,Germany,2020-05-25,Basic,307.46
8273,Isabella Smith,isabella.smith.8273@mail.example.com,India,2023-01-18,Standard,174.26
8274,Liam Patel,liam.patel.8274@shopmail.io,Canada,2018-04-03,Standard,163.15
8275,Priya Taylor,priya.taylor.8275@customer.co,United States,2023-02-02,Standard,173.18
8276,Sofia Singh,sofia.singh.8276@shopmail.io,Italy,2020-01-19,Basic,111.64
8277,Maria Mueller,maria.mueller.8277@shopmail.io,Canada,2018-09-10,Standard,103.45
8278,Arjun Mueller,arjun.mueller.8278@customer.co,United Kingdom,2024-08-16,Basic,201.86
8279,Maria Martin,maria.martin.8279@shopmail.io,Germany,2019-09-14,Basic,219.95
8280,Noah Lee,noah.lee.8280@inbox.net,Italy,2024-12-09,Basic,109.34
8281,Chen Brown,chen.brown.8281@mail.example.com,Netherlands,2024-02-03,Standard,37.09
8282,Priya Patel,priya.patel.8282@inbox.net,Australia,2025-04-15,Basic,275.69
8283,Mia Taylor,mia.taylor.8283@mail.example.com,United Kingdom,2024-07-14,Standard,119.89
8284,Aisha Wilson,aisha.wilson.8284@inbox.net,Canada,2019-01-05,Standard,302.10
8285,Chen Dubois,chen.dubois.8285@mail.example.com,Canada,2020-12-29,Premium,249.62
8286,Liam Dubois,liam.dubois.8286@customer.co,United Kingdom,2020-07-20,Standard,93.65
8287,Mia Rossi,mia.rossi.8287@shopmail.io,Australia,2021-09-03,Premium,922.21
8288,Priya Singh,priya.singh.8288@mail.example.com,Germany,2018-09-19,Premium,160.36
8289,Chen Nguyen,chen.nguyen.8289@customer.co,France,2025-01-19,Basic,290.31
8290,Chen Martin,chen.martin.8290@mail.example.com,India,2024-04-19,Basic,166.15
8291,Mia Nguyen,mia.nguyen.8291@customer.co,Canada,2018-10-09,Standard,417.01
8292,Maria Wilson,maria.wilson.8292@customer.co,Germany,2023-03-15,Premium,516.09
8293,Mia Martin,mia.martin.8293@mail.example.com,United States,2021-06-30,Standard,1098.59
8294,Mia Nguyen,mia.nguyen.8294@customer.co,India,2023-09-08,Premium,258.71
8295,Olivia Smith,olivia.smith.8295@mail.example.com,Australia,2019-03-24,Basic,335.17
8296,Lucas Martin,lucas.martin.8296@inbox.net,Canada,2019-01-20,Standard,189.74
8297,Arjun Kim,arjun.kim.8297@mail.example.com,Germany,2019-11-17,Standard,652.74
8298,Aisha Patel,aisha.patel.8298@shopmail.io,India,2022-09-30,Standard,280.16
8299,Olivia Smith,olivia.smith.8299@customer.co,Italy,2025-02-05,Premium,173.83
8300,Mia Rossi,mia.rossi.8300@inbox.net,United States,2018-08-21,Standard,517.53
8301,Sofia Brown,sofia.brown.8301@shopmail.io,Germany,2024-12-21,Premium,358.76
8302,Priya Smith,priya.smith.8302@customer.co,India,2019-01-10,Basic,60.01
8303,Aisha Brown,aisha.brown.8303@customer.co,Italy,2019-08-31,Premium,388.63
8304,Maria Khan,maria.khan.8304@inbox.net,United States,2018-07-21,Premium,76.66
8305,Lucas Martin,lucas.martin.8305@mail.example.com,Australia,2022-01-23,Standard,494.00
8306,Isabella Dubois,isabella.dubois.8306@customer.co,Netherlands,2022-09-01,Standard,49.26
8307,Liam Dubois,liam.dubois.8307@inbox.net,Spain,2022-03-13,Standard,1746.81
8308,Ethan Wilson,ethan.wilson.8308@mail.example.com,Italy,2021-07-05,Standard,277.02
8309,Ethan Rossi,ethan.rossi.8309@shopmail.io,Germany,2022-05-16,Basic,93.18
8310,Arjun Wilson,arjun.wilson.8310@customer.co,United Kingdom,2018-08-13,Basic,371.93
8311,Aisha Patel,aisha.patel.8311@mail.example.com,France,2020-07-18,Standard,120.97
8312,James Wilson,james.wilson.8312@inbox.net,India,2025-06-14,Basic,134.98
8313,Ethan Martin,ethan.martin.8313@customer.co,United Kingdom,2018-08-20,Standard,227.05
8314,Olivia Smith,olivia.smith.8314@inbox.net,Netherlands,2019-12-02,Basic,1003.67
8315,Chen Mueller,chen.mueller.8315@customer.co,Netherlands,2018-05-28,Basic,259.18
8316,Aisha Mueller,aisha.mueller.8316@inbox.net,United Kingdom,2025-06-12,Standard,121.82
8317,James Smith,james.smith.8317@inbox.net,United States,2021-10-02,Standard,318.80
8318,Mia Taylor,mia.taylor.8318@mail.example.com,India,2020-05-02,Standard,236.76
8319,Noah Dubois,noah.dubois.8319@shopmail.io,Spain,2022-06-23,Standard,146.58
8320,Lucas Kim,lucas.kim.8320@shopmail.io,Canada,2025-07-24,Standard,350.22
8321,Maria Patel,maria.patel.8321@mail.example.com,India,2021-12-19,Basic,103.86
8322,James Brown,james.brown.8322@mail.example.com,Australia,2021-04-23,Basic,94.81
8323,James Khan,james.khan.8323@customer.co,Spain,2019-07-31,Basic,284.97
8324,Noah Wilson,noah.wilson.8324@inbox.net,France,2025-01-02,Basic,145.90
8325,Aisha Smith,aisha.smith.8325@shopmail.io,Canada,2018-10-25,Premium,401.45
8326,Maria Singh,maria.singh.8326@inbox.net,Netherlands,2020-09-18,Standard,132.58
8327,Maria Martin,maria.martin.8327@mail.example.com,United Kingdom,2021-11-02,Standard,174.14
8328,Chen Patel,chen.patel.8328@shopmail.io,India,2024-09-29,Basic,636.62
8329,Mia Kim,mia.kim.8329@inbox.net,France,2024-12-01,Standard,302.33
8330,Ethan Nguyen,ethan.nguyen.8330@inbox.net,France,2021-09-25,Standard,307.94
8331,Ethan Mueller,ethan.mueller.8331@inbox.net,Australia,2022-04-01,Premium,77.65
8332,Isabella Singh,isabella.singh.8332@customer.co,Germany,2019-07-14,Standard,235.84
8333,Sofia Brown,sofia.brown.8333@mail.example.com,France,2019-03-25,Standard,367.19
8334,Chen Patel,chen.patel.8334@mail.example.com,Canada,2021-09-19,Basic,131.06
8335,Arjun Mueller,arjun.mueller.8335@mail.example.com,Australia,2020-11-09,Premium,42.93
8336,Noah Mueller,noah.mueller.8336@shopmail.io,Netherlands,2018-10-31,Premium,158.80
8337,Mia Rossi,mia.rossi.8337@customer.co,United Kingdom,2025-07-10,Premium,342.71
8338,Maria Mueller,maria.mueller.8338@inbox.net,Spain,2020-02-14,Standard,163.49
8339,Chen Lee,chen.lee.8339@mail.example.com,Germany,2024-06-01,Standard,170.00
8340,Lucas Patel,lucas.patel.8340@customer.co,United States,2018-04-23,Basic,152.93
8341,Lucas Rossi,lucas.rossi.8341@mail.example.com,Netherlands,2019-08-17,Standard,271.68
8342,Maria Nguyen,maria.nguyen.8342@inbox.net,Canada,2020-11-26,Standard,260.30
8343,Isabella Smith,isabella.smith.8343@shopmail.io,United Kingdom,2025-07-10,Premium,109.99
8344,Chen Garcia,chen.garcia.8344@shopmail.io,France,2019-09-30,Premium,463.43
8345,Emma Garcia,emma.garcia.8345@customer.co,United States,2020-06-27,Standard,105.82
8346,Olivia Rossi,olivia.rossi.8346@customer.co,Italy,2024-07-22,Basic,153.57
8347,Sofia Garcia,sofia.garcia.8347@customer.co,Germany,2019-10-08,Basic,111.81
8348,Priya Brown,priya.brown.8348@customer.co,France,2021-11-09,Basic,105.43
8349,Maria Mueller,maria.mueller.8349@shopmail.io,India,2018-06-13,Standard,99.90
8350,Sofia Nguyen,sofia.nguyen.8350@mail.example.com,Spain,2024-05-08,Standard,162.00
8351,Isabella Dubois,isabella.dubois.8351@customer.co,Canada,2024-12-01,Premium,749.77
8352,Ethan Nguyen,ethan.nguyen.8352@mail.example.com,United Kingdom,2018-10-15,Basic,643.63
8353,Aisha Dubois,aisha.dubois.8353@mail.example.com,Germany,2019-03-05,Premium,259.05
8354,Arjun Wilson,arjun.wilson.8354@customer.co,United Kingdom,2024-06-11,Basic,617.80
8355,Emma Kim,emma.kim.8355@shopmail.io,France,2019-01-21,Basic,806.51
8356,Chen Brown,chen.brown.8356@mail.example.com,United States,2018-08-15,Standard,823.76
8357,Mia Singh,mia.singh.8357@inbox.net,United Kingdom,2018-02-09,Standard,295.37
8358,Sofia Mueller,sofia.mueller.8358@customer.co,Spain,2025-05-09,Standard,668.01
8359,Maria Nguyen,maria.nguyen.8359@shopmail.io,France,2024-11-22,Basic,201.13
8360,Aisha Brown,aisha.brown.8360@customer.co,India,2022-01-13,Standard,210.83
8361,Lucas Dubois,lucas.dubois.8361@customer.co,United States,2023-03-30,Basic,164.85
8362,Mia Kim,mia.kim.8362@shopmail.io,Italy,2025-08-25,Premium,231.54
8363,James Wilson,james.wilson.8363@shopmail.io,Australia,2020-02-03,Standard,231.64
8364,Aisha Dubois,aisha.dubois.8364@inbox.net,Germany,2023-01-26,Premium,365.42
8365,Mia Dubois,mia.dubois.8365@mail.example.com,Germany,2018-06-02,Premium,530.34
8366,James Wilson,james.wilson.8366@shopmail.io,Germany,2019-08-20,Standard,91.62
8367,Emma Garcia,emma.garcia.8367@shopmail.io,United Kingdom,2023-07-21,Standard,255.31
8368,Olivia Dubois,olivia.dubois.8368@inbox.net,France,2021-01-23,Standard,195.12
8369,James Nguyen,james.nguyen.8369@inbox.net,Netherlands,2023-02-10,Standard,185.99
8370,Mia Smith,mia.smith.8370@inbox.net,Netherlands,2019-08-03,Standard,535.07
8371,Olivia Wilson,olivia.wilson.8371@customer.co,India,2022-02-21,Premium,85.51
8372,Arjun Smith,arjun.smith.8372@shopmail.io,Germany,2020-03-17,Premium,129.71
8373,Priya Rossi,priya.rossi.8373@customer.co,France,2022-06-12,Standard,140.29
8374,Liam Mueller,liam.mueller.8374@inbox.net,Netherlands,2025-02-08,Premium,270.74
8375,Liam Nguyen,liam.nguyen.8375@shopmail.io,India,2023-10-13,Standard,271.35
8376,Isabella Martin,isabella.martin.8376@mail.example.com,Italy,2020-03-01,Premium,308.55
8377,Chen Smith,chen.smith.8377@mail.example.com,Netherlands,2021-12-26,Standard,197.68
8378,Arjun Nguyen,arjun.nguyen.8378@customer.co,Australia,2019-07-22,Basic,510.52
8379,Mia Nguyen,mia.nguyen.8379@inbox.net,France,2023-05-03,Premium,57.21
8380,Arjun Brown,arjun.brown.8380@shopmail.io,Germany,2019-04-11,Premium,112.95
8381,Arjun Lee,arjun.lee.8381@shopmail.io,Italy,2019-05-30,Standard,306.21
8382,Olivia Wilson,olivia.wilson.8382@customer.co,France,2025-01-21,Standard,430.15
8383,Noah Smith,noah.smith.8383@shopmail.io,France,2022-05-26,Standard,420.31
8384,Chen Martin,chen.martin.8384@mail.example.com,India,2018-06-12,Standard,94.81
8385,Lucas Rossi,lucas.rossi.8385@inbox.net,Italy,2025-03-13,Standard,262.95
8386,Lucas Nguyen,lucas.nguyen.8386@shopmail.io,United States,2023-01-04,Premium,112.36
8387,Liam Brown,liam.brown.8387@shopmail.io,Spain,2022-03-27,Basic,272.73
8388,Liam Brown,liam.brown.8388@mail.example.com,Germany,2023-01-24,Basic,201.16
8389,Emma Wilson,emma.wilson.8389@customer.co,Australia,2023-09-30,Standard,333.84
8390,Mia Rossi,mia.rossi.8390@mail.example.com,Canada,2025-03-10,Standard,236.55
8391,Maria Taylor,maria.taylor.8391@shopmail.io,France,2020-08-28,Basic,499.36
8392,Mia Kim,mia.kim.8392@inbox.net,Netherlands,2020-01-06,Standard,501.50
8393,Ethan Smith,ethan.smith.8393@customer.co,Netherlands,2018-08-30,Premium,106.89
8394,Lucas Lee,lucas.lee.8394@customer.co,United Kingdom,2020-03-12,Standard,71.60
8395,James Singh,james.singh.8395@mail.example.com,Australia,2023-05-13,Standard,51.84
8396,Priya Wilson,priya.wilson.8396@shopmail.io,Germany,2022-08-30,Basic,447.53
8397,Aisha Khan,aisha.khan.8397@inbox.net,Spain,2020-08-16,Basic,523.43
8398,Priya Singh,priya.singh.8398@shopmail.io,Italy,2021-02-02,Premium,610.50
8399,Isabella Martin,isabella.martin.8399@mail.example.com,Germany,2020-02-13,Standard,362.22
8400,Aisha Khan,aisha.khan.8400@customer.co,India,2020-09-12,Basic,508.72
8401,Mia Lee,mia.lee.8401@customer.co,France,2018-07-24,Premium,1485.26
8402,Olivia Khan,olivia.khan.8402@inbox.net,United Kingdom,2023-03-27,Premium,171.55
8403,Mia Singh,mia.singh.8403@shopmail.io,Germany,2020-06-16,Standard,1054.69
8404,Liam Dubois,liam.dubois.8404@shopmail.io,United Kingdom,2023-05-10,Standard,136.67
8405,Priya Singh,priya.singh.8405@shopmail.io,Netherlands,2022-08-28,Standard,117.43
8406,Sofia Lee,sofia.lee.8406@inbox.net,Germany,2018-10-04,Standard,224.31
8407,Lucas Mueller,lucas.mueller.8407@mail.example.com,Germany,2018-09-20,Basic,96.67
8408,Liam Garcia,liam.garcia.8408@mail.example.com,United States,2022-05-16,Premium,120.98
8409,Liam Nguyen,liam.nguyen.8409@customer.co,United Kingdom,2019-06-05,Standard,245.83
8410,Isabella Mueller,isabella.mueller.8410@customer.co,France,2023-03-19,Standard,499.07
8411,James Rossi,james.rossi.8411@shopmail.io,Germany,2025-01-04,Premium,676.13
8412,Aisha Garcia,aisha.garcia.8412@inbox.net,Netherlands,2018-04-11,Basic,1233.88
8413,Ethan Taylor,ethan.taylor.8413@shopmail.io,Australia,2018-09-29,Standard,64.41
8414,Emma Smith,emma.smith.8414@mail.example.com,Germany,2019-05-10,Premium,456.23
8415,Sofia Nguyen,sofia.nguyen.8415@shopmail.io,United States,2023-08-31,Basic,113.98
8416,Emma Patel,emma.patel.8416@mail.example.com,Canada,2018-10-09,Standard,444.89
8417,Maria Martin,maria.martin.8417@mail.example.com,India,2019-04-30,Basic,137.28
8418,James Martin,james.martin.8418@inbox.net,Netherlands,2020-12-31,Basic,983.38
8419,Noah Wilson,noah.wilson.8419@shopmail.io,Canada,2024-05-29,Basic,224.70
8420,Isabella Kim,isabella.kim.8420@shopmail.io,Canada,2024-02-06,Premium,1069.33
8421,Aisha Nguyen,aisha.nguyen.8421@customer.co,Netherlands,2021-05-12,Standard,187.57
8422,Mia Singh,mia.singh.8422@inbox.net,Canada,2023-11-07,Premium,217.90
8423,Ethan Martin,ethan.martin.8423@customer.co,India,2024-08-02,Standard,159.61
8424,Noah Kim,noah.kim.8424@customer.co,Spain,2024-09-04,Premium,278.16
8425,Ethan Brown,ethan.brown.8425@shopmail.io,India,2020-04-08,Premium,419.52
8426,Liam Kim,liam.kim.8426@customer.co,Spain,2019-07-08,Premium,138.30
8427,Liam Smith,liam.smith.8427@mail.example.com,United States,2018-10-04,Premium,224.59
8428,Priya Taylor,priya.taylor.8428@customer.co,Netherlands,2019-02-08,Basic,83.27
8429,Sofia Lee,sofia.lee.8429@inbox.net,Netherlands,2020-08-16,Premium,1032.10
8430,Ethan Smith,ethan.smith.8430@shopmail.io,Spain,2019-02-23,Premium,551.39
8431,Olivia Khan,olivia.khan.8431@customer.co,United States,2023-02-16,Basic,65.01
8432,Aisha Khan,aisha.khan.8432@customer.co,Netherlands,2020-05-19,Basic,102.65
8433,Liam Brown,liam.brown.8433@inbox.net,Australia,2024-03-02,Standard,263.44
8434,Arjun Rossi,arjun.rossi.8434@customer.co,Germany,2025-06-19,Standard,106.36
8435,Chen Lee,chen.lee.8435@inbox.net,Netherlands,2025-04-22,Standard,396.42
8436,Isabella Khan,isabella.khan.8436@inbox.net,Spain,2023-11-20,Premium,658.98
8437,Lucas Khan,lucas.khan.8437@shopmail.io,Australia,2020-10-04,Standard,278.82
8438,Arjun Taylor,arjun.taylor.8438@inbox.net,Netherlands,2018-11-21,Premium,87.56
8439,Chen Wilson,chen.wilson.8439@customer.co,United Kingdom,2018-10-12,Basic,98.33
8440,Sofia Kim,sofia.kim.8440@inbox.net,France,2022-04-29,Standard,672.64
8441,Noah Garcia,noah.garcia.8441@shopmail.io,Canada,2021-02-14,Premium,377.52
8442,Emma Dubois,emma.dubois.8442@inbox.net,Netherlands,2020-11-30,Premium,1866.07
8443,Sofia Smith,sofia.smith.8443@shopmail.io,Australia,2019-06-30,Standard,216.57
8444,Noah Lee,noah.lee.8444@inbox.net,Australia,2022-12-24,Standard,460.44
8445,Noah Dubois,noah.dubois.8445@mail.example.com,United States,2022-01-05,Standard,131.83
8446,Noah Wilson,noah.wilson.8446@shopmail.io,Spain,2023-02-22,Standard,108.13
8447,Chen Dubois,chen.dubois.8447@customer.co,Italy,2020-05-29,Standard,624.24
8448,Aisha Nguyen,aisha.nguyen.8448@shopmail.io,Spain,2021-05-12,Standard,446.80
8449,Liam Taylor,liam.taylor.8449@mail.example.com,United Kingdom,2023-04-16,Basic,47.88
8450,Maria Smith,maria.smith.8450@mail.example.com,Spain,2022-11-02,Standard,180.62
8451,Olivia Khan,olivia.khan.8451@customer.co,Canada,2020-02-22,Standard,156.42
8452,Liam Lee,liam.lee.8452@mail.example.com,Germany,2024-04-07,Standard,834.24
8453,Liam Smith,liam.smith.8453@mail.example.com,Australia,2024-03-13,Basic,395.52
8454,Mia Taylor,mia.taylor.8454@inbox.net,France,2019-06-16,Standard,399.29
8455,Aisha Martin,aisha.martin.8455@shopmail.io,France,2020-10-06,Premium,85.62
8456,Liam Mueller,liam.mueller.8456@shopmail.io,Spain,2024-11-26,Premium,65.03
8457,Olivia Kim,olivia.kim.8457@inbox.net,France,2025-07-01,Standard,115.43
8458,Priya Kim,priya.kim.8458@shopmail.io,Italy,2025-01-20,Standard,257.14
8459,Arjun Khan,arjun.khan.8459@mail.example.com,Canada,2023-10-21,Standard,280.70
8460,Olivia Smith,olivia.smith.8460@customer.co,India,2023-06-23,Standard,289.81
8461,Liam Brown,liam.brown.8461@inbox.net,France,2022-05-23,Standard,231.79
8462,Liam Singh,liam.singh.8462@customer.co,Germany,2023-12-13,Premium,545.97
8463,Mia Lee,mia.lee.8463@mail.example.com,Italy,2019-08-01,Premium,94.98
8464,Ethan Mueller,ethan.mueller.8464@shopmail.io,Netherlands,2023-06-25,Basic,141.76
8465,Isabella Rossi,isabella.rossi.8465@mail.example.com,United Kingdom,2020-09-25,Standard,132.74
8466,Arjun Smith,arjun.smith.8466@customer.co,Italy,2019-03-21,Premium,154.92
8467,Ethan Dubois,ethan.dubois.8467@mail.example.com,Australia,2023-02-08,Premium,239.45
8468,Ethan Dubois,ethan.dubois.8468@mail.example.com,Germany,2023-06-22,Basic,225.98
8469,Lucas Patel,lucas.patel.8469@mail.example.com,Italy,2018-02-07,Basic,167.48
8470,Aisha Garcia,aisha.garcia.8470@inbox.net,Italy,2025-03-09,Premium,115.61
8471,Mia Martin,mia.martin.8471@inbox.net,United States,2024-11-27,Premium,92.86
8472,Isabella Mueller,isabella.mueller.8472@inbox.net,Germany,2020-11-01,Premium,408.82
8473,Maria Dubois,maria.dubois.8473@customer.co,Australia,2020-05-04,Standard,156.92
8474,Lucas Brown,lucas.brown.8474@mail.example.com,Australia,2020-03-28,Standard,253.33
8475,Lucas Wilson,lucas.wilson.8475@customer.co,Italy,2020-01-19,Standard,187.73
8476,Mia Wilson,mia.wilson.8476@mail.example.com,United States,2023-04-14,Standard,418.20
8477,Lucas Rossi,lucas.rossi.8477@customer.co,India,2022-01-04,Standard,410.81
8478,Maria Wilson,maria.wilson.8478@shopmail.io,India,2023-02-06,Standard,1000.49
8479,Arjun Mueller,arjun.mueller.8479@shopmail.io,Australia,2024-06-08,Basic,559.57
8480,Ethan Rossi,ethan.rossi.8480@inbox.net,United Kingdom,2021-07-23,Premium,2052.58
8481,Chen Wilson,chen.wilson.8481@inbox.net,France,2023-12-03,Premium,681.91
8482,Noah Patel,noah.patel.8482@mail.example.com,France,2024-02-25,Basic,227.86
8483,Arjun Kim,arjun.kim.8483@mail.example.com,United States,2022-01-10,Standard,83.85
8484,Chen Mueller,chen.mueller.8484@inbox.net,Spain,2020-05-16,Standard,180.72
8485,Sofia Mueller,sofia.mueller.8485@inbox.net,Italy,2022-06-06,Premium,429.54
8486,Maria Mueller,maria.mueller.8486@inbox.net,Italy,2024-05-19,Basic,181.84
8487,Emma Rossi,emma.rossi.8487@mail.example.com,United Kingdom,2018-02-23,Standard,101.89
8488,Priya Singh,priya.singh.8488@shopmail.io,United States,2020-01-06,Standard,141.75
8489,Priya Wilson,priya.wilson.8489@customer.co,Germany,2020-02-12,Premium,161.08
8490,Chen Smith,chen.smith.8490@shopmail.io,Germany,2021-02-14,Standard,878.07
8491,Emma Dubois,emma.dubois.8491@customer.co,Spain,2021-07-19,Basic,123.42
8492,James Patel,james.patel.8492@mail.example.com,Spain,2024-11-25,Standard,236.52
8493,Aisha Garcia,aisha.garcia.8493@inbox.net,Australia,2019-08-17,Basic,669.08
8494,Maria Dubois,maria.dubois.8494@customer.co,India,2021-06-09,Standard,74.88
8495,Aisha Patel,aisha.patel.8495@shopmail.io,United States,2024-04-29,Premium,389.53
8496,Emma Brown,emma.brown.8496@customer.co,Netherlands,2019-04-13,Standard,508.12
8497,Priya Martin,priya.martin.8497@shopmail.io,Netherlands,2024-06-28,Basic,371.63
8498,Ethan Singh,ethan.singh.8498@customer.co,Spain,2018-03-09,Standard,158.43
8499,Emma Mueller,emma.mueller.8499@inbox.net,Australia,2018-09-07,Premium,245.64
8500,Maria Singh,maria.singh.8500@mail.example.com,France,2025-03-25,Standard,33.57
8501,Maria Brown,maria.brown.8501@shopmail.io,India,2022-10-21,Basic,252.73
8502,Liam Martin,liam.martin.8502@mail.example.com,United States,2020-05-11,Premium,268.61
8503,Ethan Smith,ethan.smith.8503@inbox.net,United States,2025-07-11,Basic,476.00
8504,Liam Singh,liam.singh.8504@customer.co,United States,2024-04-07,Standard,632.24
8505,Olivia Taylor,olivia.taylor.8505@inbox.net,Germany,2018-10-04,Standard,471.54
8506,Mia Khan,mia.khan.8506@customer.co,Spain,2019-06-27,Standard,264.33
8507,Ethan Khan,ethan.khan.8507@shopmail.io,United States,2024-03-04,Standard,368.39
8508,Emma Kim,emma.kim.8508@mail.example.com,Australia,2022-05-22,Basic,179.30
8509,Aisha Khan,aisha.khan.8509@shopmail.io,Australia,2019-06-10,Basic,677.52
8510,Arjun Kim,arjun.kim.8510@customer.co,France,2019-12-02,Standard,181.26
8511,Isabella Lee,isabella.lee.8511@inbox.net,Australia,2021-07-05,Standard,182.66
8512,Aisha Khan,aisha.khan.8512@mail.example.com,Netherlands,2025-03-06,Basic,160.97
8513,Arjun Mueller,arjun.mueller.8513@shopmail.io,United States,2020-01-31,Basic,109.38
8514,Mia Khan,mia.khan.8514@inbox.net,United States,2025-05-16,Basic,53.71
8515,Aisha Garcia,aisha.garcia.8515@inbox.net,United States,2025-08-09,Standard,310.96
8516,Chen Lee,chen.lee.8516@mail.example.com,United States,2023-11-18,Basic,103.60
8517,Liam Patel,liam.patel.8517@inbox.net,Netherlands,2025-03-17,Basic,488.63
8518,Emma Nguyen,emma.nguyen.8518@shopmail.io,Netherlands,2023-04-12,Premium,81.63
8519,Aisha Dubois,aisha.dubois.8519@customer.co,Netherlands,2019-10-20,Standard,178.12
8520,Arjun Garcia,arjun.garcia.8520@shopmail.io,India,2024-10-01,Standard,689.20
8521,Maria Singh,maria.singh.8521@shopmail.io,Spain,2018-08-06,Basic,45.36
8522,Isabella Lee,isabella.lee.8522@mail.example.com,Spain,2018-08-08,Standard,285.60
8523,Ethan Dubois,ethan.dubois.8523@customer.co,Germany,2023-01-16,Standard,545.65
8524,Isabella Nguyen,isabella.nguyen.8524@mail.example.com,Canada,2019-03-31,Standard,243.28
8525,Mia Smith,mia.smith.8525@customer.co,United Kingdom,2018-10-09,Premium,575.21
8526,Noah Dubois,noah.dubois.8526@shopmail.io,Spain,2024-09-01,Standard,235.93
8527,Aisha Lee,aisha.lee.8527@shopmail.io,India,2021-09-02,Basic,408.20
8528,Emma Patel,emma.patel.8528@shopmail.io,United Kingdom,2024-09-26,Standard,257.77
8529,James Patel,james.patel.8529@customer.co,Canada,2018-02-16,Premium,101.70
8530,Sofia Khan,sofia.khan.8530@mail.example.com,France,2024-03-24,Standard,123.69
8531,Maria Martin,maria.martin.8531@mail.example.com,Netherlands,2024-11-13,Basic,231.24
8532,Chen Kim,chen.kim.8532@inbox.net,France,2022-06-13,Premium,193.82
8533,Chen Kim,chen.kim.8533@shopmail.io,United States,2023-03-08,Premium,161.07
8534,Chen Brown,chen.brown.8534@mail.example.com,Spain,2022-02-06,Basic,736.24
8535,Isabella Taylor,isabella.taylor.8535@mail.example.com,Spain,2022-11-19,Basic,53.97
8536,Chen Nguyen,chen.nguyen.8536@customer.co,Spain,2023-07-09,Standard,177.83
8537,Liam Garcia,liam.garcia.8537@mail.example.com,Italy,2020-04-02,Premium,137.81
8538,Isabella Mueller,isabella.mueller.8538@shopmail.io,India,2020-06-26,Premium,568.40
8539,Mia Dubois,mia.dubois.8539@customer.co,United Kingdom,2018-03-16,Standard,172.70
8540,Arjun Nguyen,arjun.nguyen.8540@inbox.net,United States,2018-10-15,Basic,46.29
8541,Ethan Kim,ethan.kim.8541@inbox.net,Netherlands,2021-07-22,Standard,219.86
8542,Priya Khan,priya.khan.8542@customer.co,Netherlands,2019-05-25,Standard,400.78
8543,James Singh,james.singh.8543@customer.co,Australia,2018-06-03,Premium,252.07
8544,Chen Brown,chen.brown.8544@customer.co,India,2025-08-20,Standard,130.46
8545,Liam Khan,liam.khan.8545@inbox.net,Australia,2023-11-09,Premium,2648.12
8546,Maria Martin,maria.martin.8546@customer.co,Netherlands,2022-12-15,Standard,143.98
8547,Arjun Martin,arjun.martin.8547@inbox.net,India,2025-07-20,Standard,115.07
8548,Aisha Singh,aisha.singh.8548@inbox.net,Netherlands,2022-08-07,Standard,147.31
8549,Emma Wilson,emma.wilson.8549@customer.co,Italy,2021-11-28,Basic,579.54
8550,Mia Khan,mia.khan.8550@mail.example.com,Italy,2025-06-21,Premium,301.02
8551,Mia Patel,mia.patel.8551@shopmail.io,Italy,2019-07-31,Premium,359.65
8552,Emma Lee,emma.lee.8552@customer.co,Spain,2018-02-14,Standard,330.47
8553,Isabella Martin,isabella.martin.8553@shopmail.io,France,2024-03-27,Standard,178.12
8554,Aisha Rossi,aisha.rossi.8554@inbox.net,Spain,2022-05-02,Standard,354.98
8555,Priya Garcia,priya.garcia.8555@mail.example.com,Canada,2019-01-03,Standard,87.99
8556,Aisha Nguyen,aisha.nguyen.8556@customer.co,United Kingdom,2021-05-12,Basic,331.76
8557,Arjun Patel,arjun.patel.8557@inbox.net,Spain,2021-07-31,Premium,240.60
8558,Chen Lee,chen.lee.8558@customer.co,Spain,2021-03-05,Standard,214.67
8559,Ethan Lee,ethan.lee.8559@customer.co,United States,2018-01-14,Basic,516.51
8560,Olivia Patel,olivia.patel.8560@inbox.net,India,2022-08-17,Premium,114.08
8561,Emma Taylor,emma.taylor.8561@inbox.net,India,2021-04-01,Standard,680.64
8562,Sofia Kim,sofia.kim.8562@mail.example.com,United States,2022-12-03,Standard,143.50
8563,Arjun Lee,arjun.lee.8563@shopmail.io,United Kingdom,2018-06-13,Basic,224.22
8564,Emma Singh,emma.singh.8564@inbox.net,Canada,2018-11-21,Standard,318.78
8565,Liam Dubois,liam.dubois.8565@mail.example.com,Germany,2023-02-18,Standard,92.21
8566,Isabella Garcia,isabella.garcia.8566@customer.co,Germany,2022-02-01,Premium,393.68
8567,Maria Garcia,maria.garcia.8567@customer.co,Australia,2021-07-02,Premium,329.27
8568,Mia Martin,mia.martin.8568@inbox.net,United States,2019-02-11,Standard,155.39
8569,Chen Khan,chen.khan.8569@mail.example.com,India,2020-03-14,Basic,101.08
8570,Olivia Brown,olivia.brown.8570@mail.example.com,United Kingdom,2022-03-02,Premium,74.15
8571,Aisha Nguyen,aisha.nguyen.8571@inbox.net,Spain,2018-03-31,Basic,323.01
8572,James Khan,james.khan.8572@inbox.net,France,2024-04-03,Basic,214.78
8573,Priya Khan,priya.khan.8573@customer.co,United Kingdom,2024-09-18,Standard,306.59
8574,Liam Mueller,liam.mueller.8574@customer.co,Netherlands,2024-06-30,Standard,209.18
8575,Chen Kim,chen.kim.8575@shopmail.io,Italy,2021-08-14,Premium,980.05
8576,Emma Brown,emma.brown.8576@shopmail.io,France,2021-09-02,Basic,551.46
8577,Noah Garcia,noah.garcia.8577@inbox.net,Spain,2022-07-04,Standard,108.41
8578,Aisha Patel,aisha.patel.8578@inbox.net,Italy,2024-04-09,Standard,280.87
8579,Priya Nguyen,priya.nguyen.8579@inbox.net,Netherlands,2020-04-08,Standard,180.94
8580,Emma Martin,emma.martin.8580@mail.example.com,Spain,2021-08-13,Standard,505.43
8581,Lucas Martin,lucas.martin.8581@shopmail.io,United Kingdom,2022-04-10,Standard,806.66
8582,Arjun Dubois,arjun.dubois.8582@inbox.net,Spain,2022-03-31,Standard,492.31
8583,Lucas Mueller,lucas.mueller.8583@mail.example.com,United States,2021-09-12,Basic,819.28
8584,Mia Patel,mia.patel.8584@shopmail.io,India,2021-05-31,Standard,254.39
8585,Maria Martin,maria.martin.8585@customer.co,Netherlands,2024-03-14,Premium,192.04
8586,Olivia Smith,olivia.smith.8586@shopmail.io,Netherlands,2020-09-27,Standard,157.84
8587,Mia Lee,mia.lee.8587@mail.example.com,India,2023-02-11,Basic,118.26
8588,James Brown,james.brown.8588@inbox.net,United Kingdom,2019-01-21,Premium,556.39
8589,Ethan Martin,ethan.martin.8589@mail.example.com,India,2025-04-08,Standard,160.04
8590,Ethan Rossi,ethan.rossi.8590@shopmail.io,India,2023-07-02,Standard,147.13
8591,Lucas Dubois,lucas.dubois.8591@mail.example.com,United Kingdom,2024-04-24,Standard,577.59
8592,Lucas Singh,lucas.singh.8592@mail.example.com,India,2020-09-18,Standard,451.83
8593,Maria Singh,maria.singh.8593@shopmail.io,Spain,2024-05-18,Standard,320.03
8594,Chen Lee,chen.lee.8594@mail.example.com,Italy,2021-10-06,Standard,144.66
8595,Olivia Brown,olivia.brown.8595@shopmail.io,Germany,2022-04-20,Standard,122.35
8596,Isabella Khan,isabella.khan.8596@inbox.net,India,2020-07-02,Basic,136.42
8597,Ethan Smith,ethan.smith.8597@inbox.net,India,2020-04-14,Basic,225.54
8598,Aisha Taylor,aisha.taylor.8598@mail.example.com,United States,2020-01-29,Basic,300.77
8599,Arjun Kim,arjun.kim.8599@inbox.net,United States,2024-12-31,Standard,883.03
8600,Isabella Dubois,isabella.dubois.8600@inbox.net,France,2020-10-16,Basic,136.30
8601,Noah Patel,noah.patel.8601@mail.example.com,Spain,2024-08-17,Premium,285.02
8602,Liam Nguyen,liam.nguyen.8602@inbox.net,Australia,2018-11-29,Basic,102.19
8603,Lucas Khan,lucas.khan.8603@customer.co,Spain,2024-06-12,Standard,182.08
8604,Emma Garcia,emma.garcia.8604@shopmail.io,Germany,2019-06-29,Standard,139.96
8605,Arjun Lee,arjun.lee.8605@mail.example.com,Italy,2018-03-08,Basic,96.67
8606,Mia Kim,mia.kim.8606@customer.co,France,2024-10-08,Premium,159.06
8607,James Martin,james.martin.8607@customer.co,Spain,2020-07-08,Premium,334.40
8608,Arjun Dubois,arjun.dubois.8608@customer.co,United States,2024-11-17,Premium,54.74
8609,James Patel,james.patel.8609@shopmail.io,India,2021-05-12,Premium,264.32
8610,Sofia Rossi,sofia.rossi.8610@inbox.net,Netherlands,2024-06-14,Basic,681.07
8611,Ethan Patel,ethan.patel.8611@mail.example.com,India,2025-01-15,Standard,506.21
8612,Isabella Smith,isabella.smith.8612@inbox.net,Canada,2023-04-18,Standard,206.92
8613,Chen Brown,chen.brown.8613@shopmail.io,Netherlands,2021-10-18,Standard,682.28
8614,Mia Lee,mia.lee.8614@inbox.net,United States,2022-12-27,Premium,190.43
8615,Aisha Wilson,aisha.wilson.8615@mail.example.com,Spain,2024-11-17,Basic,308.04
8616,Priya Dubois,priya.dubois.8616@shopmail.io,France,2023-08-04,Standard,41.57
8617,Ethan Khan,ethan.khan.8617@mail.example.com,Australia,2022-08-10,Standard,104.45
8618,Noah Taylor,noah.taylor.8618@shopmail.io,India,2023-01-20,Premium,123.39
8619,Sofia Brown,sofia.brown.8619@mail.example.com,Australia,2020-09-21,Standard,1082.39
8620,Priya Dubois,priya.dubois.8620@mail.example.com,Canada,2025-01-11,Premium,152.09
8621,Noah Lee,noah.lee.8621@mail.example.com,United States,2019-02-03,Basic,478.04
8622,Mia Rossi,mia.rossi.8622@inbox.net,Germany,2022-06-08,Basic,194.80
8623,Liam Wilson,liam.wilson.8623@inbox.net,Australia,2019-06-17,Standard,217.33
8624,Arjun Smith,arjun.smith.8624@customer.co,Canada,2018-11-17,Standard,55.87
8625,Sofia Wilson,sofia.wilson.8625@customer.co,Germany,2020-10-28,Standard,80.09
8626,Isabella Singh,isabella.singh.8626@mail.example.com,Italy,2024-07-08,Basic,119.86
8627,Lucas Nguyen,lucas.nguyen.8627@customer.co,India,2025-08-22,Standard,211.58
8628,Arjun Nguyen,arjun.nguyen.8628@shopmail.io,Spain,2025-06-03,Standard,122.58
8629,Olivia Taylor,olivia.taylor.8629@inbox.net,Spain,2024-11-10,Standard,119.84
8630,Liam Patel,liam.patel.8630@customer.co,Germany,2023-10-28,Standard,796.65
8631,Olivia Garcia,olivia.garcia.8631@shopmail.io,France,2019-02-03,Basic,246.95
8632,Liam Kim,liam.kim.8632@mail.example.com,United States,2025-04-29,Basic,653.36
8633,Chen Khan,chen.khan.8633@inbox.net,Italy,2024-02-20,Basic,310.83
8634,James Taylor,james.taylor.8634@customer.co,India,2023-07-22,Standard,127.03
8635,Priya Smith,priya.smith.8635@mail.example.com,India,2018-10-17,Standard,246.88
8636,Noah Patel,noah.patel.8636@mail.example.com,India,2025-03-29,Standard,217.42
8637,Chen Brown,chen.brown.8637@customer.co,Germany,2019-10-19,Standard,186.47
8638,Mia Kim,mia.kim.8638@customer.co,Canada,2021-06-30,Basic,304.23
8639,Noah Patel,noah.patel.8639@customer.co,Canada,2024-08-29,Premium,359.80
8640,Lucas Nguyen,lucas.nguyen.8640@mail.example.com,Netherlands,2018-02-12,Basic,230.15
8641,Liam Rossi,liam.rossi.8641@mail.example.com,Australia,2020-02-28,Basic,325.53
8642,Noah Patel,noah.patel.8642@shopmail.io,United Kingdom,2020-07-27,Standard,1162.27
8643,Chen Patel,chen.patel.8643@inbox.net,United States,2021-05-20,Basic,276.40
8644,Arjun Rossi,arjun.rossi.8644@mail.example.com,United States,2023-06-17,Premium,76.00
8645,Chen Brown,chen.brown.8645@customer.co,United Kingdom,2022-09-21,Premium,844.31
8646,Mia Mueller,mia.mueller.8646@mail.example.com,Australia,2024-03-07,Basic,470.26
8647,Isabella Dubois,isabella.dubois.8647@shopmail.io,Spain,2019-12-03,Basic,114.64
8648,Emma Khan,emma.khan.8648@mail.example.com,United Kingdom,2022-09-28,Basic,550.26
8649,Mia Brown,mia.brown.8649@shopmail.io,Germany,2021-07-16,Basic,221.12
8650,Isabella Rossi,isabella.rossi.8650@mail.example.com,France,2020-04-24,Standard,132.72
8651,Mia Singh,mia.singh.8651@customer.co,Australia,2024-03-11,Standard,279.93
8652,Chen Khan,chen.khan.8652@inbox.net,United Kingdom,2022-06-16,Basic,263.15
8653,Ethan Mueller,ethan.mueller.8653@shopmail.io,Italy,2025-01-17,Standard,215.41
8654,Arjun Garcia,arjun.garcia.8654@mail.example.com,Netherlands,2019-07-12,Standard,488.23
8655,Sofia Singh,sofia.singh.8655@mail.example.com,France,2019-01-16,Standard,148.48
8656,Sofia Martin,sofia.martin.8656@inbox.net,Germany,2019-03-02,Standard,104.05
8657,Aisha Lee,aisha.lee.8657@customer.co,Canada,2023-03-21,Standard,89.34
8658,Priya Garcia,priya.garcia.8658@inbox.net,India,2024-09-21,Basic,112.64
8659,Ethan Rossi,ethan.rossi.8659@mail.example.com,Italy,2021-03-14,Standard,556.33
8660,Olivia Rossi,olivia.rossi.8660@inbox.net,France,2024-12-02,Basic,571.28
8661,Ethan Wilson,ethan.wilson.8661@mail.example.com,Australia,2024-06-24,Basic,171.67
8662,Ethan Lee,ethan.lee.8662@customer.co,Canada,2021-09-06,Standard,309.50
8663,Ethan Nguyen,ethan.nguyen.8663@mail.example.com,Italy,2023-02-04,Basic,291.31
8664,Emma Wilson,emma.wilson.8664@shopmail.io,India,2020-10-29,Standard,543.94
8665,Arjun Smith,arjun.smith.8665@shopmail.io,Germany,2023-03-10,Standard,70.44
8666,Noah Rossi,noah.rossi.8666@customer.co,Netherlands,2020-01-10,Basic,70.84
8667,Maria Taylor,maria.taylor.8667@inbox.net,United Kingdom,2022-07-05,Standard,324.35
8668,Ethan Patel,ethan.patel.8668@shopmail.io,Italy,2021-02-12,Standard,664.86
8669,Sofia Lee,sofia.lee.8669@mail.example.com,Spain,2018-02-14,Premium,56.44
8670,Sofia Nguyen,sofia.nguyen.8670@inbox.net,France,2018-01-19,Basic,398.60
8671,Priya Garcia,priya.garcia.8671@customer.co,India,2025-04-06,Basic,214.81
8672,Aisha Kim,aisha.kim.8672@shopmail.io,Netherlands,2018-12-15,Basic,293.66
8673,Mia Lee,mia.lee.8673@inbox.net,France,2019-05-18,Premium,597.81
8674,James Martin,james.martin.8674@shopmail.io,Australia,2021-05-12,Standard,463.93
8675,James Singh,james.singh.8675@mail.example.com,India,2023-09-11,Standard,491.88
8676,Chen Dubois,chen.dubois.8676@inbox.net,Netherlands,2021-04-27,Premium,239.20
8677,Priya Dubois,priya.dubois.8677@customer.co,France,2023-05-13,Basic,1171.91
8678,Olivia Lee,olivia.lee.8678@customer.co,Spain,2018-11-28,Standard,142.36
8679,Liam Smith,liam.smith.8679@customer.co,Spain,2018-02-02,Standard,190.40
8680,Arjun Martin,arjun.martin.8680@inbox.net,Canada,2022-12-13,Basic,311.55
8681,James Nguyen,james.nguyen.8681@inbox.net,Australia,2020-02-22,Standard,367.38
8682,Lucas Mueller,lucas.mueller.8682@shopmail.io,Germany,2024-01-11,Premium,416.19
8683,Priya Mueller,priya.mueller.8683@shopmail.io,Germany,2019-07-22,Standard,608.82
8684,Arjun Taylor,arjun.taylor.8684@customer.co,United States,2020-05-28,Premium,411.95
8685,Aisha Mueller,aisha.mueller.8685@shopmail.io,France,2022-04-22,Standard,234.44
8686,Emma Khan,emma.khan.8686@customer.co,Australia,2021-01-26,Standard,158.13
8687,Ethan Smith,ethan.smith.8687@mail.example.com,France,2023-08-25,Standard,174.77
8688,Priya Khan,priya.khan.8688@mail.example.com,United Kingdom,2024-11-12,Basic,742.94
8689,Noah Khan,noah.khan.8689@customer.co,Netherlands,2021-07-15,Basic,459.70
8690,Priya Taylor,priya.taylor.8690@shopmail.io,Spain,2019-11-09,Basic,178.01
8691,Chen Singh,chen.singh.8691@inbox.net,Netherlands,2023-02-11,Premium,159.03
8692,Emma Kim,emma.kim.8692@mail.example.com,Netherlands,2022-11-29,Premium,304.73
8693,James Lee,james.lee.8693@mail.example.com,Canada,2022-09-28,Premium,221.01
8694,Isabella Kim,isabella.kim.8694@mail.example.com,Australia,2021-05-10,Standard,62.23
8695,Noah Patel,noah.patel.8695@mail.example.com,Germany,2025-03-05,Premium,108.88
8696,Chen Taylor,chen.taylor.8696@shopmail.io,United Kingdom,2025-06-11,Basic,434.21
8697,Ethan Mueller,ethan.mueller.8697@customer.co,Italy,2019-09-03,Basic,930.86
8698,Priya Brown,priya.brown.8698@mail.example.com,Spain,2021-09-18,Basic,513.95
8699,Lucas Taylor,lucas.taylor.8699@shopmail.io,United Kingdom,2021-08-20,Premium,142.42
8700,Priya Khan,priya.khan.8700@mail.example.com,United Kingdom,2024-02-29,Standard,125.30
8701,Lucas Wilson,lucas.wilson.8701@inbox.net,France,2018-02-19,Basic,401.15
8702,Isabella Rossi,isabella.rossi.8702@inbox.net,France,2023-10-30,Standard,193.67
8703,James Patel,james.patel.8703@customer.co,India,2020-03-06,Standard,177.67
8704,Chen Lee,chen.lee.8704@customer.co,France,2022-11-05,Standard,107.49
8705,James Brown,james.brown.8705@customer.co,United States,2024-09-29,Standard,253.80
8706,Olivia Khan,olivia.khan.8706@inbox.net,Germany,2025-02-05,Standard,104.10
8707,Arjun Rossi,arjun.rossi.8707@shopmail.io,Canada,2022-08-16,Standard,987.55
8708,Emma Patel,emma.patel.8708@inbox.net,France,2019-07-29,Standard,174.55
8709,Emma Mueller,emma.mueller.8709@inbox.net,Netherlands,2025-05-01,Standard,350.85
8710,Liam Lee,liam.lee.8710@inbox.net,India,2022-04-29,Premium,703.31
8711,Ethan Rossi,ethan.rossi.8711@inbox.net,United States,2022-12-23,Basic,184.71
8712,Maria Garcia,maria.garcia.8712@inbox.net,India,2022-01-09,Standard,268.18
8713,Lucas Garcia,lucas.garcia.8713@shopmail.io,Germany,2021-05-04,Basic,428.79
8714,Isabella Singh,isabella.singh.8714@shopmail.io,Netherlands,2019-02-27,Premium,869.68
8715,James Dubois,james.dubois.8715@shopmail.io,India,2018-09-03,Standard,1076.63
8716,Ethan Brown,ethan.brown.8716@inbox.net,Australia,2019-08-17,Basic,229.16
8717,Chen Wilson,chen.wilson.8717@inbox.net,Netherlands,2021-05-31,Premium,248.39
8718,Arjun Taylor,arjun.taylor.8718@mail.example.com,India,2020-04-10,Premium,279.81
8719,Lucas Lee,lucas.lee.8719@customer.co,Germany,2022-10-05,Basic,510.96
8720,Mia Dubois,mia.dubois.8720@mail.example.com,France,2021-07-21,Basic,693.36
8721,Sofia Dubois,sofia.dubois.8721@inbox.net,Germany,2023-03-22,Standard,454.55
8722,Chen Taylor,chen.taylor.8722@customer.co,United Kingdom,2021-05-31,Standard,301.52
8723,Arjun Singh,arjun.singh.8723@mail.example.com,Germany,2022-05-29,Standard,894.05
8724,Arjun Khan,arjun.khan.8724@inbox.net,United Kingdom,2024-04-01,Standard,637.76
8725,Noah Singh,noah.singh.8725@mail.example.com,Canada,2022-09-17,Standard,505.08
8726,James Mueller,james.mueller.8726@shopmail.io,Italy,2025-05-31,Basic,430.14
8727,Mia Kim,mia.kim.8727@mail.example.com,Germany,2024-10-21,Standard,151.18
8728,Emma Rossi,emma.rossi.8728@mail.example.com,Italy,2022-11-13,Basic,226.49
8729,Emma Dubois,emma.dubois.8729@inbox.net,Australia,2018-10-04,Standard,418.79
8730,Ethan Brown,ethan.brown.8730@inbox.net,United States,2020-09-19,Standard,215.63
8731,Arjun Rossi,arjun.rossi.8731@mail.example.com,Canada,2020-08-07,Basic,745.25
8732,Olivia Kim,olivia.kim.8732@mail.example.com,Australia,2020-06-18,Standard,217.87
8733,James Taylor,james.taylor.8733@inbox.net,United Kingdom,2021-12-06,Basic,135.79
8734,Maria Patel,maria.patel.8734@shopmail.io,Netherlands,2018-08-03,Basic,277.15
8735,Aisha Garcia,aisha.garcia.8735@mail.example.com,France,2022-03-23,Basic,47.91
8736,James Mueller,james.mueller.8736@inbox.net,India,2022-11-23,Basic,219.98
8737,Isabella Dubois,isabella.dubois.8737@mail.example.com,Italy,2019-06-18,Basic,280.71
8738,Emma Nguyen,emma.nguyen.8738@shopmail.io,Netherlands,2022-12-11,Basic,420.42
8739,Sofia Rossi,sofia.rossi.8739@shopmail.io,Netherlands,2025-07-08,Standard,765.66
8740,Mia Khan,mia.khan.8740@customer.co,Netherlands,2024-11-27,Premium,361.94
8741,Priya Brown,priya.brown.8741@mail.example.com,Italy,2020-04-02,Standard,48.95
8742,Sofia Patel,sofia.patel.8742@mail.example.com,Spain,2019-03-26,Basic,640.85
8743,Emma Smith,emma.smith.8743@mail.example.com,France,2021-09-02,Standard,380.65
8744,Chen Mueller,chen.mueller.8744@customer.co,Australia,2020-09-11,Premium,752.26
8745,Isabella Martin,isabella.martin.8745@shopmail.io,Netherlands,2019-07-01,Basic,147.84
8746,Liam Mueller,liam.mueller.8746@inbox.net,Italy,2019-06-29,Standard,171.64
8747,Priya Smith,priya.smith.8747@shopmail.io,France,2023-06-03,Premium,739.93
8748,Ethan Wilson,ethan.wilson.8748@inbox.net,Spain,2022-08-09,Basic,159.71
8749,Priya Nguyen,priya.nguyen.8749@mail.example.com,India,2021-11-15,Premium,215.12
8750,Sofia Taylor,sofia.taylor.8750@customer.co,United States,2020-09-01,Basic,209.89
8751,Sofia Nguyen,sofia.nguyen.8751@mail.example.com,India,2022-06-26,Standard,516.31
8752,Priya Smith,priya.smith.8752@shopmail.io,United Kingdom,2020-02-09,Standard,229.05
8753,Noah Smith,noah.smith.8753@shopmail.io,Spain,2018-05-21,Premium,1115.03
8754,Mia Smith,mia.smith.8754@shopmail.io,Netherlands,2023-12-10,Basic,213.50
8755,Chen Khan,chen.khan.8755@mail.example.com,United States,2024-10-07,Basic,104.86
8756,Priya Rossi,priya.rossi.8756@shopmail.io,United Kingdom,2024-06-19,Basic,244.33
8757,Maria Khan,maria.khan.8757@mail.example.com,India,2021-09-15,Standard,516.63
8758,Maria Brown,maria.brown.8758@customer.co,Netherlands,2025-06-20,Standard,128.52
8759,James Smith,james.smith.8759@mail.example.com,Netherlands,2018-08-29,Standard,160.24
8760,Mia Garcia,mia.garcia.8760@customer.co,Australia,2018-02-28,Premium,343.47
8761,Priya Dubois,priya.dubois.8761@mail.example.com,United States,2025-04-26,Premium,694.88
8762,Sofia Dubois,sofia.dubois.8762@shopmail.io,Germany,2021-12-26,Premium,297.98
8763,Sofia Lee,sofia.lee.8763@customer.co,Italy,2019-12-02,Standard,791.91
8764,Priya Khan,priya.khan.8764@shopmail.io,Canada,2020-03-26,Standard,304.03
8765,Isabella Smith,isabella.smith.8765@shopmail.io,France,2018-03-09,Premium,259.29
8766,Aisha Brown,aisha.brown.8766@inbox.net,India,2024-07-02,Standard,161.33
8767,James Dubois,james.dubois.8767@customer.co,Canada,2023-07-27,Standard,482.61
8768,Mia Lee,mia.lee.8768@mail.example.com,Netherlands,2025-03-07,Basic,249.91
8769,Lucas Taylor,lucas.taylor.8769@inbox.net,India,2023-05-23,Premium,497.17
8770,Olivia Mueller,olivia.mueller.8770@shopmail.io,Australia,2025-08-09,Standard,309.22
8771,Isabella Singh,isabella.singh.8771@shopmail.io,France,2022-06-22,Standard,754.74
8772,Arjun Patel,arjun.patel.8772@customer.co,United States,2022-09-23,Standard,64.10
8773,James Nguyen,james.nguyen.8773@customer.co,United Kingdom,2019-04-07,Premium,69.05
8774,Noah Kim,noah.kim.8774@customer.co,Australia,2025-08-19,Basic,961.44
8775,Mia Singh,mia.singh.8775@shopmail.io,Australia,2020-09-14,Standard,35.22
8776,James Kim,james.kim.8776@mail.example.com,Germany,2022-12-10,Standard,711.79
8777,Arjun Kim,arjun.kim.8777@inbox.net,Germany,2025-02-20,Premium,3366.06
8778,Olivia Singh,olivia.singh.8778@mail.example.com,United States,2024-08-03,Premium,131.52
8779,Lucas Singh,lucas.singh.8779@customer.co,United States,2024-06-12,Standard,594.24
8780,Isabella Khan,isabella.khan.8780@customer.co,India,2021-01-29,Standard,167.04
8781,Mia Martin,mia.martin.8781@inbox.net,United Kingdom,2020-05-13,Standard,605.45
8782,Mia Dubois,mia.dubois.8782@customer.co,Canada,2019-12-13,Premium,77.95
8783,Lucas Garcia,lucas.garcia.8783@shopmail.io,Germany,2019-01-18,Premium,309.01
8784,Isabella Kim,isabella.kim.8784@customer.co,India,2018-01-06,Basic,358.38
8785,Aisha Smith,aisha.smith.8785@customer.co,Spain,2023-07-02,Basic,370.93
8786,Priya Garcia,priya.garcia.8786@shopmail.io,United States,2018-03-23,Premium,74.10
8787,Arjun Martin,arjun.martin.8787@mail.example.com,Spain,2022-11-06,Premium,151.00
8788,James Brown,james.brown.8788@mail.example.com,Canada,2020-09-17,Basic,85.60
8789,Olivia Singh,olivia.singh.8789@inbox.net,India,2020-08-25,Standard,172.49
8790,James Smith,james.smith.8790@inbox.net,France,2024-10-23,Basic,321.74
8791,Emma Dubois,emma.dubois.8791@mail.example.com,Canada,2019-08-23,Standard,266.75
8792,Arjun Smith,arjun.smith.8792@customer.co,United Kingdom,2021-06-20,Standard,243.10
8793,Aisha Patel,aisha.patel.8793@customer.co,Germany,2024-11-12,Basic,263.22
8794,Sofia Kim,sofia.kim.8794@customer.co,India,2025-07-20,Basic,513.10
8795,Aisha Taylor,aisha.taylor.8795@shopmail.io,United Kingdom,2019-09-15,Premium,652.56
8796,Isabella Smith,isabella.smith.8796@customer.co,Spain,2022-01-13,Premium,177.38
8797,Lucas Patel,lucas.patel.8797@inbox.net,Canada,2024-01-23,Basic,160.91
8798,Mia Singh,mia.singh.8798@mail.example.com,France,2024-11-18,Basic,835.01
8799,Sofia Martin,sofia.martin.8799@customer.co,Germany,2020-08-07,Premium,698.13
8800,Priya Wilson,priya.wilson.8800@mail.example.com,India,2024-06-14,Standard,168.54
8801,Olivia Martin,olivia.martin.8801@customer.co,India,2020-04-15,Premium,219.25
8802,Priya Martin,priya.martin.8802@customer.co,India,2020-01-23,Basic,435.84
8803,Noah Nguyen,noah.nguyen.8803@inbox.net,Germany,2020-07-27,Standard,51.81
8804,Sofia Lee,sofia.lee.8804@inbox.net,Canada,2024-02-29,Standard,81.66
8805,Liam Singh,liam.singh.8805@customer.co,Italy,2024-09-18,Basic,391.16
8806,Liam Dubois,liam.dubois.8806@shopmail.io,Australia,2020-07-16,Basic,174.57
8807,Noah Smith,noah.smith.8807@inbox.net,United States,2022-09-26,Standard,246.91
8808,Lucas Martin,lucas.martin.8808@shopmail.io,Spain,2023-02-08,Standard,368.76
8809,Mia Lee,mia.lee.8809@inbox.net,Canada,2023-09-15,Premium,363.21
8810,James Dubois,james.dubois.8810@customer.co,Spain,2022-06-14,Basic,381.38
8811,Ethan Rossi,ethan.rossi.8811@mail.example.com,Canada,2023-11-21,Basic,65.78
8812,Liam Taylor,liam.taylor.8812@customer.co,Canada,2018-10-29,Standard,106.87
8813,Lucas Patel,lucas.patel.8813@mail.example.com,India,2024-12-15,Premium,106.84
8814,Maria Kim,maria.kim.8814@inbox.net,Germany,2025-01-01,Basic,48.14
8815,Sofia Wilson,sofia.wilson.8815@inbox.net,Spain,2019-08-11,Premium,91.29
8816,Aisha Khan,aisha.khan.8816@inbox.net,Netherlands,2022-08-15,Basic,303.03
8817,Lucas Nguyen,lucas.nguyen.8817@shopmail.io,Netherlands,2024-03-31,Standard,433.64
8818,Emma Wilson,emma.wilson.8818@inbox.net,United Kingdom,2018-11-26,Standard,259.97
8819,Isabella Taylor,isabella.taylor.8819@mail.example.com,Spain,2022-12-23,Standard,237.62
8820,James Dubois,james.dubois.8820@inbox.net,Canada,2022-12-27,Standard,85.97
8821,Chen Martin,chen.martin.8821@shopmail.io,India,2023-10-27,Standard,947.30
8822,Maria Kim,maria.kim.8822@shopmail.io,India,2021-06-17,Standard,127.20
8823,James Singh,james.singh.8823@shopmail.io,Spain,2019-09-26,Standard,46.01
8824,Arjun Martin,arjun.martin.8824@inbox.net,Germany,2021-02-15,Premium,656.91
8825,Maria Lee,maria.lee.8825@mail.example.com,Germany,2020-09-10,Standard,417.78
8826,Priya Wilson,priya.wilson.8826@shopmail.io,United Kingdom,2021-12-10,Premium,311.14
8827,Olivia Garcia,olivia.garcia.8827@mail.example.com,Canada,2020-06-16,Standard,91.69
8828,Liam Kim,liam.kim.8828@shopmail.io,United States,2021-11-29,Standard,280.55
8829,Maria Smith,maria.smith.8829@customer.co,Italy,2025-05-17,Premium,325.91
8830,Isabella Garcia,isabella.garcia.8830@customer.co,Germany,2023-10-20,Basic,265.88
8831,Aisha Nguyen,aisha.nguyen.8831@inbox.net,Netherlands,2025-04-04,Basic,213.61
8832,Lucas Lee,lucas.lee.8832@customer.co,Germany,2020-08-06,Premium,318.72
8833,Noah Rossi,noah.rossi.8833@shopmail.io,Germany,2021-07-03,Premium,1071.39
8834,Chen Garcia,chen.garcia.8834@inbox.net,Italy,2019-09-15,Standard,82.02
8835,Isabella Martin,isabella.martin.8835@customer.co,Australia,2024-12-21,Basic,94.39
8836,Noah Smith,noah.smith.8836@mail.example.com,Italy,2025-07-16,Standard,618.28
8837,Olivia Mueller,olivia.mueller.8837@shopmail.io,United Kingdom,2021-12-10,Basic,388.29
8838,Chen Patel,chen.patel.8838@inbox.net,Spain,2022-09-03,Premium,336.20
8839,Lucas Garcia,lucas.garcia.8839@mail.example.com,Australia,2022-07-28,Standard,347.22
8840,Aisha Brown,aisha.brown.8840@inbox.net,Australia,2025-04-05,Standard,575.18
8841,James Mueller,james.mueller.8841@inbox.net,Germany,2023-10-22,Basic,185.22
8842,Sofia Kim,sofia.kim.8842@inbox.net,Canada,2024-10-12,Standard,801.36
8843,Chen Taylor,chen.taylor.8843@customer.co,France,2019-04-26,Standard,202.66
8844,Aisha Kim,aisha.kim.8844@customer.co,Canada,2023-05-21,Basic,161.76
8845,Mia Dubois,mia.dubois.8845@mail.example.com,Canada,2024-06-28,Standard,324.95
8846,Emma Rossi,emma.rossi.8846@mail.example.com,Spain,2021-10-03,Basic,280.45
8847,Lucas Smith,lucas.smith.8847@inbox.net,Canada,2021-03-03,Premium,223.42
8848,Arjun Smith,arjun.smith.8848@customer.co,Netherlands,2022-12-08,Standard,808.89
8849,Noah Wilson,noah.wilson.8849@inbox.net,United States,2018-06-28,Basic,131.80
8850,Sofia Mueller,sofia.mueller.8850@inbox.net,Canada,2018-06-06,Premium,204.28
8851,Arjun Taylor,arjun.taylor.8851@customer.co,Canada,2021-05-01,Standard,313.39
8852,Liam Patel,liam.patel.8852@shopmail.io,France,2025-05-31,Standard,482.91
8853,Sofia Nguyen,sofia.nguyen.8853@mail.example.com,India,2019-02-15,Premium,152.96
8854,Emma Singh,emma.singh.8854@shopmail.io,Spain,2018-12-21,Standard,249.12
8855,Mia Smith,mia.smith.8855@inbox.net,India,2019-05-25,Premium,476.58
8856,Liam Smith,liam.smith.8856@mail.example.com,India,2024-09-07,Standard,254.86
8857,James Singh,james.singh.8857@mail.example.com,Italy,2020-01-15,Basic,360.21
8858,James Smith,james.smith.8858@shopmail.io,United Kingdom,2022-04-14,Standard,65.02
8859,Olivia Nguyen,olivia.nguyen.8859@customer.co,Netherlands,2024-12-23,Basic,701.70
8860,Aisha Rossi,aisha.rossi.8860@customer.co,India,2024-10-01,Standard,441.39
8861,James Lee,james.lee.8861@inbox.net,United States,2020-06-23,Basic,295.00
8862,Mia Kim,mia.kim.8862@shopmail.io,France,2022-03-12,Standard,313.21
8863,Aisha Singh,aisha.singh.8863@shopmail.io,Australia,2018-04-26,Standard,232.81
8864,Priya Patel,priya.patel.8864@inbox.net,Germany,2018-07-09,Basic,907.13
8865,Noah Rossi,noah.rossi.8865@inbox.net,Spain,2023-08-29,Standard,213.64
8866,Emma Patel,emma.patel.8866@inbox.net,Germany,2018-01-07,Premium,587.15
8867,Mia Smith,mia.smith.8867@customer.co,India,2023-09-13,Standard,217.44
8868,Ethan Taylor,ethan.taylor.8868@shopmail.io,India,2023-03-22,Basic,182.94
8869,Arjun Wilson,arjun.wilson.8869@inbox.net,Australia,2018-02-03,Standard,221.28
8870,James Kim,james.kim.8870@mail.example.com,United Kingdom,2021-12-19,Standard,321.73
8871,Arjun Kim,arjun.kim.8871@shopmail.io,Australia,2025-07-08,Premium,756.92
8872,Aisha Mueller,aisha.mueller.8872@customer.co,Germany,2021-09-15,Standard,25.16
8873,Sofia Brown,sofia.brown.8873@inbox.net,India,2018-04-26,Premium,253.74
8874,Maria Khan,maria.khan.8874@mail.example.com,India,2024-09-08,Standard,133.81
8875,Sofia Martin,sofia.martin.8875@shopmail.io,Canada,2025-07-24,Standard,32.93
8876,Lucas Brown,lucas.brown.8876@inbox.net,United States,2020-12-02,Basic,414.02
8877,Isabella Martin,isabella.martin.8877@customer.co,United States,2018-10-10,Premium,310.64
8878,Ethan Dubois,ethan.dubois.8878@mail.example.com,Spain,2021-04-06,Standard,283.29
8879,Aisha Martin,aisha.martin.8879@customer.co,Netherlands,2021-06-26,Premium,457.31
8880,Arjun Kim,arjun.kim.8880@mail.example.com,Germany,2019-10-01,Standard,84.49
8881,Olivia Brown,olivia.brown.8881@shopmail.io,Spain,2019-10-20,Basic,141.37
8882,Maria Smith,maria.smith.8882@customer.co,Germany,2019-02-08,Standard,275.44
8883,Priya Smith,priya.smith.8883@mail.example.com,United Kingdom,2020-04-08,Premium,223.93
8884,Chen Martin,chen.martin.8884@mail.example.com,Canada,2021-03-21,Basic,34.22
8885,Isabella Wilson,isabella.wilson.8885@customer.co,France,2018-03-16,Premium,166.46
8886,Chen Dubois,chen.dubois.8886@customer.co,Australia,2022-12-23,Standard,147.71
8887,Aisha Rossi,aisha.rossi.8887@inbox.net,United States,2024-02-05,Basic,298.21
8888,Sofia Nguyen,sofia.nguyen.8888@customer.co,Italy,2024-11-10,Premium,729.86
8889,Maria Mueller,maria.mueller.8889@customer.co,Italy,2021-07-28,Basic,486.99
8890,Noah Rossi,noah.rossi.8890@mail.example.com,Netherlands,2018-09-10,Basic,231.03
8891,Aisha Brown,aisha.brown.8891@shopmail.io,Netherlands,2020-03-04,Basic,607.50
8892,Noah Kim,noah.kim.8892@shopmail.io,Netherlands,2023-06-03,Basic,94.90
8893,Aisha Singh,aisha.singh.8893@mail.example.com,Spain,2021-05-17,Standard,433.79
8894,Liam Taylor,liam.taylor.8894@shopmail.io,Italy,2019-02-17,Standard,273.54
8895,Olivia Wilson,olivia.wilson.8895@customer.co,Spain,2023-02-15,Standard,435.92
8896,Olivia Garcia,olivia.garcia.8896@shopmail.io,United States,2020-01-05,Standard,29.76
8897,Chen Wilson,chen.wilson.8897@shopmail.io,Australia,2021-05-19,Basic,768.83
8898,James Wilson,james.wilson.8898@customer.co,United States,2019-01-28,Basic,311.27
8899,Noah Mueller,noah.mueller.8899@customer.co,United States,2022-09-02,Basic,1062.89
8900,Mia Smith,mia.smith.8900@mail.example.com,Italy,2024-01-06,Standard,356.80
8901,Noah Nguyen,noah.nguyen.8901@mail.example.com,Canada,2022-06-30,Standard,630.52
8902,Sofia Mueller,sofia.mueller.8902@shopmail.io,United States,2022-05-23,Standard,323.12
8903,Mia Patel,mia.patel.8903@mail.example.com,Italy,2018-11-20,Standard,1488.89
8904,Emma Singh,emma.singh.8904@customer.co,United States,2021-05-09,Standard,250.92
8905,Emma Lee,emma.lee.8905@mail.example.com,United Kingdom,2023-01-24,Basic,128.87
8906,Arjun Singh,arjun.singh.8906@mail.example.com,Italy,2019-12-30,Standard,789.78
8907,Aisha Wilson,aisha.wilson.8907@mail.example.com,Canada,2025-03-11,Standard,514.65
8908,Liam Singh,liam.singh.8908@customer.co,Netherlands,2024-12-01,Premium,76.36
8909,Noah Dubois,noah.dubois.8909@shopmail.io,United Kingdom,2019-01-27,Standard,223.83
8910,Chen Martin,chen.martin.8910@shopmail.io,United Kingdom,2023-10-13,Basic,617.19
8911,Lucas Rossi,lucas.rossi.8911@shopmail.io,Canada,2020-11-09,Standard,383.02
8912,Liam Nguyen,liam.nguyen.8912@shopmail.io,Netherlands,2018-03-01,Premium,314.98
8913,Aisha Mueller,aisha.mueller.8913@inbox.net,Spain,2021-08-16,Premium,264.74
8914,Aisha Patel,aisha.patel.8914@shopmail.io,Italy,2019-04-20,Standard,313.08
8915,Arjun Rossi,arjun.rossi.8915@customer.co,Italy,2021-02-25,Premium,407.26
8916,Mia Taylor,mia.taylor.8916@customer.co,Germany,2023-07-20,Premium,74.54
8917,Ethan Nguyen,ethan.nguyen.8917@inbox.net,Germany,2021-12-20,Standard,331.51
8918,James Wilson,james.wilson.8918@shopmail.io,United States,2019-08-31,Basic,287.47
8919,James Khan,james.khan.8919@mail.example.com,Australia,2020-05-29,Standard,336.58
8920,Isabella Khan,isabella.khan.8920@mail.example.com,France,2020-10-22,Basic,59.27
8921,Ethan Singh,ethan.singh.8921@customer.co,Germany,2020-07-04,Standard,545.50
8922,Chen Brown,chen.brown.8922@inbox.net,Germany,2018-01-31,Standard,143.07
8923,Isabella Nguyen,isabella.nguyen.8923@shopmail.io,United States,2024-04-28,Basic,441.76
8924,Isabella Lee,isabella.lee.8924@customer.co,Germany,2025-06-18,Standard,204.62
8925,Noah Mueller,noah.mueller.8925@inbox.net,United States,2020-06-14,Standard,243.51
8926,Liam Nguyen,liam.nguyen.8926@shopmail.io,Netherlands,2020-11-14,Standard,97.88
8927,Chen Wilson,chen.wilson.8927@customer.co,Netherlands,2021-12-26,Premium,272.22
8928,Arjun Rossi,arjun.rossi.8928@mail.example.com,Canada,2021-08-14,Basic,110.39
8929,Liam Wilson,liam.wilson.8929@inbox.net,Spain,2019-08-24,Standard,215.27
8930,Ethan Garcia,ethan.garcia.8930@inbox.net,India,2022-07-10,Standard,375.41
8931,Maria Dubois,maria.dubois.8931@inbox.net,United States,2018-02-24,Basic,78.26
8932,Emma Mueller,emma.mueller.8932@mail.example.com,United States,2022-08-30,Standard,610.37
8933,Maria Taylor,maria.taylor.8933@inbox.net,Netherlands,2021-07-22,Premium,105.79
8934,Chen Patel,chen.patel.8934@shopmail.io,Canada,2021-02-21,Basic,201.67
8935,Liam Khan,liam.khan.8935@customer.co,Canada,2023-02-13,Standard,750.04
8936,Olivia Dubois,olivia.dubois.8936@customer.co,Italy,2020-09-14,Standard,109.02
8937,Ethan Taylor,ethan.taylor.8937@mail.example.com,Canada,2019-07-01,Standard,240.06
8938,Sofia Dubois,sofia.dubois.8938@mail.example.com,France,2023-04-06,Basic,141.18
8939,Lucas Kim,lucas.kim.8939@mail.example.com,Canada,2019-07-02,Basic,146.89
8940,Priya Dubois,priya.dubois.8940@shopmail.io,Italy,2021-09-05,Premium,481.14
8941,Aisha Taylor,aisha.taylor.8941@customer.co,India,2022-11-01,Standard,67.44
8942,James Rossi,james.rossi.8942@customer.co,Italy,2018-07-28,Premium,341.25
8943,Priya Kim,priya.kim.8943@shopmail.io,India,2018-05-26,Standard,162.97
8944,Mia Khan,mia.khan.8944@mail.example.com,Netherlands,2020-04-05,Standard,213.46
8945,Maria Patel,maria.patel.8945@inbox.net,India,2019-12-19,Standard,565.46
8946,Mia Kim,mia.kim.8946@inbox.net,France,2018-04-18,Standard,197.80
8947,Isabella Patel,isabella.patel.8947@shopmail.io,United States,2025-07-13,Basic,667.09
8948,Aisha Taylor,aisha.taylor.8948@shopmail.io,India,2020-05-14,Standard,388.66
8949,Priya Dubois,priya.dubois.8949@inbox.net,Australia,2022-03-06,Standard,384.37
8950,Maria Nguyen,maria.nguyen.8950@shopmail.io,Germany,2020-02-07,Basic,440.83
8951,Ethan Wilson,ethan.wilson.8951@mail.example.com,Germany,2023-09-08,Standard,451.72
8952,Mia Lee,mia.lee.8952@inbox.net,United States,2018-11-25,Premium,269.16
8953,Ethan Wilson,ethan.wilson.8953@mail.example.com,Netherlands,2024-08-16,Standard,105.81
8954,Sofia Brown,sofia.brown.8954@inbox.net,India,2022-11-25,Standard,129.21
8955,Maria Garcia,maria.garcia.8955@customer.co,Canada,2021-06-26,Premium,192.87
8956,Maria Nguyen,maria.nguyen.8956@inbox.net,Australia,2024-09-23,Basic,186.95
8957,Olivia Garcia,olivia.garcia.8957@mail.example.com,Spain,2018-02-27,Standard,259.20
8958,Isabella Patel,isabella.patel.8958@customer.co,Canada,2021-07-21,Basic,314.50
8959,Emma Dubois,emma.dubois.8959@inbox.net,United Kingdom,2021-06-01,Premium,131.31
8960,Arjun Lee,arjun.lee.8960@mail.example.com,Canada,2021-12-28,Basic,172.23
8961,Noah Mueller,noah.mueller.8961@customer.co,United Kingdom,2019-09-20,Standard,256.44
8962,Isabella Rossi,isabella.rossi.8962@inbox.net,France,2020-03-10,Standard,87.08
8963,Emma Smith,emma.smith.8963@mail.example.com,Germany,2019-08-20,Basic,195.78
8964,Chen Singh,chen.singh.8964@customer.co,United Kingdom,2018-12-23,Basic,339.97
8965,Mia Dubois,mia.dubois.8965@shopmail.io,Germany,2020-09-04,Standard,1280.24
8966,Maria Taylor,maria.taylor.8966@shopmail.io,Germany,2024-12-27,Standard,159.59
8967,Emma Nguyen,emma.nguyen.8967@mail.example.com,Spain,2019-01-18,Standard,76.71
8968,Liam Wilson,liam.wilson.8968@mail.example.com,Spain,2023-03-18,Standard,574.30
8969,Aisha Patel,aisha.patel.8969@shopmail.io,Italy,2023-05-17,Standard,335.35
8970,Noah Mueller,noah.mueller.8970@inbox.net,Spain,2021-07-23,Premium,533.82
8971,Maria Rossi,maria.rossi.8971@inbox.net,Italy,2019-09-01,Premium,347.38
8972,Emma Martin,emma.martin.8972@mail.example.com,France,2024-12-14,Basic,73.69
8973,Arjun Patel,arjun.patel.8973@mail.example.com,United Kingdom,2019-02-20,Standard,67.41
8974,Emma Smith,emma.smith.8974@inbox.net,France,2023-05-04,Standard,292.13
8975,Liam Taylor,liam.taylor.8975@mail.example.com,Netherlands,2020-09-18,Premium,232.51
8976,Ethan Wilson,ethan.wilson.8976@mail.example.com,India,2019-06-16,Standard,210.86
8977,Ethan Nguyen,ethan.nguyen.8977@inbox.net,Netherlands,2022-11-14,Standard,712.11
8978,Emma Wilson,emma.wilson.8978@inbox.net,United States,2022-07-18,Basic,84.27
8979,Liam Taylor,liam.taylor.8979@customer.co,Canada,2020-12-24,Standard,302.43
8980,Priya Garcia,priya.garcia.8980@inbox.net,Canada,2021-12-21,Standard,106.33
8981,Aisha Taylor,aisha.taylor.8981@customer.co,Germany,2023-07-15,Standard,180.41
8982,Mia Brown,mia.brown.8982@customer.co,Germany,2021-07-18,Standard,163.32
8983,Arjun Mueller,arjun.mueller.8983@shopmail.io,Germany,2018-12-29,Premium,221.25
8984,Maria Garcia,maria.garcia.8984@inbox.net,Spain,2022-02-25,Standard,259.80
8985,James Wilson,james.wilson.8985@customer.co,India,2024-08-13,Basic,136.87
8986,Emma Dubois,emma.dubois.8986@inbox.net,Spain,2024-03-21,Standard,82.95
8987,Chen Brown,chen.brown.8987@customer.co,Germany,2020-04-23,Basic,157.66
8988,Sofia Rossi,sofia.rossi.8988@mail.example.com,United States,2021-09-21,Premium,1015.81
8989,Chen Nguyen,chen.nguyen.8989@shopmail.io,Australia,2023-12-28,Premium,150.35
8990,Arjun Brown,arjun.brown.8990@customer.co,Spain,2023-03-29,Premium,77.75
8991,Liam Garcia,liam.garcia.8991@inbox.net,United Kingdom,2019-11-29,Standard,92.87
8992,Maria Khan,maria.khan.8992@inbox.net,France,2020-09-14,Basic,766.26
8993,Mia Martin,mia.martin.8993@mail.example.com,Italy,2020-07-03,Premium,81.06
8994,Noah Taylor,noah.taylor.8994@inbox.net,Canada,2024-01-20,Standard,1144.16
8995,James Garcia,james.garcia.8995@customer.co,Germany,2020-09-09,Basic,77.49
8996,Sofia Wilson,sofia.wilson.8996@inbox.net,France,2024-04-06,Standard,142.68
8997,Aisha Lee,aisha.lee.8997@customer.co,Italy,2018-10-17,Standard,184.75
8998,Noah Martin,noah.martin.8998@customer.co,Australia,2022-11-20,Basic,253.36
8999,Maria Kim,maria.kim.8999@customer.co,Netherlands,2025-03-31,Basic,176.77
9000,Sofia Dubois,sofia.dubois.9000@inbox.net,Australia,2023-10-23,Basic,140.37
9001,Ethan Rossi,ethan.rossi.9001@inbox.net,United Kingdom,2023-01-09,Standard,42.56
9002,Mia Brown,mia.brown.9002@customer.co,Italy,2024-11-27,Standard,351.28
9003,Isabella Mueller,isabella.mueller.9003@inbox.net,Netherlands,2019-08-28,Premium,380.90
9004,Emma Rossi,emma.rossi.9004@inbox.net,United Kingdom,2021-05-01,Basic,676.34
9005,James Smith,james.smith.9005@customer.co,United States,2023-12-02,Basic,831.55
9006,Emma Rossi,emma.rossi.9006@mail.example.com,Spain,2023-11-21,Standard,553.59
9007,Sofia Singh,sofia.singh.9007@customer.co,Germany,2025-04-10,Basic,144.77
9008,James Martin,james.martin.9008@customer.co,Canada,2025-01-26,Basic,513.89
9009,Olivia Lee,olivia.lee.9009@inbox.net,France,2020-02-11,Standard,285.00
9010,Aisha Taylor,aisha.taylor.9010@customer.co,Germany,2022-11-29,Premium,728.90
9011,Noah Dubois,noah.dubois.9011@mail.example.com,India,2024-12-21,Standard,75.84
9012,Priya Smith,priya.smith.9012@shopmail.io,Netherlands,2018-09-09,Standard,180.70
9013,Priya Patel,priya.patel.9013@inbox.net,Australia,2018-09-15,Standard,153.16
9014,Mia Mueller,mia.mueller.9014@customer.co,India,2020-01-24,Standard,495.21
9015,Ethan Brown,ethan.brown.9015@customer.co,Germany,2018-11-02,Basic,284.48
9016,Ethan Smith,ethan.smith.9016@shopmail.io,Australia,2024-01-09,Basic,102.42
9017,Isabella Wilson,isabella.wilson.9017@shopmail.io,United States,2022-11-29,Basic,216.10
9018,Aisha Nguyen,aisha.nguyen.9018@inbox.net,Italy,2023-02-28,Basic,218.96
9019,Lucas Mueller,lucas.mueller.9019@inbox.net,Spain,2021-12-06,Premium,621.91
9020,Isabella Brown,isabella.brown.9020@shopmail.io,Australia,2021-10-23,Standard,764.26
9021,Ethan Kim,ethan.kim.9021@customer.co,Canada,2022-07-24,Standard,267.65
9022,Olivia Smith,olivia.smith.9022@inbox.net,Australia,2020-04-04,Premium,319.55
9023,Maria Martin,maria.martin.9023@customer.co,Italy,2022-09-12,Basic,586.38
9024,Chen Lee,chen.lee.9024@shopmail.io,France,2021-05-15,Standard,234.73
9025,Priya Patel,priya.patel.9025@customer.co,France,2025-02-21,Basic,52.30
9026,Arjun Singh,arjun.singh.9026@inbox.net,Spain,2022-03-14,Premium,229.21
9027,Emma Nguyen,emma.nguyen.9027@mail.example.com,France,2024-12-21,Standard,303.66
9028,Liam Brown,liam.brown.9028@inbox.net,India,2022-06-14,Standard,297.74
9029,Mia Wilson,mia.wilson.9029@mail.example.com,Netherlands,2019-09-14,Premium,174.97
9030,Isabella Khan,isabella.khan.9030@customer.co,France,2020-01-06,Premium,231.74
9031,Liam Brown,liam.brown.9031@mail.example.com,Spain,2018-01-24,Standard,899.77
9032,Olivia Nguyen,olivia.nguyen.9032@inbox.net,United States,2018-08-14,Standard,519.87
9033,Lucas Singh,lucas.singh.9033@shopmail.io,Australia,2018-01-27,Standard,540.09
9034,Noah Patel,noah.patel.9034@shopmail.io,United States,2023-02-11,Basic,84.05
9035,Sofia Patel,sofia.patel.9035@customer.co,Netherlands,2024-08-18,Premium,72.25
9036,Noah Martin,noah.martin.9036@mail.example.com,Germany,2019-10-31,Basic,121.12
9037,Liam Smith,liam.smith.9037@mail.example.com,Australia,2024-11-14,Premium,155.44
9038,Lucas Wilson,lucas.wilson.9038@shopmail.io,United Kingdom,2019-08-08,Standard,109.54
9039,Liam Lee,liam.lee.9039@customer.co,United States,2021-05-16,Standard,78.10
9040,Aisha Singh,aisha.singh.9040@shopmail.io,India,2018-07-25,Standard,312.36
9041,Mia Brown,mia.brown.9041@mail.example.com,France,2018-05-30,Standard,97.71
9042,James Nguyen,james.nguyen.9042@shopmail.io,Netherlands,2024-05-04,Standard,136.32
9043,Maria Taylor,maria.taylor.9043@inbox.net,United Kingdom,2022-09-11,Premium,157.98
9044,Chen Rossi,chen.rossi.9044@mail.example.com,Netherlands,2021-09-27,Basic,26.81
9045,Liam Taylor,liam.taylor.9045@shopmail.io,France,2021-11-10,Basic,49.52
9046,Arjun Dubois,arjun.dubois.9046@mail.example.com,Germany,2020-06-08,Basic,341.31
9047,Priya Lee,priya.lee.9047@inbox.net,Canada,2022-06-12,Basic,58.63
9048,Mia Taylor,mia.taylor.9048@inbox.net,United Kingdom,2024-03-06,Basic,229.66
9049,Sofia Nguyen,sofia.nguyen.9049@inbox.net,Italy,2023-02-16,Basic,639.73
9050,Arjun Wilson,arjun.wilson.9050@customer.co,United Kingdom,2023-02-19,Standard,239.46
9051,Olivia Brown,olivia.brown.9051@shopmail.io,Italy,2020-06-02,Basic,218.68
9052,Noah Rossi,noah.rossi.9052@customer.co,Netherlands,2020-01-29,Standard,82.38
9053,James Garcia,james.garcia.9053@mail.example.com,Canada,2024-01-23,Premium,467.35
9054,Mia Patel,mia.patel.9054@shopmail.io,France,2018-10-28,Premium,255.58
9055,Aisha Taylor,aisha.taylor.9055@customer.co,Italy,2019-07-10,Standard,517.21
9056,Aisha Khan,aisha.khan.9056@customer.co,Italy,2020-03-17,Standard,680.92
9057,Emma Martin,emma.martin.9057@inbox.net,India,2020-02-03,Basic,102.82
9058,Isabella Dubois,isabella.dubois.9058@mail.example.com,United States,2020-10-20,Standard,113.16
9059,Priya Smith,priya.smith.9059@customer.co,United States,2020-07-22,Basic,177.12
9060,Ethan Martin,ethan.martin.9060@mail.example.com,United Kingdom,2023-12-04,Standard,721.00
9061,Mia Taylor,mia.taylor.9061@mail.example.com,United Kingdom,2021-05-30,Premium,303.25
9062,Priya Taylor,priya.taylor.9062@mail.example.com,Germany,2018-01-01,Premium,347.81
9063,Noah Garcia,noah.garcia.9063@customer.co,United States,2018-10-11,Basic,152.29
9064,Priya Dubois,priya.dubois.9064@mail.example.com,Australia,2018-03-16,Standard,209.39
9065,Ethan Rossi,ethan.rossi.9065@customer.co,India,2023-11-29,Standard,234.78
9066,Arjun Patel,arjun.patel.9066@customer.co,France,2020-01-24,Premium,151.60
9067,Ethan Kim,ethan.kim.9067@shopmail.io,Spain,2025-03-31,Basic,159.09
9068,Chen Khan,chen.khan.9068@inbox.net,France,2021-02-09,Premium,153.32
9069,Mia Martin,mia.martin.9069@inbox.net,United Kingdom,2024-08-30,Standard,170.64
9070,Isabella Martin,isabella.martin.9070@shopmail.io,Netherlands,2025-07-23,Standard,108.23
9071,Mia Dubois,mia.dubois.9071@mail.example.com,France,2022-06-11,Basic,125.30
9072,Liam Taylor,liam.taylor.9072@mail.example.com,India,2021-01-07,Basic,908.14
9073,Mia Wilson,mia.wilson.9073@inbox.net,India,2022-02-07,Basic,418.60
9074,Maria Singh,maria.singh.9074@mail.example.com,Germany,2020-04-12,Premium,176.24
9075,Priya Brown,priya.brown.9075@mail.example.com,Canada,2024-07-30,Standard,176.64
9076,Aisha Smith,aisha.smith.9076@mail.example.com,France,2024-04-13,Premium,408.96
9077,Chen Mueller,chen.mueller.9077@shopmail.io,Spain,2020-07-06,Basic,103.04
9078,Isabella Mueller,isabella.mueller.9078@inbox.net,India,2020-03-31,Standard,156.38
9079,James Rossi,james.rossi.9079@mail.example.com,Canada,2024-11-11,Basic,211.24
9080,Liam Smith,liam.smith.9080@customer.co,United Kingdom,2021-09-19,Basic,154.40
9081,Emma Patel,emma.patel.9081@mail.example.com,United States,2019-07-16,Standard,346.77
9082,Olivia Taylor,olivia.taylor.9082@shopmail.io,Spain,2020-12-28,Standard,629.74
9083,Isabella Mueller,isabella.mueller.9083@shopmail.io,Italy,2025-08-09,Standard,197.66
9084,Olivia Garcia,olivia.garcia.9084@inbox.net,Netherlands,2024-09-12,Basic,805.90
9085,James Kim,james.kim.9085@inbox.net,Canada,2021-05-19,Basic,1499.80
9086,Chen Lee,chen.lee.9086@shopmail.io,Spain,2022-11-07,Premium,476.40
9087,Ethan Singh,ethan.singh.9087@shopmail.io,Canada,2023-08-11,Standard,174.24
9088,Arjun Dubois,arjun.dubois.9088@customer.co,Netherlands,2019-05-28,Standard,107.45
9089,Chen Khan,chen.khan.9089@shopmail.io,India,2018-05-17,Basic,155.93
9090,Sofia Martin,sofia.martin.9090@customer.co,Netherlands,2021-07-30,Basic,324.89
9091,Olivia Patel,olivia.patel.9091@mail.example.com,Germany,2020-12-05,Basic,149.81
9092,Sofia Singh,sofia.singh.9092@customer.co,Spain,2018-06-05,Standard,549.65
9093,Lucas Smith,lucas.smith.9093@mail.example.com,Netherlands,2023-11-10,Premium,239.27
9094,Isabella Rossi,isabella.rossi.9094@shopmail.io,Germany,2025-06-08,Basic,430.32
9095,Mia Wilson,mia.wilson.9095@mail.example.com,Australia,2022-01-17,Premium,430.48
9096,Emma Kim,emma.kim.9096@mail.example.com,United Kingdom,2023-02-01,Premium,389.55
9097,Mia Nguyen,mia.nguyen.9097@shopmail.io,Germany,2018-09-05,Standard,445.51
9098,Mia Dubois,mia.dubois.9098@shopmail.io,Italy,2025-04-09,Standard,164.97
9099,Isabella Wilson,isabella.wilson.9099@customer.co,Australia,2022-07-19,Premium,167.51
9100,Lucas Martin,lucas.martin.9100@shopmail.io,United States,2019-07-03,Standard,214.86
9101,Lucas Dubois,lucas.dubois.9101@customer.co,Spain,2021-04-08,Basic,420.70
9102,Emma Martin,emma.martin.9102@shopmail.io,Italy,2018-07-18,Standard,134.30
9103,Ethan Garcia,ethan.garcia.9103@inbox.net,Canada,2018-02-15,Premium,291.25
9104,Mia Dubois,mia.dubois.9104@customer.co,Netherlands,2021-01-03,Basic,779.17
9105,Aisha Mueller,aisha.mueller.9105@customer.co,Netherlands,2025-04-23,Premium,690.66
9106,Noah Wilson,noah.wilson.9106@mail.example.com,Germany,2019-02-01,Standard,693.05
9107,Olivia Brown,olivia.brown.9107@shopmail.io,United Kingdom,2024-06-13,Basic,1081.41
9108,Liam Patel,liam.patel.9108@shopmail.io,Spain,2022-08-01,Standard,212.55
9109,Maria Taylor,maria.taylor.9109@mail.example.com,France,2018-09-10,Standard,90.15
9110,Aisha Garcia,aisha.garcia.9110@customer.co,France,2024-09-13,Basic,139.29
9111,Emma Garcia,emma.garcia.9111@mail.example.com,United States,2025-02-17,Premium,1073.97
9112,Noah Martin,noah.martin.9112@shopmail.io,Germany,2022-01-24,Basic,176.09
9113,Ethan Singh,ethan.singh.9113@mail.example.com,Netherlands,2018-12-21,Basic,322.78
9114,James Brown,james.brown.9114@mail.example.com,France,2019-07-11,Basic,798.98
9115,Chen Kim,chen.kim.9115@customer.co,France,2020-03-25,Basic,118.60
9116,Lucas Singh,lucas.singh.9116@inbox.net,Australia,2022-06-23,Basic,161.30
9117,James Khan,james.khan.9117@mail.example.com,Germany,2018-11-27,Premium,233.06
9118,Arjun Brown,arjun.brown.9118@inbox.net,Germany,2019-11-18,Standard,248.43
9119,Aisha Dubois,aisha.dubois.9119@customer.co,France,2024-06-01,Standard,239.07
9120,Noah Martin,noah.martin.9120@inbox.net,United States,2023-02-22,Basic,516.16
9121,Ethan Kim,ethan.kim.9121@mail.example.com,Australia,2025-01-24,Standard,100.68
9122,James Martin,james.martin.9122@mail.example.com,India,2022-02-26,Standard,294.80
9123,Aisha Martin,aisha.martin.9123@customer.co,United Kingdom,2022-02-04,Basic,331.44
9124,Priya Kim,priya.kim.9124@shopmail.io,Spain,2020-07-24,Standard,46.54
9125,Priya Nguyen,priya.nguyen.9125@customer.co,United States,2018-11-24,Standard,126.33
9126,Sofia Garcia,sofia.garcia.9126@inbox.net,United Kingdom,2025-01-07,Basic,122.99
9127,Sofia Singh,sofia.singh.9127@shopmail.io,Canada,2022-07-09,Standard,642.52
9128,Lucas Rossi,lucas.rossi.9128@shopmail.io,Spain,2024-08-10,Standard,470.39
9129,Noah Kim,noah.kim.9129@inbox.net,Spain,2018-02-14,Basic,354.23
9130,Maria Garcia,maria.garcia.9130@shopmail.io,United States,2018-05-19,Basic,133.48
9131,Sofia Mueller,sofia.mueller.9131@customer.co,Canada,2019-08-05,Standard,129.24
9132,Lucas Taylor,lucas.taylor.9132@shopmail.io,Germany,2021-10-13,Premium,418.44
9133,Sofia Patel,sofia.patel.9133@mail.example.com,Netherlands,2025-04-09,Basic,108.03
9134,Olivia Garcia,olivia.garcia.9134@shopmail.io,United Kingdom,2020-09-06,Basic,102.63
9135,Noah Rossi,noah.rossi.9135@shopmail.io,Germany,2024-07-28,Standard,280.48
9136,Noah Kim,noah.kim.9136@shopmail.io,Canada,2018-09-02,Premium,198.72
9137,Liam Lee,liam.lee.9137@mail.example.com,Netherlands,2022-09-07,Premium,349.12
9138,James Lee,james.lee.9138@inbox.net,Netherlands,2023-05-22,Standard,239.76
9139,Arjun Rossi,arjun.rossi.9139@inbox.net,United States,2021-01-17,Standard,206.39
9140,Arjun Dubois,arjun.dubois.9140@customer.co,Netherlands,2023-12-16,Premium,205.29
9141,Noah Kim,noah.kim.9141@mail.example.com,United Kingdom,2019-09-01,Standard,291.61
9142,Chen Brown,chen.brown.9142@customer.co,Canada,2020-03-22,Standard,122.28
9143,Maria Taylor,maria.taylor.9143@shopmail.io,Germany,2018-09-25,Standard,555.12
9144,Isabella Brown,isabella.brown.9144@shopmail.io,Canada,2018-02-05,Basic,449.37
9145,Lucas Khan,lucas.khan.9145@shopmail.io,Spain,2020-09-22,Basic,326.71
9146,Liam Dubois,liam.dubois.9146@shopmail.io,Australia,2025-04-02,Premium,127.48
9147,Isabella Garcia,isabella.garcia.9147@mail.example.com,France,2024-07-29,Standard,106.90
9148,Chen Khan,chen.khan.9148@mail.example.com,India,2020-11-22,Premium,203.99
9149,Aisha Dubois,aisha.dubois.9149@mail.example.com,Germany,2024-11-17,Standard,187.87
9150,Ethan Taylor,ethan.taylor.9150@mail.example.com,Australia,2023-09-14,Standard,1658.19
9151,Aisha Khan,aisha.khan.9151@mail.example.com,Canada,2022-03-19,Basic,316.23
9152,Aisha Wilson,aisha.wilson.9152@mail.example.com,Spain,2024-01-06,Standard,243.79
9153,Sofia Dubois,sofia.dubois.9153@shopmail.io,France,2021-12-10,Standard,611.08
9154,Ethan Lee,ethan.lee.9154@customer.co,France,2020-03-02,Standard,379.10
9155,Mia Garcia,mia.garcia.9155@shopmail.io,Australia,2018-03-20,Standard,628.77
9156,Noah Rossi,noah.rossi.9156@mail.example.com,Germany,2021-08-19,Basic,65.92
9157,Mia Mueller,mia.mueller.9157@inbox.net,India,2020-10-25,Standard,225.84
9158,Isabella Mueller,isabella.mueller.9158@shopmail.io,India,2023-08-12,Standard,371.57
9159,Sofia Martin,sofia.martin.9159@mail.example.com,India,2020-07-16,Standard,256.55
9160,Isabella Wilson,isabella.wilson.9160@customer.co,Australia,2021-06-14,Basic,239.71
9161,Sofia Brown,sofia.brown.9161@mail.example.com,Canada,2019-12-22,Basic,115.86
9162,Mia Kim,mia.kim.9162@customer.co,Australia,2018-03-29,Standard,258.94
9163,Ethan Mueller,ethan.mueller.9163@shopmail.io,Australia,2023-10-10,Premium,374.47
9164,Maria Mueller,maria.mueller.9164@shopmail.io,Spain,2019-02-21,Basic,165.47
9165,Noah Mueller,noah.mueller.9165@mail.example.com,Spain,2019-03-23,Basic,249.56
9166,James Lee,james.lee.9166@shopmail.io,India,2020-02-19,Basic,153.29
9167,Liam Martin,liam.martin.9167@shopmail.io,Canada,2023-07-17,Standard,164.55
9168,Noah Taylor,noah.taylor.9168@customer.co,Australia,2024-08-10,Premium,379.72
9169,Emma Garcia,emma.garcia.9169@mail.example.com,India,2018-03-30,Premium,199.90
9170,James Garcia,james.garcia.9170@inbox.net,Netherlands,2023-07-18,Standard,127.05
9171,Noah Martin,noah.martin.9171@inbox.net,India,2020-10-11,Premium,146.72
9172,Emma Singh,emma.singh.9172@inbox.net,Italy,2021-05-02,Standard,951.21
9173,Lucas Kim,lucas.kim.9173@inbox.net,India,2022-12-27,Premium,334.34
9174,Mia Patel,mia.patel.9174@customer.co,Germany,2019-07-08,Premium,119.34
9175,Ethan Wilson,ethan.wilson.9175@mail.example.com,Spain,2023-05-06,Standard,445.99
9176,Priya Rossi,priya.rossi.9176@inbox.net,Australia,2024-10-19,Standard,449.04
9177,Isabella Kim,isabella.kim.9177@customer.co,United Kingdom,2020-06-06,Basic,227.56
9178,Maria Khan,maria.khan.9178@shopmail.io,United States,2023-04-17,Basic,97.94
9179,Maria Kim,maria.kim.9179@inbox.net,Spain,2021-10-08,Basic,279.14
9180,Liam Lee,liam.lee.9180@customer.co,France,2024-11-24,Standard,220.54
9181,Aisha Mueller,aisha.mueller.9181@inbox.net,Canada,2022-07-24,Premium,140.68
9182,Lucas Garcia,lucas.garcia.9182@inbox.net,Netherlands,2019-09-30,Standard,260.43
9183,Lucas Wilson,lucas.wilson.9183@customer.co,Australia,2018-03-08,Premium,231.74
9184,Aisha Singh,aisha.singh.9184@inbox.net,United States,2021-02-11,Standard,203.61
9185,Arjun Singh,arjun.singh.9185@shopmail.io,France,2023-05-19,Standard,226.03
9186,Lucas Martin,lucas.martin.9186@inbox.net,India,2023-10-26,Premium,231.37
9187,Sofia Brown,sofia.brown.9187@mail.example.com,Italy,2021-07-04,Standard,317.36
9188,Liam Singh,liam.singh.9188@mail.example.com,India,2023-11-26,Premium,906.98
9189,Noah Singh,noah.singh.9189@inbox.net,United Kingdom,2021-10-09,Standard,121.35
9190,Arjun Patel,arjun.patel.9190@mail.example.com,Canada,2021-03-09,Standard,222.60
9191,Aisha Nguyen,aisha.nguyen.9191@mail.example.com,United States,2018-07-13,Basic,138.60
9192,Noah Lee,noah.lee.9192@shopmail.io,Canada,2022-02-09,Basic,215.05
9193,Aisha Smith,aisha.smith.9193@shopmail.io,Canada,2018-12-26,Premium,535.15
9194,Sofia Garcia,sofia.garcia.9194@mail.example.com,Germany,2024-01-11,Standard,371.19
9195,Maria Kim,maria.kim.9195@inbox.net,Australia,2020-02-13,Standard,729.25
9196,Emma Mueller,emma.mueller.9196@inbox.net,Canada,2021-11-03,Premium,748.72
9197,Priya Khan,priya.khan.9197@customer.co,Germany,2018-05-01,Standard,71.92
9198,Noah Garcia,noah.garcia.9198@shopmail.io,United States,2019-10-21,Basic,133.43
9199,Isabella Taylor,isabella.taylor.9199@shopmail.io,Germany,2018-03-31,Premium,152.53
9200,Sofia Kim,sofia.kim.9200@shopmail.io,United States,2019-12-14,Basic,132.48
9201,Sofia Patel,sofia.patel.9201@mail.example.com,Italy,2021-10-20,Standard,456.60
9202,Lucas Mueller,lucas.mueller.9202@customer.co,Canada,2019-03-12,Standard,74.54
9203,Olivia Nguyen,olivia.nguyen.9203@mail.example.com,France,2023-08-22,Standard,156.45
9204,Aisha Wilson,aisha.wilson.9204@shopmail.io,Australia,2021-04-05,Standard,183.48
9205,Emma Brown,emma.brown.9205@customer.co,Canada,2023-02-20,Standard,89.94
9206,Noah Garcia,noah.garcia.9206@mail.example.com,Germany,2019-03-21,Premium,521.44
9207,Lucas Rossi,lucas.rossi.9207@customer.co,France,2019-07-22,Standard,531.99
9208,Isabella Brown,isabella.brown.9208@shopmail.io,Australia,2022-01-24,Standard,737.81
9209,Maria Mueller,maria.mueller.9209@mail.example.com,United Kingdom,2024-02-01,Standard,580.21
9210,Chen Rossi,chen.rossi.9210@mail.example.com,United States,2025-06-26,Standard,134.43
9211,Mia Wilson,mia.wilson.9211@shopmail.io,Italy,2021-01-19,Premium,300.45
9212,Olivia Khan,olivia.khan.9212@mail.example.com,India,2025-08-04,Standard,35.32
9213,James Singh,james.singh.9213@inbox.net,United States,2020-02-16,Standard,185.28
9214,Liam Nguyen,liam.nguyen.9214@shopmail.io,United States,2019-12-04,Premium,509.11
9215,Liam Mueller,liam.mueller.9215@shopmail.io,Italy,2025-01-29,Basic,432.26
9216,Isabella Dubois,isabella.dubois.9216@inbox.net,Netherlands,2024-08-28,Basic,174.55
9217,Lucas Taylor,lucas.taylor.9217@mail.example.com,Canada,2021-08-08,Standard,117.39
9218,Aisha Taylor,aisha.taylor.9218@mail.example.com,France,2018-05-30,Premium,422.88
9219,Maria Wilson,maria.wilson.9219@shopmail.io,Germany,2022-06-16,Standard,272.96
9220,Emma Garcia,emma.garcia.9220@customer.co,France,2022-08-09,Standard,217.63
9221,Maria Mueller,maria.mueller.9221@inbox.net,Spain,2024-02-03,Standard,185.96
9222,Chen Kim,chen.kim.9222@mail.example.com,Spain,2025-03-09,Standard,529.44
9223,Lucas Lee,lucas.lee.9223@inbox.net,Italy,2018-06-23,Standard,1403.19
9224,Liam Taylor,liam.taylor.9224@customer.co,Netherlands,2019-02-09,Standard,184.70
9225,Arjun Dubois,arjun.dubois.9225@inbox.net,Netherlands,2018-12-19,Standard,301.84
9226,James Taylor,james.taylor.9226@customer.co,United States,2022-06-09,Basic,739.67
9227,Sofia Dubois,sofia.dubois.9227@customer.co,United Kingdom,2021-05-08,Premium,113.07
9228,Isabella Smith,isabella.smith.9228@shopmail.io,United Kingdom,2018-04-03,Standard,119.60
9229,Sofia Mueller,sofia.mueller.9229@shopmail.io,Netherlands,2019-02-15,Standard,1494.61
9230,Olivia Kim,olivia.kim.9230@shopmail.io,Germany,2024-11-08,Basic,442.52
9231,Maria Smith,maria.smith.9231@inbox.net,Spain,2022-03-02,Basic,261.67
9232,Mia Lee,mia.lee.9232@mail.example.com,Italy,2019-12-15,Standard,428.81
9233,Olivia Rossi,olivia.rossi.9233@shopmail.io,Canada,2023-07-05,Standard,110.11
9234,Arjun Taylor,arjun.taylor.9234@mail.example.com,India,2019-05-03,Standard,197.37
9235,Sofia Lee,sofia.lee.9235@customer.co,United States,2020-08-29,Standard,89.08
9236,Sofia Smith,sofia.smith.9236@mail.example.com,Canada,2018-03-30,Basic,264.83
9237,Priya Singh,priya.singh.9237@inbox.net,United States,2018-05-20,Standard,95.38
9238,Olivia Garcia,olivia.garcia.9238@inbox.net,Germany,2019-07-11,Standard,757.27
9239,Priya Nguyen,priya.nguyen.9239@shopmail.io,United Kingdom,2024-04-27,Premium,214.38
9240,Olivia Wilson,olivia.wilson.9240@shopmail.io,Australia,2024-05-25,Standard,63.35
9241,Aisha Smith,aisha.smith.9241@inbox.net,United States,2022-12-14,Premium,247.88
9242,Maria Rossi,maria.rossi.9242@mail.example.com,Netherlands,2018-11-14,Standard,184.49
9243,Liam Mueller,liam.mueller.9243@inbox.net,France,2019-04-09,Basic,124.69
9244,Lucas Patel,lucas.patel.9244@mail.example.com,Germany,2022-12-08,Basic,106.07
9245,Ethan Patel,ethan.patel.9245@customer.co,India,2024-10-01,Standard,296.71
9246,Arjun Patel,arjun.patel.9246@mail.example.com,United States,2018-08-30,Premium,285.59
9247,Aisha Kim,aisha.kim.9247@shopmail.io,United Kingdom,2025-02-14,Standard,94.84
9248,Emma Mueller,emma.mueller.9248@mail.example.com,United Kingdom,2022-01-19,Basic,103.42
9249,Lucas Martin,lucas.martin.9249@mail.example.com,France,2022-05-05,Basic,1154.47
9250,Arjun Lee,arjun.lee.9250@inbox.net,Italy,2019-08-19,Standard,69.43
9251,Olivia Smith,olivia.smith.9251@mail.example.com,Netherlands,2025-02-20,Standard,320.12
9252,Arjun Garcia,arjun.garcia.9252@shopmail.io,Australia,2018-07-24,Standard,642.95
9253,Olivia Mueller,olivia.mueller.9253@mail.example.com,Germany,2019-01-24,Basic,168.63
9254,Lucas Taylor,lucas.taylor.9254@shopmail.io,Italy,2019-01-23,Basic,486.57
9255,Liam Nguyen,liam.nguyen.9255@shopmail.io,United Kingdom,2019-09-23,Standard,164.46
9256,Sofia Rossi,sofia.rossi.9256@shopmail.io,Germany,2021-02-05,Basic,1607.46
9257,Liam Martin,liam.martin.9257@inbox.net,Spain,2025-04-20,Standard,293.63
9258,Priya Patel,priya.patel.9258@customer.co,United States,2024-01-24,Basic,28.37
9259,Lucas Martin,lucas.martin.9259@shopmail.io,France,2022-07-05,Premium,339.06
9260,Ethan Kim,ethan.kim.9260@customer.co,France,2021-03-28,Standard,131.57
9261,Priya Kim,priya.kim.9261@customer.co,United Kingdom,2021-11-13,Standard,211.56
9262,Liam Dubois,liam.dubois.9262@mail.example.com,Netherlands,2021-02-08,Standard,526.11
9263,Sofia Nguyen,sofia.nguyen.9263@mail.example.com,United Kingdom,2023-11-02,Standard,606.49
9264,Emma Patel,emma.patel.9264@customer.co,United States,2024-08-22,Basic,80.12
9265,Noah Khan,noah.khan.9265@shopmail.io,India,2019-09-02,Basic,69.49
9266,Priya Dubois,priya.dubois.9266@mail.example.com,Australia,2022-12-04,Basic,441.92
9267,Ethan Singh,ethan.singh.9267@customer.co,United States,2023-01-30,Standard,102.25
9268,Mia Rossi,mia.rossi.9268@shopmail.io,United States,2020-09-23,Basic,225.31
9269,Arjun Kim,arjun.kim.9269@mail.example.com,Germany,2020-07-21,Standard,28.99
9270,Chen Rossi,chen.rossi.9270@customer.co,Italy,2020-08-23,Premium,130.49
9271,Liam Patel,liam.patel.9271@shopmail.io,Germany,2018-12-09,Standard,163.31
9272,Arjun Garcia,arjun.garcia.9272@mail.example.com,United States,2024-03-09,Basic,424.97
9273,Olivia Dubois,olivia.dubois.9273@customer.co,United States,2022-05-08,Basic,446.68
9274,Noah Khan,noah.khan.9274@customer.co,United States,2018-04-10,Standard,66.99
9275,Olivia Martin,olivia.martin.9275@inbox.net,United States,2022-07-07,Premium,322.57
9276,Olivia Rossi,olivia.rossi.9276@inbox.net,Canada,2024-09-24,Premium,75.23
9277,Priya Martin,priya.martin.9277@customer.co,Italy,2025-04-05,Standard,69.23
9278,Olivia Rossi,olivia.rossi.9278@inbox.net,United States,2018-07-13,Standard,848.20
9279,Emma Brown,emma.brown.9279@inbox.net,United States,2018-10-26,Standard,91.39
9280,Sofia Garcia,sofia.garcia.9280@inbox.net,France,2021-10-08,Basic,103.69
9281,Liam Patel,liam.patel.9281@customer.co,France,2018-04-18,Standard,788.24
9282,Liam Mueller,liam.mueller.9282@customer.co,Italy,2023-10-03,Standard,162.91
9283,Mia Dubois,mia.dubois.9283@inbox.net,France,2019-07-11,Basic,924.54
9284,Priya Mueller,priya.mueller.9284@mail.example.com,Spain,2025-05-09,Basic,148.68
9285,Sofia Patel,sofia.patel.9285@mail.example.com,India,2019-08-08,Basic,94.06
9286,Noah Martin,noah.martin.9286@mail.example.com,Australia,2022-10-18,Basic,257.25
9287,Priya Brown,priya.brown.9287@shopmail.io,Germany,2025-03-21,Premium,450.58
9288,Maria Rossi,maria.rossi.9288@inbox.net,France,2025-01-28,Standard,148.45
9289,Olivia Garcia,olivia.garcia.9289@inbox.net,India,2019-01-11,Standard,287.54
9290,Isabella Martin,isabella.martin.9290@mail.example.com,France,2023-09-06,Standard,749.76
9291,Ethan Wilson,ethan.wilson.9291@customer.co,United States,2019-12-19,Basic,69.22
9292,Olivia Rossi,olivia.rossi.9292@mail.example.com,United States,2025-06-28,Standard,490.17
9293,Mia Kim,mia.kim.9293@shopmail.io,Australia,2023-11-16,Premium,93.59
9294,Liam Wilson,liam.wilson.9294@mail.example.com,Netherlands,2023-08-04,Premium,201.74
9295,Liam Wilson,liam.wilson.9295@inbox.net,France,2023-04-30,Standard,203.33
9296,Arjun Taylor,arjun.taylor.9296@shopmail.io,Spain,2022-02-27,Basic,103.23
9297,Sofia Wilson,sofia.wilson.9297@inbox.net,Canada,2024-03-27,Basic,573.78
9298,Mia Mueller,mia.mueller.9298@inbox.net,United Kingdom,2024-09-29,Basic,372.16
9299,Olivia Garcia,olivia.garcia.9299@mail.example.com,India,2021-10-20,Standard,118.19
9300,Emma Brown,emma.brown.9300@inbox.net,Netherlands,2019-08-25,Standard,642.24
9301,Olivia Garcia,olivia.garcia.9301@inbox.net,Spain,2022-07-07,Basic,57.30
9302,Olivia Dubois,olivia.dubois.9302@shopmail.io,Australia,2024-05-24,Premium,91.21
9303,Olivia Brown,olivia.brown.9303@mail.example.com,Italy,2022-01-04,Basic,575.94
9304,Liam Dubois,liam.dubois.9304@inbox.net,Germany,2022-07-14,Premium,200.10
9305,Ethan Brown,ethan.brown.9305@shopmail.io,Australia,2023-06-13,Standard,94.09
9306,Noah Khan,noah.khan.9306@mail.example.com,Canada,2022-10-31,Basic,173.00
9307,Mia Nguyen,mia.nguyen.9307@shopmail.io,United States,2024-09-01,Standard,246.70
9308,Mia Rossi,mia.rossi.9308@shopmail.io,United Kingdom,2025-04-03,Basic,161.61
9309,Sofia Lee,sofia.lee.9309@inbox.net,Australia,2020-12-13,Standard,150.55
9310,Olivia Kim,olivia.kim.9310@inbox.net,Netherlands,2019-03-22,Basic,414.93
9311,Ethan Patel,ethan.patel.9311@inbox.net,Australia,2025-06-23,Standard,258.23
9312,Noah Brown,noah.brown.9312@customer.co,Germany,2021-05-14,Standard,641.34
9313,Arjun Wilson,arjun.wilson.9313@inbox.net,United Kingdom,2020-10-06,Standard,410.55
9314,Priya Khan,priya.khan.9314@inbox.net,Canada,2025-06-18,Basic,275.96
9315,Priya Rossi,priya.rossi.9315@customer.co,United States,2018-02-09,Standard,31.97
9316,Lucas Khan,lucas.khan.9316@inbox.net,France,2021-02-06,Standard,295.59
9317,Olivia Brown,olivia.brown.9317@inbox.net,Italy,2020-03-01,Premium,381.66
9318,Liam Wilson,liam.wilson.9318@shopmail.io,Spain,2020-12-19,Premium,363.70
9319,Maria Kim,maria.kim.9319@inbox.net,United States,2020-07-26,Basic,229.95
9320,Arjun Lee,arjun.lee.9320@shopmail.io,India,2025-01-30,Premium,174.06
9321,James Brown,james.brown.9321@mail.example.com,Netherlands,2024-12-11,Standard,548.63
9322,Emma Dubois,emma.dubois.9322@inbox.net,United States,2021-11-05,Standard,885.81
9323,Mia Singh,mia.singh.9323@shopmail.io,India,2018-01-17,Basic,63.49
9324,Lucas Brown,lucas.brown.9324@inbox.net,United States,2024-10-20,Premium,482.72
9325,James Rossi,james.rossi.9325@inbox.net,India,2020-07-04,Premium,172.49
9326,Lucas Mueller,lucas.mueller.9326@customer.co,United States,2023-05-15,Standard,186.36
9327,Ethan Lee,ethan.lee.9327@shopmail.io,Germany,2018-03-04,Standard,116.05
9328,Chen Patel,chen.patel.9328@shopmail.io,United States,2023-04-19,Basic,700.34
9329,Arjun Brown,arjun.brown.9329@customer.co,India,2019-05-16,Basic,186.09
9330,Mia Lee,mia.lee.9330@inbox.net,United States,2019-05-25,Standard,453.78
9331,Isabella Nguyen,isabella.nguyen.9331@mail.example.com,India,2022-10-02,Standard,453.83
9332,Chen Patel,chen.patel.9332@customer.co,Spain,2025-01-09,Standard,141.37
9333,Mia Mueller,mia.mueller.9333@shopmail.io,India,2019-02-05,Standard,49.09
9334,Emma Lee,emma.lee.9334@inbox.net,Spain,2018-09-20,Standard,267.20
9335,Mia Khan,mia.khan.9335@mail.example.com,United Kingdom,2025-02-13,Standard,106.81
9336,Liam Nguyen,liam.nguyen.9336@mail.example.com,United Kingdom,2025-02-21,Basic,212.79
9337,Chen Taylor,chen.taylor.9337@shopmail.io,Italy,2021-10-21,Standard,348.93
9338,Sofia Singh,sofia.singh.9338@mail.example.com,Italy,2024-12-16,Premium,216.66
9339,Lucas Martin,lucas.martin.9339@shopmail.io,Australia,2020-10-19,Basic,459.37
9340,Sofia Khan,sofia.khan.9340@customer.co,Germany,2018-04-28,Premium,173.06
9341,Arjun Martin,arjun.martin.9341@customer.co,Canada,2021-01-30,Standard,368.46
9342,James Taylor,james.taylor.9342@shopmail.io,Spain,2019-07-28,Basic,522.48
9343,Arjun Patel,arjun.patel.9343@mail.example.com,Spain,2020-08-21,Standard,384.50
9344,Ethan Martin,ethan.martin.9344@shopmail.io,France,2024-04-15,Standard,402.90
9345,Priya Rossi,priya.rossi.9345@mail.example.com,United States,2020-01-01,Standard,126.79
9346,Isabella Brown,isabella.brown.9346@shopmail.io,Australia,2021-04-21,Standard,272.42
9347,Liam Rossi,liam.rossi.9347@customer.co,Canada,2022-01-20,Standard,235.98
9348,Aisha Taylor,aisha.taylor.9348@customer.co,United States,2024-05-04,Standard,134.80
9349,Maria Singh,maria.singh.9349@customer.co,Netherlands,2021-06-04,Premium,247.31
9350,Mia Kim,mia.kim.9350@shopmail.io,Spain,2019-10-14,Basic,92.67
9351,Emma Nguyen,emma.nguyen.9351@mail.example.com,Netherlands,2024-06-13,Standard,256.89
9352,Olivia Khan,olivia.khan.9352@shopmail.io,United Kingdom,2021-06-10,Premium,414.67
9353,Noah Rossi,noah.rossi.9353@shopmail.io,Spain,2022-03-24,Basic,329.36
9354,Lucas Lee,lucas.lee.9354@shopmail.io,India,2020-10-13,Standard,167.57
9355,Priya Brown,priya.brown.9355@customer.co,Italy,2024-02-10,Premium,110.82
9356,Maria Patel,maria.patel.9356@customer.co,Spain,2023-02-24,Basic,144.14
9357,Aisha Dubois,aisha.dubois.9357@mail.example.com,Australia,2018-07-18,Standard,185.68
9358,Lucas Singh,lucas.singh.9358@customer.co,Netherlands,2018-11-01,Standard,106.60
9359,Olivia Martin,olivia.martin.9359@shopmail.io,United States,2018-08-03,Standard,303.71
9360,Aisha Nguyen,aisha.nguyen.9360@mail.example.com,Netherlands,2025-02-14,Standard,622.87
9361,Chen Taylor,chen.taylor.9361@inbox.net,Spain,2020-09-07,Standard,63.05
9362,Noah Dubois,noah.dubois.9362@customer.co,Australia,2025-03-28,Basic,978.44
9363,Sofia Martin,sofia.martin.9363@inbox.net,Germany,2023-04-08,Standard,622.16
9364,James Patel,james.patel.9364@inbox.net,Germany,2019-04-10,Standard,82.88
9365,Emma Lee,emma.lee.9365@inbox.net,Italy,2022-04-06,Premium,269.07
9366,Noah Wilson,noah.wilson.9366@customer.co,Spain,2023-07-13,Standard,252.54
9367,Ethan Mueller,ethan.mueller.9367@shopmail.io,Germany,2018-04-30,Standard,121.18
9368,Noah Wilson,noah.wilson.9368@inbox.net,Canada,2020-06-07,Premium,230.56
9369,Sofia Wilson,sofia.wilson.9369@shopmail.io,Spain,2023-06-27,Standard,158.09
9370,Lucas Dubois,lucas.dubois.9370@customer.co,Germany,2018-08-02,Basic,560.65
9371,Isabella Nguyen,isabella.nguyen.9371@mail.example.com,Australia,2018-06-18,Premium,49.87
9372,Olivia Lee,olivia.lee.9372@customer.co,United States,2020-03-13,Standard,1234.22
9373,Arjun Wilson,arjun.wilson.9373@shopmail.io,Australia,2025-04-01,Standard,119.33
9374,Chen Brown,chen.brown.9374@customer.co,United Kingdom,2023-11-13,Premium,185.24
9375,Mia Taylor,mia.taylor.9375@inbox.net,United States,2018-08-14,Standard,465.40
9376,Chen Patel,chen.patel.9376@shopmail.io,Italy,2024-06-27,Basic,185.25
9377,Ethan Khan,ethan.khan.9377@inbox.net,Canada,2025-08-07,Premium,133.72
9378,Priya Mueller,priya.mueller.9378@mail.example.com,Netherlands,2023-12-29,Standard,105.93
9379,Noah Brown,noah.brown.9379@customer.co,Canada,2025-04-10,Premium,192.31
9380,Priya Garcia,priya.garcia.9380@customer.co,Italy,2024-11-10,Basic,240.00
9381,Chen Martin,chen.martin.9381@customer.co,United Kingdom,2018-12-30,Standard,160.58
9382,Olivia Martin,olivia.martin.9382@customer.co,Canada,2019-06-06,Standard,1654.04
9383,Aisha Patel,aisha.patel.9383@shopmail.io,Australia,2023-01-18,Basic,344.14
9384,Liam Taylor,liam.taylor.9384@inbox.net,Netherlands,2021-06-05,Basic,516.20
9385,Noah Martin,noah.martin.9385@mail.example.com,Italy,2020-12-28,Standard,74.40
9386,Aisha Mueller,aisha.mueller.9386@customer.co,United States,2024-01-04,Premium,171.31
9387,Sofia Martin,sofia.martin.9387@customer.co,Netherlands,2022-03-11,Basic,95.79
9388,Arjun Martin,arjun.martin.9388@customer.co,France,2020-11-14,Basic,381.47
9389,Arjun Garcia,arjun.garcia.9389@shopmail.io,Germany,2022-09-22,Standard,552.42
9390,James Garcia,james.garcia.9390@customer.co,Spain,2018-04-10,Standard,481.59
9391,Arjun Nguyen,arjun.nguyen.9391@inbox.net,France,2020-04-28,Standard,135.50
9392,Isabella Nguyen,isabella.nguyen.9392@inbox.net,India,2019-01-04,Premium,72.08
9393,Maria Smith,maria.smith.9393@shopmail.io,United States,2019-11-01,Standard,561.50
9394,Arjun Taylor,arjun.taylor.9394@customer.co,France,2022-02-02,Basic,107.35
9395,Lucas Lee,lucas.lee.9395@customer.co,Netherlands,2024-12-10,Standard,384.58
9396,Mia Patel,mia.patel.9396@inbox.net,Spain,2024-01-04,Standard,129.19
9397,Chen Lee,chen.lee.9397@mail.example.com,Australia,2019-02-21,Standard,381.15
9398,James Khan,james.khan.9398@inbox.net,India,2022-11-30,Standard,725.66
9399,Aisha Smith,aisha.smith.9399@mail.example.com,Spain,2019-01-12,Standard,258.90
9400,Chen Martin,chen.martin.9400@mail.example.com,United Kingdom,2019-05-15,Standard,392.59
9401,Maria Nguyen,maria.nguyen.9401@mail.example.com,United Kingdom,2018-04-18,Standard,648.71
9402,Lucas Dubois,lucas.dubois.9402@inbox.net,Italy,2025-04-03,Basic,147.44
9403,Mia Kim,mia.kim.9403@shopmail.io,Spain,2019-02-20,Basic,1972.70
9404,Mia Garcia,mia.garcia.9404@inbox.net,India,2024-07-14,Standard,114.30
9405,Noah Mueller,noah.mueller.9405@mail.example.com,United States,2019-04-13,Standard,141.21
9406,Liam Nguyen,liam.nguyen.9406@mail.example.com,Netherlands,2025-06-10,Premium,293.66
9407,Aisha Martin,aisha.martin.9407@mail.example.com,India,2019-03-06,Premium,269.03
9408,Emma Kim,emma.kim.9408@inbox.net,United Kingdom,2023-05-14,Standard,21.58
9409,Emma Singh,emma.singh.9409@customer.co,United States,2018-11-20,Premium,103.70
9410,Isabella Brown,isabella.brown.9410@customer.co,Australia,2021-01-08,Basic,168.24
9411,Emma Rossi,emma.rossi.9411@shopmail.io,Netherlands,2019-09-27,Basic,397.46
9412,Sofia Rossi,sofia.rossi.9412@shopmail.io,Netherlands,2025-07-06,Standard,397.72
9413,Sofia Smith,sofia.smith.9413@mail.example.com,Germany,2023-07-30,Premium,266.18
9414,James Khan,james.khan.9414@inbox.net,Australia,2023-05-05,Standard,201.30
9415,Noah Patel,noah.patel.9415@shopmail.io,Netherlands,2019-12-10,Basic,448.84
9416,Aisha Lee,aisha.lee.9416@shopmail.io,Australia,2021-06-06,Basic,458.67
9417,Emma Singh,emma.singh.9417@shopmail.io,India,2025-05-14,Standard,325.91
9418,James Singh,james.singh.9418@shopmail.io,Australia,2023-10-08,Standard,140.70
9419,Mia Taylor,mia.taylor.9419@customer.co,Netherlands,2024-09-19,Premium,233.57
9420,Maria Martin,maria.martin.9420@customer.co,Canada,2021-12-15,Standard,272.10
9421,James Wilson,james.wilson.9421@shopmail.io,Canada,2025-02-11,Basic,141.43
9422,Olivia Lee,olivia.lee.9422@customer.co,Germany,2023-06-25,Basic,271.12
9423,Liam Garcia,liam.garcia.9423@customer.co,Italy,2022-04-06,Basic,142.47
9424,Sofia Mueller,sofia.mueller.9424@inbox.net,France,2023-02-23,Standard,326.90
9425,Lucas Garcia,lucas.garcia.9425@shopmail.io,Italy,2020-12-28,Premium,83.54
9426,Chen Mueller,chen.mueller.9426@mail.example.com,United States,2022-05-07,Premium,121.65
9427,James Brown,james.brown.9427@inbox.net,Germany,2021-01-02,Standard,1302.05
9428,James Taylor,james.taylor.9428@shopmail.io,United States,2018-05-07,Basic,1047.73
9429,Priya Rossi,priya.rossi.9429@shopmail.io,Spain,2024-09-27,Premium,109.35
9430,Arjun Garcia,arjun.garcia.9430@inbox.net,Netherlands,2019-10-09,Basic,233.32
9431,Maria Taylor,maria.taylor.9431@customer.co,Netherlands,2023-07-05,Premium,223.29
9432,Aisha Martin,aisha.martin.9432@inbox.net,France,2024-10-29,Premium,236.10
9433,Emma Taylor,emma.taylor.9433@inbox.net,United Kingdom,2023-11-27,Basic,305.79
9434,Arjun Mueller,arjun.mueller.9434@shopmail.io,Italy,2023-10-12,Standard,473.31
9435,Priya Kim,priya.kim.9435@customer.co,Netherlands,2019-03-19,Basic,214.69
9436,Emma Taylor,emma.taylor.9436@inbox.net,Canada,2020-10-27,Basic,78.92
9437,Maria Nguyen,maria.nguyen.9437@inbox.net,Canada,2023-11-05,Standard,179.01
9438,Chen Lee,chen.lee.9438@shopmail.io,France,2019-02-03,Basic,124.67
9439,Olivia Dubois,olivia.dubois.9439@shopmail.io,United Kingdom,2021-08-30,Basic,97.41
9440,Lucas Singh,lucas.singh.9440@mail.example.com,Spain,2020-05-06,Standard,305.68
9441,Lucas Brown,lucas.brown.9441@shopmail.io,Germany,2023-08-24,Basic,534.56
9442,Emma Rossi,emma.rossi.9442@mail.example.com,United States,2024-08-27,Standard,163.80
9443,Olivia Wilson,olivia.wilson.9443@mail.example.com,India,2019-01-26,Premium,706.03
9444,Maria Kim,maria.kim.9444@customer.co,Netherlands,2025-03-13,Standard,646.08
9445,James Patel,james.patel.9445@inbox.net,Netherlands,2019-03-19,Standard,581.12
9446,Ethan Brown,ethan.brown.9446@mail.example.com,Germany,2025-07-10,Standard,432.88
9447,Arjun Brown,arjun.brown.9447@shopmail.io,Germany,2025-03-16,Basic,194.63
9448,Priya Singh,priya.singh.9448@inbox.net,India,2022-04-24,Basic,843.58
9449,Chen Rossi,chen.rossi.9449@customer.co,United Kingdom,2019-10-13,Premium,82.22
9450,Olivia Khan,olivia.khan.9450@inbox.net,Australia,2025-06-28,Standard,356.20
9451,Isabella Brown,isabella.brown.9451@shopmail.io,Germany,2018-02-10,Standard,412.73
9452,Arjun Martin,arjun.martin.9452@shopmail.io,United States,2019-01-25,Standard,490.04
9453,Ethan Garcia,ethan.garcia.9453@customer.co,Spain,2023-12-14,Standard,1168.27
9454,Chen Mueller,chen.mueller.9454@shopmail.io,Australia,2022-09-14,Premium,265.72
9455,Emma Garcia,emma.garcia.9455@mail.example.com,United Kingdom,2021-01-13,Premium,531.15
9456,Lucas Singh,lucas.singh.9456@shopmail.io,United States,2023-10-15,Standard,124.21
9457,Ethan Khan,ethan.khan.9457@mail.example.com,Australia,2018-11-03,Standard,475.34
9458,Emma Wilson,emma.wilson.9458@inbox.net,Germany,2019-06-06,Standard,320.50
9459,James Brown,james.brown.9459@customer.co,France,2025-01-11,Standard,211.50
9460,Olivia Rossi,olivia.rossi.9460@customer.co,Italy,2023-11-03,Standard,380.31
9461,Isabella Garcia,isabella.garcia.9461@inbox.net,India,2022-02-17,Basic,297.69
9462,Mia Patel,mia.patel.9462@shopmail.io,France,2025-07-10,Standard,221.46
9463,Liam Kim,liam.kim.9463@customer.co,Netherlands,2024-12-21,Basic,189.59
9464,Olivia Lee,olivia.lee.9464@customer.co,United States,2020-06-09,Basic,147.80
9465,Aisha Nguyen,aisha.nguyen.9465@mail.example.com,United Kingdom,2021-08-06,Premium,118.79
9466,Lucas Garcia,lucas.garcia.9466@inbox.net,United States,2020-10-06,Standard,647.85
9467,James Singh,james.singh.9467@customer.co,India,2024-10-27,Basic,131.55
9468,Priya Khan,priya.khan.9468@inbox.net,France,2019-06-26,Basic,1502.75
9469,Arjun Wilson,arjun.wilson.9469@customer.co,Australia,2023-06-10,Premium,297.47
9470,Mia Brown,mia.brown.9470@inbox.net,United Kingdom,2019-12-14,Standard,106.96
9471,Aisha Brown,aisha.brown.9471@inbox.net,United States,2022-06-12,Standard,31.67
9472,Maria Rossi,maria.rossi.9472@mail.example.com,United Kingdom,2024-02-27,Standard,228.10
9473,Emma Khan,emma.khan.9473@shopmail.io,Canada,2025-04-15,Standard,200.85
9474,Maria Smith,maria.smith.9474@shopmail.io,Canada,2019-06-09,Standard,617.18
9475,Emma Khan,emma.khan.9475@customer.co,Germany,2025-02-08,Standard,159.23
9476,Emma Patel,emma.patel.9476@inbox.net,Canada,2024-03-31,Basic,215.49
9477,Noah Wilson,noah.wilson.9477@shopmail.io,India,2021-02-06,Standard,399.08
9478,Mia Taylor,mia.taylor.9478@inbox.net,Australia,2024-09-15,Standard,135.57
9479,James Dubois,james.dubois.9479@mail.example.com,United States,2019-09-30,Standard,341.50
9480,Sofia Patel,sofia.patel.9480@mail.example.com,India,2018-07-05,Basic,268.39
9481,Chen Khan,chen.khan.9481@mail.example.com,United Kingdom,2018-01-05,Standard,153.66
9482,Chen Garcia,chen.garcia.9482@inbox.net,United States,2025-02-02,Premium,157.90
9483,Mia Rossi,mia.rossi.9483@shopmail.io,Netherlands,2018-01-08,Basic,88.21
9484,Lucas Dubois,lucas.dubois.9484@shopmail.io,India,2020-09-29,Standard,341.41
9485,Aisha Garcia,aisha.garcia.9485@mail.example.com,United States,2019-09-19,Standard,508.49
9486,Isabella Kim,isabella.kim.9486@shopmail.io,Canada,2018-02-04,Premium,337.01
9487,James Brown,james.brown.9487@customer.co,Italy,2023-09-29,Basic,214.20
9488,Olivia Martin,olivia.martin.9488@mail.example.com,Germany,2024-08-21,Premium,218.45
9489,James Wilson,james.wilson.9489@mail.example.com,Canada,2021-07-15,Basic,216.89
9490,James Lee,james.lee.9490@shopmail.io,Netherlands,2024-03-07,Basic,909.43
9491,Chen Wilson,chen.wilson.9491@customer.co,France,2024-06-20,Standard,223.43
9492,Olivia Kim,olivia.kim.9492@inbox.net,Canada,2018-08-03,Standard,239.71
9493,Maria Martin,maria.martin.9493@mail.example.com,Spain,2021-11-10,Premium,309.86
9494,Noah Mueller,noah.mueller.9494@customer.co,Italy,2020-07-17,Premium,345.72
9495,Maria Garcia,maria.garcia.9495@shopmail.io,Netherlands,2024-10-29,Basic,272.04
9496,James Brown,james.brown.9496@customer.co,Australia,2023-01-23,Standard,80.95
9497,Aisha Mueller,aisha.mueller.9497@shopmail.io,Germany,2020-08-13,Standard,386.30
9498,Noah Brown,noah.brown.9498@customer.co,Germany,2020-07-03,Basic,119.19
9499,James Lee,james.lee.9499@inbox.net,France,2020-02-27,Basic,315.78
9500,Lucas Lee,lucas.lee.9500@mail.example.com,Canada,2021-12-27,Standard,177.27
9501,Isabella Garcia,isabella.garcia.9501@shopmail.io,India,2025-08-28,Standard,307.26
9502,Emma Kim,emma.kim.9502@mail.example.com,Netherlands,2022-03-31,Standard,639.04
9503,Lucas Patel,lucas.patel.9503@inbox.net,India,2020-07-24,Standard,365.79
9504,Priya Khan,priya.khan.9504@mail.example.com,United States,2019-12-03,Standard,302.53
9505,Arjun Garcia,arjun.garcia.9505@inbox.net,Netherlands,2024-04-08,Premium,48.94
9506,Olivia Khan,olivia.khan.9506@mail.example.com,Australia,2023-06-27,Standard,194.75
9507,James Martin,james.martin.9507@shopmail.io,United States,2018-08-11,Premium,337.58
9508,James Lee,james.lee.9508@mail.example.com,United States,2024-04-09,Premium,522.37
9509,James Smith,james.smith.9509@shopmail.io,United Kingdom,2018-01-16,Standard,88.55
9510,Aisha Wilson,aisha.wilson.9510@mail.example.com,Australia,2019-04-15,Basic,667.00
9511,Mia Mueller,mia.mueller.9511@inbox.net,Australia,2021-03-15,Premium,252.81
9512,James Khan,james.khan.9512@customer.co,Germany,2024-09-01,Premium,492.06
9513,Sofia Dubois,sofia.dubois.9513@inbox.net,United States,2024-05-25,Standard,27.46
9514,Emma Rossi,emma.rossi.9514@shopmail.io,United States,2022-01-12,Premium,319.19
9515,Olivia Lee,olivia.lee.9515@inbox.net,United Kingdom,2022-03-16,Premium,86.94
9516,Mia Taylor,mia.taylor.9516@inbox.net,France,2020-01-14,Basic,178.73
9517,Liam Wilson,liam.wilson.9517@shopmail.io,Italy,2020-11-15,Premium,202.43
9518,Olivia Mueller,olivia.mueller.9518@mail.example.com,United States,2018-10-04,Premium,65.98
9519,Noah Lee,noah.lee.9519@inbox.net,Netherlands,2025-04-13,Premium,225.31
9520,James Mueller,james.mueller.9520@mail.example.com,Spain,2018-02-24,Basic,2084.36
9521,Sofia Mueller,sofia.mueller.9521@inbox.net,Canada,2018-11-03,Basic,40.59
9522,Sofia Patel,sofia.patel.9522@customer.co,Germany,2024-01-30,Basic,124.44
9523,Priya Taylor,priya.taylor.9523@shopmail.io,Italy,2024-06-14,Premium,110.77
9524,James Nguyen,james.nguyen.9524@mail.example.com,Australia,2025-05-21,Standard,335.78
9525,Mia Nguyen,mia.nguyen.9525@inbox.net,Spain,2021-05-22,Basic,44.98
9526,Priya Wilson,priya.wilson.9526@shopmail.io,India,2019-04-17,Premium,451.01
9527,Isabella Martin,isabella.martin.9527@customer.co,United Kingdom,2024-06-14,Premium,200.97
9528,Maria Singh,maria.singh.9528@customer.co,Italy,2020-07-27,Basic,327.77
9529,Chen Rossi,chen.rossi.9529@mail.example.com,Australia,2021-08-03,Standard,92.64
9530,Liam Khan,liam.khan.9530@shopmail.io,Netherlands,2018-03-26,Standard,160.65
9531,James Wilson,james.wilson.9531@shopmail.io,India,2024-03-17,Basic,1138.05
9532,Arjun Brown,arjun.brown.9532@inbox.net,India,2018-06-05,Premium,418.97
9533,Priya Singh,priya.singh.9533@inbox.net,Germany,2023-11-03,Basic,577.25
9534,Noah Singh,noah.singh.9534@customer.co,Germany,2021-08-04,Basic,151.08
9535,Isabella Khan,isabella.khan.9535@inbox.net,Germany,2021-12-29,Standard,59.68
9536,Chen Nguyen,chen.nguyen.9536@shopmail.io,United Kingdom,2021-09-02,Basic,140.89
9537,Aisha Rossi,aisha.rossi.9537@customer.co,Germany,2018-10-01,Basic,343.24
9538,Liam Martin,liam.martin.9538@mail.example.com,Italy,2020-01-30,Standard,110.56
9539,Mia Dubois,mia.dubois.9539@customer.co,Canada,2020-02-03,Standard,194.63
9540,Sofia Dubois,sofia.dubois.9540@mail.example.com,Italy,2020-12-15,Standard,206.21
9541,Noah Dubois,noah.dubois.9541@shopmail.io,Australia,2021-05-31,Standard,161.04
9542,Priya Wilson,priya.wilson.9542@customer.co,United Kingdom,2019-01-14,Standard,64.08
9543,James Wilson,james.wilson.9543@inbox.net,United Kingdom,2021-11-21,Standard,453.90
9544,Liam Singh,liam.singh.9544@inbox.net,United States,2020-10-12,Premium,828.46
9545,Priya Singh,priya.singh.9545@customer.co,Germany,2023-02-11,Premium,358.14
9546,Maria Smith,maria.smith.9546@inbox.net,United States,2022-11-14,Premium,204.10
9547,Aisha Garcia,aisha.garcia.9547@mail.example.com,Australia,2024-07-20,Standard,599.45
9548,Liam Martin,liam.martin.9548@customer.co,Australia,2025-04-14,Basic,420.98
9549,Lucas Rossi,lucas.rossi.9549@customer.co,Germany,2023-04-26,Standard,127.11
9550,Lucas Nguyen,lucas.nguyen.9550@mail.example.com,Australia,2020-03-18,Standard,288.50
9551,Mia Lee,mia.lee.9551@shopmail.io,United Kingdom,2022-04-11,Standard,516.30
9552,Chen Kim,chen.kim.9552@mail.example.com,Spain,2019-10-13,Premium,386.33
9553,Aisha Nguyen,aisha.nguyen.9553@shopmail.io,United Kingdom,2018-12-25,Premium,507.96
9554,Liam Rossi,liam.rossi.9554@inbox.net,Spain,2020-11-12,Standard,380.29
9555,Mia Wilson,mia.wilson.9555@mail.example.com,India,2019-08-29,Standard,531.25
9556,Arjun Garcia,arjun.garcia.9556@customer.co,Germany,2022-08-18,Standard,240.42
9557,Lucas Smith,lucas.smith.9557@mail.example.com,Germany,2024-12-30,Premium,1201.55
9558,Arjun Patel,arjun.patel.9558@shopmail.io,Spain,2020-10-11,Standard,68.42
9559,Isabella Rossi,isabella.rossi.9559@shopmail.io,India,2018-01-30,Standard,2399.22
9560,Lucas Garcia,lucas.garcia.9560@shopmail.io,Germany,2024-09-09,Standard,99.34
9561,Maria Singh,maria.singh.9561@customer.co,Australia,2021-06-08,Premium,160.36
9562,James Rossi,james.rossi.9562@inbox.net,Italy,2019-03-09,Premium,134.80
9563,Liam Taylor,liam.taylor.9563@shopmail.io,United States,2018-04-21,Premium,100.35
9564,Lucas Lee,lucas.lee.9564@customer.co,Australia,2022-08-28,Standard,84.58
9565,Isabella Dubois,isabella.dubois.9565@customer.co,Germany,2024-03-29,Basic,205.94
9566,Chen Kim,chen.kim.9566@shopmail.io,Netherlands,2019-06-30,Premium,168.11
9567,Lucas Khan,lucas.khan.9567@mail.example.com,Canada,2024-05-20,Premium,305.08
9568,Arjun Patel,arjun.patel.9568@inbox.net,United Kingdom,2024-09-12,Basic,149.51
9569,Noah Wilson,noah.wilson.9569@inbox.net,Spain,2022-09-10,Premium,162.38
9570,Chen Nguyen,chen.nguyen.9570@inbox.net,India,2025-06-29,Premium,109.27
9571,Ethan Smith,ethan.smith.9571@shopmail.io,United Kingdom,2018-03-03,Standard,257.87
9572,Aisha Wilson,aisha.wilson.9572@mail.example.com,Netherlands,2021-03-01,Standard,206.70
9573,Mia Rossi,mia.rossi.9573@shopmail.io,United States,2024-10-16,Basic,246.62
9574,Arjun Singh,arjun.singh.9574@shopmail.io,Netherlands,2023-10-01,Basic,365.91
9575,Olivia Taylor,olivia.taylor.9575@shopmail.io,India,2024-12-22,Basic,639.19
9576,Ethan Nguyen,ethan.nguyen.9576@customer.co,Canada,2019-08-07,Premium,418.82
9577,James Nguyen,james.nguyen.9577@inbox.net,United Kingdom,2019-08-17,Premium,208.18
9578,Olivia Singh,olivia.singh.9578@mail.example.com,United Kingdom,2020-03-15,Standard,697.26
9579,Noah Khan,noah.khan.9579@shopmail.io,United Kingdom,2021-02-06,Premium,167.30
9580,Chen Nguyen,chen.nguyen.9580@shopmail.io,Netherlands,2019-02-11,Standard,669.97
9581,Olivia Khan,olivia.khan.9581@inbox.net,Italy,2020-01-04,Standard,94.92
9582,Chen Rossi,chen.rossi.9582@customer.co,Netherlands,2025-02-23,Standard,156.03
9583,James Singh,james.singh.9583@customer.co,Italy,2018-08-19,Standard,438.64
9584,Sofia Kim,sofia.kim.9584@mail.example.com,Italy,2023-04-02,Premium,162.49
9585,Liam Wilson,liam.wilson.9585@mail.example.com,Netherlands,2018-01-07,Premium,413.15
9586,Mia Smith,mia.smith.9586@inbox.net,France,2021-08-30,Standard,485.39
9587,Maria Khan,maria.khan.9587@shopmail.io,France,2019-01-02,Premium,745.94
9588,Olivia Brown,olivia.brown.9588@customer.co,Italy,2018-09-27,Standard,1007.05
9589,Arjun Mueller,arjun.mueller.9589@inbox.net,India,2020-08-05,Standard,821.30
9590,Ethan Patel,ethan.patel.9590@mail.example.com,Spain,2018-01-03,Standard,272.32
9591,Mia Singh,mia.singh.9591@customer.co,United Kingdom,2021-01-19,Standard,424.67
9592,Priya Dubois,priya.dubois.9592@inbox.net,United States,2023-01-25,Premium,240.30
9593,Priya Dubois,priya.dubois.9593@customer.co,Australia,2018-03-16,Premium,484.33
9594,Emma Lee,emma.lee.9594@inbox.net,Spain,2018-04-19,Basic,127.84
9595,Liam Khan,liam.khan.9595@mail.example.com,United Kingdom,2025-01-24,Standard,385.56
9596,Aisha Taylor,aisha.taylor.9596@inbox.net,United Kingdom,2024-06-27,Basic,272.38
9597,Mia Wilson,mia.wilson.9597@mail.example.com,Netherlands,2018-08-14,Basic,160.42
9598,Lucas Nguyen,lucas.nguyen.9598@inbox.net,United Kingdom,2020-11-24,Standard,155.36
9599,Priya Singh,priya.singh.9599@shopmail.io,India,2024-09-06,Standard,212.97
9600,Liam Taylor,liam.taylor.9600@shopmail.io,Italy,2025-06-25,Premium,574.17
9601,Sofia Martin,sofia.martin.9601@mail.example.com,Australia,2021-04-04,Basic,177.27
9602,Sofia Kim,sofia.kim.9602@mail.example.com,India,2022-08-06,Premium,729.85
9603,Sofia Patel,sofia.patel.9603@customer.co,United States,2020-03-22,Standard,333.78
9604,Noah Lee,noah.lee.9604@shopmail.io,Italy,2024-01-25,Basic,578.73
9605,Arjun Patel,arjun.patel.9605@shopmail.io,France,2020-02-04,Standard,221.02
9606,Noah Garcia,noah.garcia.9606@customer.co,Netherlands,2019-06-15,Premium,273.43
9607,Ethan Patel,ethan.patel.9607@shopmail.io,United Kingdom,2024-08-07,Basic,188.50
9608,Olivia Khan,olivia.khan.9608@mail.example.com,Spain,2018-11-26,Premium,346.16
9609,Isabella Lee,isabella.lee.9609@shopmail.io,Canada,2019-06-12,Standard,709.00
9610,James Mueller,james.mueller.9610@shopmail.io,United States,2023-04-16,Standard,148.16
9611,Chen Singh,chen.singh.9611@customer.co,Italy,2024-11-17,Standard,345.48
9612,Liam Wilson,liam.wilson.9612@shopmail.io,India,2022-10-04,Basic,83.38
9613,Chen Dubois,chen.dubois.9613@inbox.net,Netherlands,2020-10-28,Basic,375.11
9614,James Taylor,james.taylor.9614@customer.co,Netherlands,2018-04-12,Standard,452.47
9615,Aisha Mueller,aisha.mueller.9615@customer.co,France,2021-01-11,Standard,633.90
9616,Maria Singh,maria.singh.9616@inbox.net,India,2023-05-02,Standard,192.34
9617,Ethan Rossi,ethan.rossi.9617@mail.example.com,Italy,2022-01-07,Standard,190.84
9618,Chen Smith,chen.smith.9618@shopmail.io,Canada,2023-07-09,Standard,261.10
9619,Emma Singh,emma.singh.9619@inbox.net,France,2025-01-06,Standard,181.25
9620,Isabella Kim,isabella.kim.9620@mail.example.com,United Kingdom,2019-12-26,Standard,91.09
9621,Olivia Smith,olivia.smith.9621@customer.co,Germany,2018-08-10,Basic,286.25
9622,Mia Singh,mia.singh.9622@inbox.net,Germany,2018-08-21,Standard,97.94
9623,Sofia Brown,sofia.brown.9623@mail.example.com,Netherlands,2022-03-04,Standard,433.42
9624,James Lee,james.lee.9624@shopmail.io,France,2023-11-03,Premium,845.21
9625,Olivia Martin,olivia.martin.9625@shopmail.io,Spain,2019-06-11,Basic,227.65
9626,Olivia Singh,olivia.singh.9626@mail.example.com,Netherlands,2019-09-11,Standard,438.93
9627,Aisha Nguyen,aisha.nguyen.9627@customer.co,United Kingdom,2020-02-19,Basic,291.17
9628,Noah Rossi,noah.rossi.9628@mail.example.com,United States,2020-01-06,Basic,98.99
9629,Aisha Wilson,aisha.wilson.9629@mail.example.com,France,2021-04-10,Basic,458.61
9630,Sofia Khan,sofia.khan.9630@shopmail.io,Germany,2023-08-27,Basic,181.47
9631,Ethan Rossi,ethan.rossi.9631@customer.co,Netherlands,2021-08-10,Standard,381.10
9632,Liam Martin,liam.martin.9632@mail.example.com,Italy,2024-04-07,Standard,396.05
9633,Maria Brown,maria.brown.9633@mail.example.com,United Kingdom,2019-09-29,Standard,589.57
9634,Olivia Patel,olivia.patel.9634@customer.co,United States,2019-03-16,Standard,237.21
9635,Isabella Patel,isabella.patel.9635@shopmail.io,France,2021-10-25,Standard,294.77
9636,Ethan Brown,ethan.brown.9636@shopmail.io,United States,2024-12-15,Basic,225.20
9637,Noah Dubois,noah.dubois.9637@inbox.net,Italy,2023-10-19,Premium,103.93
9638,Noah Taylor,noah.taylor.9638@inbox.net,Germany,2022-07-20,Basic,82.41
9639,James Rossi,james.rossi.9639@inbox.net,Canada,2022-02-27,Standard,356.06
9640,Aisha Singh,aisha.singh.9640@inbox.net,Spain,2019-11-09,Standard,438.73
9641,Noah Khan,noah.khan.9641@shopmail.io,Spain,2018-03-19,Basic,88.68
9642,Liam Patel,liam.patel.9642@shopmail.io,United States,2020-08-29,Standard,364.56
9643,Aisha Nguyen,aisha.nguyen.9643@inbox.net,United States,2018-05-19,Premium,755.06
9644,Chen Wilson,chen.wilson.9644@customer.co,Netherlands,2018-11-26,Standard,186.33
9645,James Brown,james.brown.9645@inbox.net,France,2018-11-01,Standard,802.39
9646,Emma Kim,emma.kim.9646@mail.example.com,United Kingdom,2018-05-05,Standard,50.24
9647,Ethan Mueller,ethan.mueller.9647@customer.co,United Kingdom,2020-10-18,Basic,726.91
9648,James Patel,james.patel.9648@mail.example.com,India,2020-03-31,Premium,448.10
9649,Liam Taylor,liam.taylor.9649@shopmail.io,Netherlands,2019-11-16,Premium,90.50
9650,Arjun Khan,arjun.khan.9650@inbox.net,Germany,2022-11-11,Basic,658.33
9651,Maria Wilson,maria.wilson.9651@shopmail.io,India,2019-04-06,Standard,260.51
9652,Lucas Garcia,lucas.garcia.9652@customer.co,Spain,2025-05-15,Basic,127.15
9653,Chen Mueller,chen.mueller.9653@mail.example.com,Spain,2021-09-21,Premium,255.00
9654,Emma Brown,emma.brown.9654@mail.example.com,India,2019-03-08,Basic,198.92
9655,Isabella Kim,isabella.kim.9655@customer.co,Australia,2019-12-25,Basic,37.07
9656,Sofia Brown,sofia.brown.9656@mail.example.com,Spain,2024-01-04,Standard,192.56
9657,James Brown,james.brown.9657@shopmail.io,United States,2021-11-15,Standard,555.12
9658,Liam Patel,liam.patel.9658@mail.example.com,Germany,2022-12-02,Standard,90.66
9659,Maria Brown,maria.brown.9659@customer.co,Spain,2018-08-29,Basic,91.03
9660,James Khan,james.khan.9660@mail.example.com,India,2018-05-20,Standard,63.65
9661,Arjun Garcia,arjun.garcia.9661@customer.co,Netherlands,2019-09-18,Standard,396.24
9662,Aisha Taylor,aisha.taylor.9662@customer.co,Spain,2024-05-27,Standard,36.84
9663,Mia Martin,mia.martin.9663@mail.example.com,Germany,2019-11-15,Basic,449.39
9664,Sofia Smith,sofia.smith.9664@inbox.net,Spain,2019-01-10,Standard,77.81
9665,Aisha Singh,aisha.singh.9665@inbox.net,United States,2024-05-14,Standard,182.85
9666,Ethan Nguyen,ethan.nguyen.9666@shopmail.io,India,2019-05-05,Premium,368.30
9667,Maria Smith,maria.smith.9667@inbox.net,India,2025-07-03,Standard,1301.09
9668,Lucas Khan,lucas.khan.9668@customer.co,France,2021-04-23,Basic,361.42
9669,James Nguyen,james.nguyen.9669@inbox.net,Spain,2019-02-18,Premium,48.56
9670,Arjun Rossi,arjun.rossi.9670@customer.co,Australia,2019-11-20,Standard,99.13
9671,Aisha Nguyen,aisha.nguyen.9671@customer.co,Australia,2018-01-13,Standard,252.77
9672,Sofia Wilson,sofia.wilson.9672@mail.example.com,Italy,2024-04-29,Standard,514.66
9673,Chen Garcia,chen.garcia.9673@inbox.net,India,2019-11-19,Standard,335.47
9674,Ethan Singh,ethan.singh.9674@shopmail.io,Australia,2021-01-29,Premium,375.08
9675,Isabella Nguyen,isabella.nguyen.9675@inbox.net,France,2021-05-16,Basic,308.70
9676,Olivia Martin,olivia.martin.9676@mail.example.com,United States,2019-09-26,Standard,564.74
9677,Aisha Lee,aisha.lee.9677@shopmail.io,Italy,2022-03-31,Basic,375.68
9678,Priya Singh,priya.singh.9678@inbox.net,United Kingdom,2024-06-04,Basic,755.77
9679,Olivia Garcia,olivia.garcia.9679@mail.example.com,India,2019-06-08,Basic,191.99
9680,James Rossi,james.rossi.9680@mail.example.com,United Kingdom,2025-06-08,Standard,131.11
9681,Aisha Smith,aisha.smith.9681@inbox.net,France,2020-10-08,Basic,419.27
9682,Ethan Taylor,ethan.taylor.9682@inbox.net,India,2023-12-14,Standard,257.25
9683,Noah Singh,noah.singh.9683@shopmail.io,Italy,2018-12-20,Standard,110.09
9684,Chen Garcia,chen.garcia.9684@customer.co,India,2024-05-28,Basic,351.10
9685,James Mueller,james.mueller.9685@customer.co,Canada,2020-11-19,Basic,80.26
9686,Lucas Khan,lucas.khan.9686@customer.co,Canada,2019-07-18,Basic,1376.77
9687,Priya Patel,priya.patel.9687@mail.example.com,Australia,2020-05-05,Basic,73.88
9688,Priya Wilson,priya.wilson.9688@customer.co,United Kingdom,2025-02-02,Premium,378.90
9689,Olivia Singh,olivia.singh.9689@customer.co,Canada,2022-10-20,Premium,87.38
9690,Liam Khan,liam.khan.9690@shopmail.io,Germany,2023-10-21,Basic,613.45
9691,Liam Smith,liam.smith.9691@inbox.net,Italy,2018-07-07,Basic,573.06
9692,Lucas Lee,lucas.lee.9692@shopmail.io,Australia,2023-09-06,Basic,157.99
9693,James Nguyen,james.nguyen.9693@shopmail.io,Netherlands,2022-01-03,Basic,118.96
9694,James Khan,james.khan.9694@shopmail.io,United Kingdom,2021-10-03,Premium,403.78
9695,Aisha Rossi,aisha.rossi.9695@inbox.net,Netherlands,2021-03-14,Standard,191.56
9696,Isabella Taylor,isabella.taylor.9696@inbox.net,Italy,2024-01-10,Basic,512.98
9697,Lucas Rossi,lucas.rossi.9697@mail.example.com,France,2024-08-23,Premium,335.76
9698,Aisha Singh,aisha.singh.9698@mail.example.com,France,2018-01-05,Standard,756.69
9699,Lucas Patel,lucas.patel.9699@customer.co,Netherlands,2018-10-14,Basic,288.37
9700,Olivia Patel,olivia.patel.9700@mail.example.com,India,2019-04-26,Standard,127.80
9701,Mia Brown,mia.brown.9701@customer.co,France,2022-08-30,Standard,656.97
9702,Maria Smith,maria.smith.9702@mail.example.com,Germany,2021-08-21,Standard,555.08
9703,Lucas Taylor,lucas.taylor.9703@mail.example.com,Netherlands,2023-05-26,Standard,606.60
9704,Aisha Khan,aisha.khan.9704@inbox.net,Spain,2018-10-18,Premium,264.92
9705,James Khan,james.khan.9705@mail.example.com,India,2025-06-02,Standard,69.90
9706,Lucas Taylor,lucas.taylor.9706@customer.co,Australia,2019-06-04,Basic,380.33
9707,Priya Nguyen,priya.nguyen.9707@inbox.net,Italy,2025-05-28,Standard,177.20
9708,James Nguyen,james.nguyen.9708@inbox.net,Italy,2019-01-19,Basic,649.90
9709,Maria Dubois,maria.dubois.9709@customer.co,Germany,2022-10-05,Standard,640.64
9710,Arjun Rossi,arjun.rossi.9710@inbox.net,Italy,2023-01-02,Basic,27.79
9711,Noah Taylor,noah.taylor.9711@shopmail.io,Spain,2019-05-03,Standard,76.92
9712,Noah Wilson,noah.wilson.9712@inbox.net,Italy,2025-03-16,Basic,61.32
9713,Noah Mueller,noah.mueller.9713@inbox.net,United States,2020-05-13,Standard,126.05
9714,Olivia Kim,olivia.kim.9714@inbox.net,Netherlands,2018-08-11,Standard,102.61
9715,Maria Taylor,maria.taylor.9715@mail.example.com,Spain,2020-01-11,Standard,251.50
9716,Isabella Mueller,isabella.mueller.9716@customer.co,France,2019-09-16,Basic,143.47
9717,James Patel,james.patel.9717@shopmail.io,Australia,2021-01-16,Basic,40.48
9718,James Kim,james.kim.9718@customer.co,Netherlands,2019-10-19,Standard,399.95
9719,Priya Singh,priya.singh.9719@customer.co,Netherlands,2020-08-08,Standard,159.04
9720,Arjun Nguyen,arjun.nguyen.9720@inbox.net,India,2018-09-11,Basic,710.49
9721,Emma Martin,emma.martin.9721@shopmail.io,Canada,2020-05-07,Basic,192.57
9722,Liam Martin,liam.martin.9722@shopmail.io,Canada,2023-11-29,Basic,708.99
9723,Sofia Mueller,sofia.mueller.9723@inbox.net,Italy,2023-11-14,Standard,122.06
9724,Arjun Smith,arjun.smith.9724@inbox.net,Italy,2023-04-15,Premium,451.09
9725,Priya Kim,priya.kim.9725@mail.example.com,United Kingdom,2022-12-04,Standard,67.46
9726,Arjun Dubois,arjun.dubois.9726@mail.example.com,United States,2024-11-23,Standard,663.65
9727,Sofia Rossi,sofia.rossi.9727@shopmail.io,Germany,2023-12-26,Premium,269.85
9728,Sofia Rossi,sofia.rossi.9728@customer.co,Australia,2019-04-22,Basic,165.74
9729,Maria Brown,maria.brown.9729@customer.co,United Kingdom,2020-06-06,Basic,484.20
9730,Olivia Garcia,olivia.garcia.9730@shopmail.io,India,2021-10-21,Basic,113.02
9731,Olivia Taylor,olivia.taylor.9731@mail.example.com,Australia,2019-09-08,Standard,633.26
9732,James Martin,james.martin.9732@customer.co,Germany,2022-04-06,Basic,263.72
9733,Arjun Lee,arjun.lee.9733@customer.co,United Kingdom,2021-12-23,Standard,415.45
9734,Olivia Brown,olivia.brown.9734@inbox.net,United Kingdom,2023-12-05,Standard,930.17
9735,Olivia Khan,olivia.khan.9735@mail.example.com,Netherlands,2022-05-26,Premium,371.28
9736,Noah Patel,noah.patel.9736@mail.example.com,India,2019-03-08,Basic,78.39
9737,Mia Taylor,mia.taylor.9737@shopmail.io,Germany,2018-02-04,Standard,138.35
9738,Maria Brown,maria.brown.9738@shopmail.io,India,2021-06-22,Standard,202.74
9739,Priya Singh,priya.singh.9739@customer.co,India,2024-02-05,Premium,357.26
9740,Liam Garcia,liam.garcia.9740@customer.co,France,2021-08-09,Basic,345.42
9741,Arjun Mueller,arjun.mueller.9741@customer.co,Germany,2022-06-10,Basic,637.20
9742,Mia Wilson,mia.wilson.9742@shopmail.io,Australia,2019-03-13,Standard,155.27
9743,Sofia Kim,sofia.kim.9743@shopmail.io,United States,2024-01-30,Premium,556.04
9744,James Mueller,james.mueller.9744@customer.co,Netherlands,2022-03-04,Standard,76.85
9745,Liam Martin,liam.martin.9745@mail.example.com,France,2021-11-13,Basic,222.31
9746,Ethan Nguyen,ethan.nguyen.9746@customer.co,Netherlands,2018-12-17,Premium,406.15
9747,Chen Singh,chen.singh.9747@inbox.net,Spain,2020-04-03,Premium,127.91
9748,Arjun Kim,arjun.kim.9748@inbox.net,India,2018-10-12,Standard,93.74
9749,Aisha Nguyen,aisha.nguyen.9749@inbox.net,United Kingdom,2025-05-22,Standard,689.89
9750,Emma Singh,emma.singh.9750@customer.co,United Kingdom,2023-01-29,Basic,112.32
9751,Chen Lee,chen.lee.9751@shopmail.io,France,2019-04-17,Standard,304.62
9752,Maria Rossi,maria.rossi.9752@customer.co,United States,2022-02-17,Standard,216.47
9753,Chen Lee,chen.lee.9753@inbox.net,United States,2025-02-02,Standard,202.30
9754,Sofia Brown,sofia.brown.9754@mail.example.com,United States,2023-09-24,Standard,153.86
9755,Olivia Rossi,olivia.rossi.9755@inbox.net,Australia,2018-01-13,Standard,119.07
9756,Isabella Khan,isabella.khan.9756@shopmail.io,Germany,2024-10-07,Standard,86.65
9757,Olivia Dubois,olivia.dubois.9757@customer.co,France,2023-09-16,Premium,423.18
9758,Noah Nguyen,noah.nguyen.9758@customer.co,Spain,2020-12-23,Basic,122.26
9759,Chen Smith,chen.smith.9759@customer.co,India,2019-10-04,Standard,113.60
9760,Isabella Smith,isabella.smith.9760@inbox.net,Italy,2023-04-03,Standard,456.88
9761,Chen Singh,chen.singh.9761@shopmail.io,United Kingdom,2019-03-17,Premium,115.89
9762,Priya Taylor,priya.taylor.9762@shopmail.io,Italy,2020-06-28,Premium,703.10
9763,Arjun Wilson,arjun.wilson.9763@customer.co,Netherlands,2019-12-06,Standard,227.31
9764,Ethan Smith,ethan.smith.9764@mail.example.com,Australia,2022-02-08,Standard,111.38
9765,Noah Lee,noah.lee.9765@inbox.net,India,2018-10-26,Basic,193.32
9766,James Singh,james.singh.9766@inbox.net,India,2025-01-25,Basic,518.78
9767,Sofia Lee,sofia.lee.9767@mail.example.com,Australia,2018-03-13,Basic,603.06
9768,Mia Garcia,mia.garcia.9768@shopmail.io,India,2023-11-06,Standard,276.04
9769,Arjun Garcia,arjun.garcia.9769@customer.co,Australia,2025-04-12,Standard,318.24
9770,Arjun Khan,arjun.khan.9770@shopmail.io,Canada,2021-05-29,Premium,185.40
9771,Aisha Garcia,aisha.garcia.9771@mail.example.com,France,2018-02-02,Basic,223.55
9772,Chen Lee,chen.lee.9772@mail.example.com,United States,2018-02-19,Standard,133.87
9773,Liam Nguyen,liam.nguyen.9773@shopmail.io,Germany,2023-08-10,Standard,151.77
9774,Lucas Dubois,lucas.dubois.9774@inbox.net,Germany,2023-06-06,Basic,628.56
9775,Chen Mueller,chen.mueller.9775@shopmail.io,United States,2020-12-23,Basic,112.15
9776,Arjun Dubois,arjun.dubois.9776@inbox.net,India,2019-08-20,Standard,363.00
9777,Priya Taylor,priya.taylor.9777@customer.co,Spain,2021-03-26,Basic,171.59
9778,Olivia Garcia,olivia.garcia.9778@inbox.net,Australia,2022-02-17,Basic,646.80
9779,Ethan Taylor,ethan.taylor.9779@customer.co,United Kingdom,2020-09-01,Standard,1036.85
9780,Mia Smith,mia.smith.9780@inbox.net,United Kingdom,2018-08-06,Premium,890.60
9781,Noah Garcia,noah.garcia.9781@inbox.net,Italy,2020-05-22,Standard,694.46
9782,Isabella Patel,isabella.patel.9782@customer.co,India,2025-07-22,Standard,336.87
9783,Liam Rossi,liam.rossi.9783@customer.co,India,2022-08-26,Standard,151.97
9784,James Garcia,james.garcia.9784@customer.co,Australia,2018-11-22,Standard,239.11
9785,Mia Kim,mia.kim.9785@shopmail.io,Netherlands,2020-07-13,Basic,277.63
9786,Liam Martin,liam.martin.9786@customer.co,Italy,2021-05-07,Standard,157.51
9787,Maria Khan,maria.khan.9787@customer.co,Canada,2024-07-08,Standard,333.58
9788,Priya Nguyen,priya.nguyen.9788@customer.co,Canada,2024-12-09,Standard,628.65
9789,Liam Patel,liam.patel.9789@mail.example.com,Australia,2025-06-21,Standard,227.60
9790,James Garcia,james.garcia.9790@customer.co,Spain,2024-09-13,Premium,392.23
9791,Emma Brown,emma.brown.9791@mail.example.com,Canada,2024-09-05,Standard,74.22
9792,James Wilson,james.wilson.9792@customer.co,Netherlands,2021-02-15,Standard,191.41
9793,Olivia Khan,olivia.khan.9793@mail.example.com,Spain,2025-06-12,Basic,368.93
9794,James Wilson,james.wilson.9794@shopmail.io,Germany,2020-11-10,Basic,174.78
9795,Ethan Smith,ethan.smith.9795@inbox.net,Canada,2024-10-02,Basic,75.93
9796,Emma Taylor,emma.taylor.9796@mail.example.com,Australia,2021-10-14,Standard,182.37
9797,Maria Nguyen,maria.nguyen.9797@shopmail.io,Netherlands,2019-07-27,Standard,471.11
9798,Ethan Rossi,ethan.rossi.9798@mail.example.com,United Kingdom,2022-07-17,Standard,123.06
9799,James Mueller,james.mueller.9799@inbox.net,Australia,2024-12-31,Premium,210.00
9800,Ethan Lee,ethan.lee.9800@customer.co,India,2025-01-15,Basic,219.98
9801,Olivia Dubois,olivia.dubois.9801@inbox.net,United States,2022-02-28,Standard,464.81
9802,James Lee,james.lee.9802@inbox.net,Australia,2020-03-17,Basic,518.34
9803,Lucas Rossi,lucas.rossi.9803@mail.example.com,Spain,2023-12-05,Basic,932.17
9804,Isabella Lee,isabella.lee.9804@mail.example.com,Australia,2021-02-22,Basic,444.26
9805,Olivia Wilson,olivia.wilson.9805@shopmail.io,Australia,2023-11-10,Standard,275.94
9806,James Nguyen,james.nguyen.9806@shopmail.io,United States,2021-07-27,Standard,115.93
9807,Liam Wilson,liam.wilson.9807@mail.example.com,Netherlands,2020-07-24,Premium,85.80
9808,Isabella Dubois,isabella.dubois.9808@inbox.net,Canada,2020-10-18,Standard,294.61
9809,Lucas Khan,lucas.khan.9809@customer.co,Spain,2022-01-28,Standard,392.60
9810,James Singh,james.singh.9810@shopmail.io,Germany,2020-07-22,Premium,74.24
9811,Sofia Martin,sofia.martin.9811@mail.example.com,Australia,2023-08-10,Standard,95.30
9812,Lucas Martin,lucas.martin.9812@shopmail.io,United States,2019-04-10,Premium,254.02
9813,Priya Patel,priya.patel.9813@customer.co,Spain,2023-09-04,Basic,165.65
9814,Mia Brown,mia.brown.9814@mail.example.com,Germany,2025-03-17,Standard,106.90
9815,Chen Nguyen,chen.nguyen.9815@mail.example.com,United Kingdom,2024-11-27,Premium,57.19
9816,Olivia Taylor,olivia.taylor.9816@inbox.net,Italy,2023-07-07,Standard,76.17
9817,Mia Brown,mia.brown.9817@mail.example.com,Spain,2020-05-15,Basic,161.18
9818,Isabella Smith,isabella.smith.9818@customer.co,United States,2018-02-05,Basic,418.31
9819,Lucas Martin,lucas.martin.9819@shopmail.io,Canada,2021-07-19,Standard,466.28
9820,Emma Brown,emma.brown.9820@inbox.net,Italy,2019-09-27,Basic,160.25
9821,Noah Martin,noah.martin.9821@mail.example.com,India,2025-04-24,Basic,575.14
9822,Isabella Martin,isabella.martin.9822@inbox.net,India,2022-05-29,Basic,169.32
9823,Priya Lee,priya.lee.9823@mail.example.com,Spain,2024-02-02,Standard,218.32
9824,Chen Rossi,chen.rossi.9824@inbox.net,India,2024-02-03,Basic,247.93
9825,Lucas Wilson,lucas.wilson.9825@customer.co,United Kingdom,2022-06-02,Premium,149.67
9826,Noah Dubois,noah.dubois.9826@customer.co,Australia,2019-12-10,Premium,216.52
9827,Liam Smith,liam.smith.9827@shopmail.io,United Kingdom,2020-12-22,Basic,189.25
9828,Chen Patel,chen.patel.9828@shopmail.io,Spain,2018-05-13,Standard,489.69
9829,Arjun Kim,arjun.kim.9829@customer.co,Canada,2018-02-04,Premium,97.77
9830,Chen Singh,chen.singh.9830@mail.example.com,Netherlands,2024-11-01,Basic,272.18
9831,Arjun Smith,arjun.smith.9831@inbox.net,United Kingdom,2025-08-11,Standard,341.08
9832,Lucas Kim,lucas.kim.9832@customer.co,Germany,2024-10-29,Standard,46.97
9833,Sofia Wilson,sofia.wilson.9833@shopmail.io,United States,2019-03-27,Standard,68.53
9834,Aisha Martin,aisha.martin.9834@inbox.net,Spain,2021-10-17,Basic,863.20
9835,Sofia Khan,sofia.khan.9835@mail.example.com,United Kingdom,2023-05-05,Standard,171.42
9836,Mia Singh,mia.singh.9836@shopmail.io,Spain,2019-04-06,Basic,262.82
9837,Arjun Smith,arjun.smith.9837@mail.example.com,France,2018-08-12,Standard,4971.72
9838,Noah Mueller,noah.mueller.9838@mail.example.com,Germany,2018-12-05,Basic,87.01
9839,Liam Rossi,liam.rossi.9839@shopmail.io,Canada,2018-01-05,Premium,77.69
9840,Maria Smith,maria.smith.9840@mail.example.com,Germany,2019-05-15,Standard,350.07
9841,Isabella Smith,isabella.smith.9841@mail.example.com,India,2018-01-06,Standard,1016.34
9842,Arjun Taylor,arjun.taylor.9842@mail.example.com,France,2022-03-12,Standard,247.81
9843,Mia Kim,mia.kim.9843@mail.example.com,United Kingdom,2023-10-03,Basic,415.68
9844,Arjun Khan,arjun.khan.9844@shopmail.io,France,2018-12-05,Standard,231.93
9845,Emma Nguyen,emma.nguyen.9845@shopmail.io,United Kingdom,2019-04-12,Standard,86.62
9846,Sofia Rossi,sofia.rossi.9846@customer.co,Canada,2024-08-31,Basic,674.33
9847,Priya Patel,priya.patel.9847@customer.co,Australia,2023-07-16,Basic,230.29
9848,Noah Kim,noah.kim.9848@customer.co,France,2019-04-01,Standard,447.32
9849,Mia Brown,mia.brown.9849@inbox.net,France,2024-06-08,Standard,478.67
9850,Aisha Dubois,aisha.dubois.9850@inbox.net,Canada,2019-02-02,Premium,80.30
9851,Priya Garcia,priya.garcia.9851@shopmail.io,Netherlands,2023-05-21,Standard,506.98
9852,Mia Rossi,mia.rossi.9852@customer.co,France,2018-12-07,Basic,472.37
9853,Emma Lee,emma.lee.9853@inbox.net,Germany,2019-02-07,Premium,94.88
9854,Arjun Lee,arjun.lee.9854@inbox.net,Germany,2024-01-21,Basic,484.11
9855,Isabella Singh,isabella.singh.9855@mail.example.com,United States,2025-01-08,Standard,112.75
9856,Aisha Patel,aisha.patel.9856@customer.co,Spain,2020-08-02,Basic,630.98
9857,Noah Brown,noah.brown.9857@mail.example.com,Spain,2020-05-11,Premium,134.32
9858,Chen Khan,chen.khan.9858@customer.co,Germany,2019-10-02,Standard,100.67
9859,Aisha Dubois,aisha.dubois.9859@shopmail.io,United Kingdom,2021-10-18,Basic,344.01
9860,Ethan Martin,ethan.martin.9860@customer.co,United States,2025-05-06,Basic,197.09
9861,Emma Khan,emma.khan.9861@mail.example.com,United States,2024-04-03,Standard,391.84
9862,Ethan Patel,ethan.patel.9862@customer.co,United States,2018-06-20,Standard,246.34
9863,Mia Smith,mia.smith.9863@mail.example.com,United Kingdom,2020-06-25,Standard,291.50
9864,Chen Dubois,chen.dubois.9864@mail.example.com,France,2020-07-17,Premium,178.39
9865,Emma Mueller,emma.mueller.9865@shopmail.io,India,2024-07-10,Standard,211.25
9866,Arjun Smith,arjun.smith.9866@inbox.net,Italy,2020-10-17,Standard,546.29
9867,Lucas Mueller,lucas.mueller.9867@inbox.net,Italy,2018-01-10,Basic,494.32
9868,Priya Rossi,priya.rossi.9868@mail.example.com,Canada,2021-01-03,Premium,467.53
9869,Arjun Brown,arjun.brown.9869@mail.example.com,Italy,2020-10-31,Premium,239.90
9870,Ethan Garcia,ethan.garcia.9870@shopmail.io,United States,2019-12-27,Standard,437.17
9871,Emma Wilson,emma.wilson.9871@mail.example.com,Australia,2021-08-16,Standard,312.83
9872,Isabella Smith,isabella.smith.9872@mail.example.com,United Kingdom,2019-03-04,Premium,547.47
9873,Mia Patel,mia.patel.9873@customer.co,United Kingdom,2019-07-17,Standard,221.49
9874,Priya Patel,priya.patel.9874@customer.co,Germany,2020-10-05,Premium,43.23
9875,Noah Nguyen,noah.nguyen.9875@customer.co,Spain,2020-12-20,Standard,755.79
9876,Ethan Patel,ethan.patel.9876@customer.co,Germany,2021-06-04,Premium,273.34
9877,Ethan Patel,ethan.patel.9877@inbox.net,United Kingdom,2023-09-09,Standard,285.26
9878,Ethan Mueller,ethan.mueller.9878@customer.co,Canada,2022-12-08,Basic,76.95
9879,Aisha Wilson,aisha.wilson.9879@mail.example.com,United Kingdom,2022-10-11,Standard,288.16
9880,Maria Garcia,maria.garcia.9880@mail.example.com,United Kingdom,2021-08-05,Basic,147.89
9881,Arjun Wilson,arjun.wilson.9881@shopmail.io,France,2019-08-17,Premium,80.45
9882,Isabella Khan,isabella.khan.9882@inbox.net,Netherlands,2021-07-20,Premium,239.81
9883,Aisha Smith,aisha.smith.9883@customer.co,Australia,2023-01-10,Premium,149.04
9884,Lucas Smith,lucas.smith.9884@mail.example.com,Germany,2022-12-19,Basic,42.66
9885,Arjun Martin,arjun.martin.9885@mail.example.com,Spain,2019-06-05,Standard,453.55
9886,Liam Khan,liam.khan.9886@shopmail.io,Canada,2019-11-24,Basic,85.43
9887,James Smith,james.smith.9887@shopmail.io,Italy,2023-04-02,Standard,275.50
9888,Ethan Martin,ethan.martin.9888@shopmail.io,France,2020-05-07,Standard,205.93
9889,Maria Kim,maria.kim.9889@shopmail.io,Netherlands,2021-01-29,Premium,212.39
9890,Maria Dubois,maria.dubois.9890@shopmail.io,Italy,2023-04-03,Basic,189.47
9891,Emma Dubois,emma.dubois.9891@inbox.net,Italy,2020-06-21,Basic,317.42
9892,Mia Wilson,mia.wilson.9892@inbox.net,Spain,2020-02-04,Standard,577.05
9893,James Singh,james.singh.9893@shopmail.io,United States,2023-08-05,Basic,292.01
9894,Sofia Singh,sofia.singh.9894@inbox.net,Canada,2023-12-21,Premium,1415.06
9895,Priya Kim,priya.kim.9895@mail.example.com,France,2023-06-17,Basic,105.17
9896,Noah Kim,noah.kim.9896@inbox.net,Netherlands,2020-10-31,Standard,392.84
9897,Aisha Patel,aisha.patel.9897@customer.co,Italy,2022-09-10,Basic,271.75
9898,Emma Kim,emma.kim.9898@shopmail.io,United Kingdom,2023-05-17,Basic,340.81
9899,Isabella Taylor,isabella.taylor.9899@inbox.net,Canada,2023-03-05,Standard,328.37
9900,Mia Martin,mia.martin.9900@mail.example.com,Australia,2023-04-03,Standard,85.35
9901,Lucas Martin,lucas.martin.9901@inbox.net,United Kingdom,2025-06-06,Standard,716.63
9902,Liam Khan,liam.khan.9902@shopmail.io,Spain,2019-11-24,Premium,532.89
9903,James Rossi,james.rossi.9903@shopmail.io,France,2025-07-23,Standard,419.74
9904,Sofia Wilson,sofia.wilson.9904@mail.example.com,France,2025-03-22,Standard,168.60
9905,Chen Martin,chen.martin.9905@inbox.net,France,2019-11-04,Standard,769.26
9906,Sofia Rossi,sofia.rossi.9906@shopmail.io,Italy,2021-02-27,Basic,57.18
9907,Emma Nguyen,emma.nguyen.9907@shopmail.io,Spain,2018-06-28,Standard,152.39
9908,Isabella Dubois,isabella.dubois.9908@customer.co,Australia,2018-10-29,Basic,366.44
9909,Emma Singh,emma.singh.9909@customer.co,Canada,2023-08-21,Standard,418.00
9910,Ethan Mueller,ethan.mueller.9910@shopmail.io,India,2019-06-02,Standard,342.37
9911,Mia Kim,mia.kim.9911@shopmail.io,Netherlands,2021-03-07,Standard,434.74
9912,Lucas Smith,lucas.smith.9912@customer.co,Germany,2018-10-02,Standard,278.16
9913,Sofia Wilson,sofia.wilson.9913@customer.co,India,2022-05-31,Standard,85.66
9914,Sofia Mueller,sofia.mueller.9914@inbox.net,Italy,2020-06-08,Standard,886.68
9915,James Martin,james.martin.9915@customer.co,Germany,2019-07-01,Standard,192.10
9916,Lucas Dubois,lucas.dubois.9916@mail.example.com,France,2018-03-30,Standard,119.99
9917,Sofia Garcia,sofia.garcia.9917@mail.example.com,Italy,2025-04-02,Premium,491.00
9918,Maria Martin,maria.martin.9918@shopmail.io,Australia,2021-04-30,Basic,75.54
9919,Olivia Rossi,olivia.rossi.9919@mail.example.com,United Kingdom,2020-12-22,Premium,1183.22
9920,Lucas Smith,lucas.smith.9920@mail.example.com,India,2023-06-29,Basic,107.05
9921,Mia Kim,mia.kim.9921@inbox.net,United States,2021-04-11,Standard,75.01
9922,Ethan Wilson,ethan.wilson.9922@shopmail.io,Germany,2023-05-01,Standard,46.63
9923,Emma Smith,emma.smith.9923@inbox.net,Australia,2019-07-16,Standard,112.86
9924,Sofia Singh,sofia.singh.9924@inbox.net,Canada,2020-10-20,Standard,132.44
9925,Emma Dubois,emma.dubois.9925@inbox.net,Australia,2019-07-18,Standard,241.14
9926,Sofia Mueller,sofia.mueller.9926@customer.co,Italy,2021-09-25,Premium,597.30
9927,Ethan Taylor,ethan.taylor.9927@customer.co,Italy,2021-04-18,Basic,535.03
9928,Priya Nguyen,priya.nguyen.9928@customer.co,Canada,2024-04-24,Basic,1854.57
9929,Ethan Smith,ethan.smith.9929@mail.example.com,Canada,2019-04-07,Standard,451.63
9930,Mia Smith,mia.smith.9930@inbox.net,Germany,2022-03-20,Premium,320.47
9931,Ethan Lee,ethan.lee.9931@shopmail.io,Italy,2019-06-04,Premium,224.42
9932,Arjun Brown,arjun.brown.9932@mail.example.com,Spain,2020-03-31,Basic,864.12
9933,Isabella Singh,isabella.singh.9933@shopmail.io,United Kingdom,2020-01-30,Basic,137.03
9934,Isabella Khan,isabella.khan.9934@inbox.net,United States,2023-07-23,Standard,801.79
9935,Sofia Patel,sofia.patel.9935@inbox.net,Canada,2018-09-03,Standard,345.98
9936,James Garcia,james.garcia.9936@inbox.net,United States,2023-01-31,Standard,227.19
9937,Aisha Khan,aisha.khan.9937@mail.example.com,Canada,2023-05-05,Premium,827.56
9938,Olivia Taylor,olivia.taylor.9938@inbox.net,United Kingdom,2020-01-29,Premium,170.58
9939,Mia Taylor,mia.taylor.9939@inbox.net,Germany,2022-12-15,Standard,67.35
9940,Priya Khan,priya.khan.9940@inbox.net,United States,2023-12-22,Standard,678.34
9941,Olivia Singh,olivia.singh.9941@inbox.net,France,2018-03-13,Premium,443.76
9942,Isabella Garcia,isabella.garcia.9942@inbox.net,Italy,2020-11-17,Standard,1198.08
9943,Mia Kim,mia.kim.9943@customer.co,France,2022-05-15,Basic,628.29
9944,Sofia Rossi,sofia.rossi.9944@customer.co,Canada,2025-08-28,Standard,86.66
9945,Chen Garcia,chen.garcia.9945@inbox.net,Germany,2024-07-23,Standard,52.88
9946,Priya Brown,priya.brown.9946@mail.example.com,Australia,2019-06-16,Standard,318.62
9947,Ethan Martin,ethan.martin.9947@inbox.net,United States,2023-09-14,Standard,289.24
9948,Olivia Nguyen,olivia.nguyen.9948@shopmail.io,India,2020-12-28,Basic,300.73
9949,Ethan Khan,ethan.khan.9949@customer.co,United Kingdom,2020-01-22,Standard,293.52
9950,Sofia Dubois,sofia.dubois.9950@shopmail.io,United States,2020-03-18,Standard,103.31
9951,Liam Nguyen,liam.nguyen.9951@customer.co,France,2018-06-21,Standard,1580.71
9952,Olivia Rossi,olivia.rossi.9952@inbox.net,India,2021-04-28,Basic,61.60
9953,Emma Wilson,emma.wilson.9953@mail.example.com,Italy,2024-05-28,Standard,117.82
9954,Noah Patel,noah.patel.9954@mail.example.com,India,2024-09-08,Standard,556.34
9955,Sofia Singh,sofia.singh.9955@mail.example.com,Germany,2025-05-23,Standard,232.60
9956,Priya Taylor,priya.taylor.9956@shopmail.io,Canada,2021-06-26,Standard,150.34
9957,James Wilson,james.wilson.9957@mail.example.com,Netherlands,2018-11-25,Standard,40.91
9958,Emma Patel,emma.patel.9958@mail.example.com,France,2019-05-07,Basic,266.40
9959,Emma Garcia,emma.garcia.9959@mail.example.com,United States,2018-07-07,Standard,359.24
9960,Isabella Patel,isabella.patel.9960@inbox.net,Canada,2024-12-18,Standard,830.51
9961,Sofia Smith,sofia.smith.9961@customer.co,Netherlands,2023-01-13,Standard,133.40
9962,Aisha Brown,aisha.brown.9962@shopmail.io,Germany,2022-05-08,Standard,116.58
9963,Ethan Nguyen,ethan.nguyen.9963@inbox.net,United Kingdom,2024-04-02,Standard,1168.29
9964,James Garcia,james.garcia.9964@customer.co,France,2023-05-01,Standard,132.16
9965,Emma Wilson,emma.wilson.9965@mail.example.com,Spain,2021-11-07,Premium,80.42
9966,Mia Patel,mia.patel.9966@inbox.net,Germany,2018-03-15,Basic,174.57
9967,Liam Taylor,liam.taylor.9967@mail.example.com,Spain,2019-09-01,Basic,109.63
9968,James Khan,james.khan.9968@customer.co,United States,2022-08-28,Standard,524.02
9969,Arjun Dubois,arjun.dubois.9969@mail.example.com,Canada,2025-03-25,Standard,317.60
9970,Lucas Mueller,lucas.mueller.9970@inbox.net,France,2018-12-04,Standard,357.91
9971,Liam Brown,liam.brown.9971@inbox.net,Italy,2021-10-16,Basic,177.20
9972,Sofia Kim,sofia.kim.9972@mail.example.com,Germany,2021-03-24,Standard,541.46
9973,Arjun Brown,arjun.brown.9973@mail.example.com,Netherlands,2024-01-16,Standard,268.27
9974,Arjun Taylor,arjun.taylor.9974@shopmail.io,Italy,2019-11-13,Standard,229.55
9975,Mia Garcia,mia.garcia.9975@mail.example.com,Germany,2019-04-27,Premium,64.46
9976,Arjun Nguyen,arjun.nguyen.9976@customer.co,United Kingdom,2023-02-18,Basic,64.80
9977,Lucas Martin,lucas.martin.9977@shopmail.io,Australia,2023-01-08,Basic,271.48
9978,Maria Singh,maria.singh.9978@inbox.net,Canada,2019-03-24,Standard,102.89
9979,Ethan Singh,ethan.singh.9979@mail.example.com,Canada,2024-06-26,Standard,70.21
9980,Lucas Taylor,lucas.taylor.9980@customer.co,Canada,2022-03-11,Standard,563.19
9981,Emma Lee,emma.lee.9981@inbox.net,India,2025-08-05,Basic,759.93
9982,Aisha Patel,aisha.patel.9982@mail.example.com,Italy,2019-12-07,Basic,126.67
9983,Ethan Rossi,ethan.rossi.9983@customer.co,Netherlands,2025-06-20,Basic,49.29
9984,Olivia Smith,olivia.smith.9984@inbox.net,Netherlands,2019-04-17,Basic,92.52
9985,Sofia Wilson,sofia.wilson.9985@customer.co,India,2023-10-21,Standard,197.75
9986,Olivia Lee,olivia.lee.9986@inbox.net,France,2020-12-14,Premium,58.95
9987,Olivia Lee,olivia.lee.9987@mail.example.com,Australia,2023-07-10,Premium,103.62
9988,Aisha Garcia,aisha.garcia.9988@customer.co,India,2019-09-15,Basic,307.68
9989,Priya Nguyen,priya.nguyen.9989@shopmail.io,Netherlands,2018-04-10,Basic,223.54
9990,Ethan Khan,ethan.khan.9990@customer.co,Australia,2024-01-27,Premium,167.90
1,Maria Garcia,maria.garcia.1@mail.example.com,France,2021-09-04,Basic,98.50
2,Chen Patel,chen.patel.2@mail.example.com,Canada,2020-12-01,Basic,709.63
3,Arjun Garcia,arjun.garcia.3@shopmail.io,United Kingdom,2023-03-08,Premium,192.57
4,Maria Khan,maria.khan.4@shopmail.io,India,2022-03-05,Basic,401.74
5,Priya Lee,priya.lee.5@mail.example.com,United States,2018-09-22,Basic,61.60
6,Aisha Dubois,aisha.dubois.6@customer.co,United Kingdom,2018-06-24,Standard,390.52
7,Emma Smith,emma.smith.7@inbox.net,Netherlands,2018-05-01,Premium,432.10
8,Noah Lee,noah.lee.8@customer.co,Canada,2023-01-01,Standard,27.49
9,Mia Garcia,mia.garcia.9@customer.co,Netherlands,2022-08-15,Premium,303.95
10,Mia Taylor,mia.taylor.10@inbox.net,France,2025-03-17,Standard,97.80
